mandi_name,price_date,modal_price,rolling_7d_price,rolling_7d_arrivals,obs_in_window,pct_vs_7d_trend
Bhusaval APMC,2024-06-01,1800.0,1800.0,9.0,1,0.0
Bhusaval APMC,2024-06-02,1600.0,1700.0,12.0,2,-5.9
Bhusaval APMC,2024-06-05,1500.0,1633.0,13.0,3,-8.2
Bhusaval APMC,2024-06-07,1600.0,1625.0,13.0,4,-1.5
Bhusaval APMC,2024-06-08,2200.0,1740.0,11.0,5,26.4
Bhusaval APMC,2024-06-09,1800.0,1750.0,16.0,6,2.9
Bhusaval APMC,2024-06-11,1800.0,1757.0,17.0,7,2.4
Bhusaval APMC,2024-06-12,2200.0,1814.0,17.0,7,21.3
Bhusaval APMC,2024-06-13,2200.0,1900.0,17.0,7,15.8
Bhusaval APMC,2024-06-14,2500.0,2043.0,16.0,7,22.4
Bhusaval APMC,2024-06-15,2400.0,2157.0,15.0,7,11.3
Bhusaval APMC,2024-06-16,2400.0,2186.0,17.0,7,9.8
Bhusaval APMC,2024-06-18,2500.0,2286.0,11.0,7,9.4
Bhusaval APMC,2024-06-19,3000.0,2457.0,9.0,7,22.1
Bhusaval APMC,2024-06-20,2500.0,2500.0,9.0,7,0.0
Bhusaval APMC,2024-06-21,3000.0,2614.0,8.0,7,14.8
Bhusaval APMC,2024-06-22,2800.0,2657.0,8.0,7,5.4
Bhusaval APMC,2024-06-23,2500.0,2671.0,10.0,7,-6.4
Bhusaval APMC,2024-06-25,2500.0,2686.0,9.0,7,-6.9
Bhusaval APMC,2024-06-26,2500.0,2686.0,9.0,7,-6.9
Bhusaval APMC,2024-06-27,2200.0,2571.0,9.0,7,-14.4
Bhusaval APMC,2024-06-28,2500.0,2571.0,8.0,7,-2.8
Bhusaval APMC,2024-06-29,2500.0,2500.0,8.0,7,0.0
Bhusaval APMC,2024-06-30,2600.0,2471.0,8.0,7,5.2
Bhusaval APMC,2024-07-02,2800.0,2514.0,6.0,7,11.4
Bhusaval APMC,2024-07-03,2800.0,2557.0,5.0,7,9.5
Bhusaval APMC,2024-07-04,2500.0,2557.0,6.0,7,-2.2
Bhusaval APMC,2024-07-05,2600.0,2614.0,6.0,7,-0.5
Bhusaval APMC,2024-07-06,2900.0,2671.0,7.0,7,8.6
Bhusaval APMC,2024-07-07,2700.0,2700.0,8.0,7,0.0
Bhusaval APMC,2024-07-09,2500.0,2686.0,7.0,7,-6.9
Bhusaval APMC,2024-07-10,2500.0,2643.0,8.0,7,-5.4
Bhusaval APMC,2024-07-11,2500.0,2600.0,9.0,7,-3.8
Bhusaval APMC,2024-07-12,2200.0,2557.0,8.0,7,-14.0
Bhusaval APMC,2024-07-13,2600.0,2557.0,8.0,7,1.7
Bhusaval APMC,2024-07-14,2200.0,2457.0,8.0,7,-10.5
Bhusaval APMC,2024-07-16,2500.0,2429.0,7.0,7,2.9
Bhusaval APMC,2024-07-17,3000.0,2500.0,7.0,7,20.0
Bhusaval APMC,2024-07-18,3000.0,2571.0,6.0,7,16.7
Bhusaval APMC,2024-07-19,2200.0,2529.0,6.0,7,-13.0
Bhusaval APMC,2024-07-20,2700.0,2600.0,6.0,7,3.8
Bhusaval APMC,2024-07-21,2500.0,2586.0,7.0,7,-3.3
Bhusaval APMC,2024-07-23,2500.0,2629.0,6.0,7,-4.9
Bhusaval APMC,2024-07-24,2500.0,2629.0,7.0,7,-4.9
Bhusaval APMC,2024-07-25,3000.0,2629.0,7.0,7,14.1
Bhusaval APMC,2024-07-26,2500.0,2557.0,8.0,7,-2.2
Bhusaval APMC,2024-07-27,3000.0,2671.0,7.0,7,12.3
Bhusaval APMC,2024-07-28,2800.0,2686.0,8.0,7,4.3
Bhusaval APMC,2024-07-30,2200.0,2643.0,6.0,7,-16.8
Bhusaval APMC,2024-07-31,2500.0,2643.0,6.0,7,-5.4
Bhusaval APMC,2024-09-01,3300.0,2757.0,7.0,7,19.7
Bhusaval APMC,2024-09-03,3500.0,2829.0,7.0,7,23.7
Bhusaval APMC,2024-09-04,3500.0,2971.0,6.0,7,17.8
Bhusaval APMC,2024-09-05,3500.0,3043.0,6.0,7,15.0
Bhusaval APMC,2024-09-06,3500.0,3143.0,5.0,7,11.4
Bhusaval APMC,2024-09-07,3500.0,3329.0,5.0,7,5.2
Bhusaval APMC,2024-09-14,4000.0,3543.0,5.0,7,12.9
Bhusaval APMC,2024-09-15,4000.0,3643.0,4.0,7,9.8
Bhusaval APMC,2024-09-18,3500.0,3643.0,6.0,7,-3.9
Bhusaval APMC,2024-09-19,3500.0,3643.0,5.0,7,-3.9
Bhusaval APMC,2024-09-20,4000.0,3714.0,5.0,7,7.7
Bhusaval APMC,2024-09-21,3500.0,3714.0,5.0,7,-5.8
Bhusaval APMC,2024-09-22,3500.0,3714.0,6.0,7,-5.8
Bhusaval APMC,2024-09-25,4000.0,3714.0,5.0,7,7.7
Bhusaval APMC,2024-09-26,4000.0,3714.0,5.0,7,7.7
Bhusaval APMC,2024-09-27,4000.0,3786.0,3.0,7,5.7
Bhusaval APMC,2024-09-28,3500.0,3786.0,5.0,7,-7.5
Bhusaval APMC,2024-09-29,4200.0,3814.0,5.0,7,10.1
Bhusaval APMC,2024-10-01,3800.0,3857.0,6.0,7,-1.5
Bhusaval APMC,2024-10-02,4200.0,3957.0,5.0,7,6.1
Bhusaval APMC,2024-10-03,4000.0,3957.0,6.0,7,1.1
Bhusaval APMC,2024-10-04,4000.0,3957.0,6.0,7,1.1
Bhusaval APMC,2024-10-05,4000.0,3957.0,6.0,7,1.1
Bhusaval APMC,2024-10-06,4200.0,4057.0,5.0,7,3.5
Bhusaval APMC,2024-10-09,4000.0,4029.0,5.0,7,-0.7
Bhusaval APMC,2024-10-10,4000.0,4057.0,4.0,7,-1.4
Bhusaval APMC,2024-10-11,4000.0,4029.0,3.0,7,-0.7
Bhusaval APMC,2024-10-12,4000.0,4029.0,3.0,7,-0.7
Bhusaval APMC,2024-10-15,2500.0,3814.0,6.0,7,-34.5
Bhusaval APMC,2024-10-16,3000.0,3671.0,6.0,7,-18.3
Bhusaval APMC,2024-10-17,2500.0,3429.0,7.0,7,-27.1
Bhusaval APMC,2024-10-18,2800.0,3257.0,8.0,7,-14.0
Bhusaval APMC,2024-10-19,3500.0,3186.0,8.0,7,9.9
Bhusaval APMC,2024-10-20,3500.0,3114.0,9.0,7,12.4
Bhusaval APMC,2024-10-22,3500.0,3043.0,10.0,7,15.0
Bhusaval APMC,2024-10-23,4000.0,3257.0,6.0,7,22.8
Bhusaval APMC,2024-10-24,3500.0,3329.0,7.0,7,5.2
Bhusaval APMC,2024-10-25,3500.0,3471.0,6.0,7,0.8
Bhusaval APMC,2024-10-26,3000.0,3500.0,6.0,7,-14.3
Bhusaval APMC,2024-10-27,3000.0,3429.0,8.0,7,-12.5
Bhusaval APMC,2024-10-29,3300.0,3400.0,8.0,7,-2.9
Bhusaval APMC,2024-10-30,3300.0,3371.0,9.0,7,-2.1
Bhusaval APMC,2024-10-31,3300.0,3271.0,10.0,7,0.9
Bhusaval APMC,2024-11-02,3200.0,3229.0,10.0,7,-0.9
Bhusaval APMC,2024-11-03,2800.0,3129.0,12.0,7,-10.5
Bhusaval APMC,2024-11-05,3300.0,3171.0,12.0,7,4.1
Bhusaval APMC,2024-11-06,3500.0,3243.0,10.0,7,7.9
Bhusaval APMC,2024-11-07,3300.0,3243.0,11.0,7,1.8
Bhusaval APMC,2024-11-08,3000.0,3200.0,10.0,7,-6.3
Bhusaval APMC,2024-11-09,3300.0,3200.0,9.0,7,3.1
Bhusaval APMC,2024-11-10,3500.0,3243.0,12.0,7,7.9
Bhusaval APMC,2024-11-12,3500.0,3343.0,10.0,7,4.7
Bhusaval APMC,2024-11-13,3500.0,3371.0,10.0,7,3.8
Bhusaval APMC,2024-11-14,3500.0,3371.0,11.0,7,3.8
Bhusaval APMC,2024-11-15,3000.0,3329.0,10.0,7,-9.9
Bhusaval APMC,2024-11-16,3000.0,3329.0,10.0,7,-9.9
Bhusaval APMC,2024-11-17,3200.0,3314.0,12.0,7,-3.4
Bhusaval APMC,2024-11-19,3000.0,3243.0,10.0,7,-7.5
Bhusaval APMC,2024-11-21,2500.0,3100.0,11.0,7,-19.4
Bhusaval APMC,2024-11-22,3000.0,3029.0,10.0,7,-0.9
Bhusaval APMC,2024-11-23,3000.0,2957.0,10.0,7,1.4
Bhusaval APMC,2024-11-24,2400.0,2871.0,11.0,7,-16.4
Bhusaval APMC,2024-11-26,2500.0,2800.0,12.0,7,-10.7
Bhusaval APMC,2024-11-27,2500.0,2700.0,11.0,7,-7.4
Bhusaval APMC,2024-11-28,4000.0,2843.0,10.0,7,40.7
Bhusaval APMC,2024-12-03,3800.0,3029.0,11.0,7,25.5
Bhusaval APMC,2024-12-04,3500.0,3100.0,13.0,7,12.9
Bhusaval APMC,2024-12-05,3500.0,3171.0,14.0,7,10.4
Bhusaval APMC,2024-12-06,3300.0,3300.0,14.0,7,0.0
Bhusaval APMC,2024-12-07,3500.0,3443.0,12.0,7,1.7
Bhusaval APMC,2024-12-08,2800.0,3486.0,13.0,7,-19.7
Bhusaval APMC,2024-12-10,3500.0,3414.0,13.0,7,2.5
Bhusaval APMC,2024-12-11,3500.0,3371.0,12.0,7,3.8
Bhusaval APMC,2024-12-12,3500.0,3371.0,9.0,7,3.8
Bhusaval APMC,2024-12-13,3300.0,3343.0,11.0,7,-1.3
Bhusaval APMC,2024-12-14,3300.0,3343.0,11.0,7,-1.3
Bhusaval APMC,2024-12-17,2500.0,3200.0,14.0,7,-21.9
Bhusaval APMC,2024-12-18,2500.0,3157.0,15.0,7,-20.8
Bhusaval APMC,2024-12-19,2500.0,3014.0,15.0,7,-17.1
Bhusaval APMC,2024-12-20,2500.0,2871.0,16.0,7,-12.9
Bhusaval APMC,2024-12-21,2000.0,2657.0,19.0,7,-24.7
Bhusaval APMC,2024-12-22,2200.0,2500.0,18.0,7,-12.0
Bhusaval APMC,2024-12-24,2200.0,2343.0,19.0,7,-6.1
Bhusaval APMC,2024-12-25,2200.0,2300.0,17.0,7,-4.3
Bhusaval APMC,2024-12-26,2200.0,2257.0,16.0,7,-2.5
Bhusaval APMC,2024-12-27,2200.0,2214.0,16.0,7,-0.6
Bhusaval APMC,2024-12-28,2500.0,2214.0,14.0,7,12.9
Bhusaval APMC,2024-12-29,2500.0,2286.0,12.0,7,9.4
Bhusaval APMC,2024-12-31,2200.0,2286.0,12.0,7,-3.8
Bhusaval APMC,2025-01-01,2000.0,2257.0,11.0,7,-11.4
Bhusaval APMC,2025-01-03,2200.0,2257.0,10.0,7,-2.5
Bhusaval APMC,2025-01-04,2200.0,2257.0,10.0,7,-2.5
Bhusaval APMC,2025-01-05,2200.0,2257.0,15.0,7,-2.5
Bhusaval APMC,2025-01-07,2200.0,2214.0,16.0,7,-0.6
Bhusaval APMC,2025-01-08,2000.0,2143.0,16.0,7,-6.7
Bhusaval APMC,2025-01-09,1000.0,1971.0,22.0,7,-49.3
Bhusaval APMC,2025-01-10,1500.0,1900.0,24.0,7,-21.1
Bhusaval APMC,2025-01-11,1200.0,1757.0,28.0,7,-31.7
Bhusaval APMC,2025-01-12,1200.0,1614.0,32.0,7,-25.7
Bhusaval APMC,2025-01-14,1000.0,1443.0,32.0,7,-30.7
Bhusaval APMC,2025-01-15,1200.0,1300.0,32.0,7,-7.7
Bhusaval APMC,2025-01-16,1500.0,1229.0,34.0,7,22.1
Bhusaval APMC,2025-01-17,1500.0,1300.0,28.0,7,15.4
Bhusaval APMC,2025-01-18,1200.0,1257.0,28.0,7,-4.5
Bhusaval APMC,2025-01-19,1500.0,1300.0,25.0,7,15.4
Bhusaval APMC,2025-01-21,1500.0,1343.0,21.0,7,11.7
Bhusaval APMC,2025-01-22,1800.0,1457.0,16.0,7,23.5
Bhusaval APMC,2025-01-23,2000.0,1571.0,17.0,7,27.3
Bhusaval APMC,2025-01-24,1800.0,1614.0,16.0,7,11.5
Bhusaval APMC,2025-01-25,2200.0,1714.0,16.0,7,28.3
Bhusaval APMC,2025-01-26,2500.0,1900.0,17.0,7,31.6
Bhusaval APMC,2025-01-28,2200.0,2000.0,16.0,7,10.0
Bhusaval APMC,2025-01-29,2200.0,2100.0,18.0,7,4.8
Bhusaval APMC,2025-01-30,2200.0,2157.0,19.0,7,2.0
Bhusaval APMC,2025-01-31,2000.0,2157.0,18.0,7,-7.3
Bhusaval APMC,2025-02-01,1600.0,2129.0,17.0,7,-24.8
Bhusaval APMC,2025-02-02,2000.0,2100.0,18.0,7,-4.8
Bhusaval APMC,2025-02-04,1800.0,2000.0,15.0,7,-10.0
Bhusaval APMC,2025-02-05,1600.0,1914.0,15.0,7,-16.4
Bhusaval APMC,2025-02-06,1800.0,1857.0,13.0,7,-3.1
Bhusaval APMC,2025-02-07,2200.0,1857.0,13.0,7,18.5
Bhusaval APMC,2025-02-08,2000.0,1857.0,13.0,7,7.7
Bhusaval APMC,2025-02-13,2200.0,1943.0,13.0,7,13.2
Bhusaval APMC,2025-02-14,2200.0,1971.0,11.0,7,11.6
Bhusaval APMC,2025-02-15,2200.0,2029.0,12.0,7,8.5
Bhusaval APMC,2025-02-16,2300.0,2129.0,13.0,7,8.1
Bhusaval APMC,2025-02-18,2500.0,2229.0,15.0,7,12.2
Bhusaval APMC,2025-02-19,2500.0,2271.0,15.0,7,10.1
Bhusaval APMC,2025-02-20,2600.0,2357.0,15.0,7,10.3
Bhusaval APMC,2025-02-21,2200.0,2357.0,15.0,7,-6.7
Bhusaval APMC,2025-02-22,2500.0,2400.0,16.0,7,4.2
Bhusaval APMC,2025-02-23,2100.0,2386.0,18.0,7,-12.0
Bhusaval APMC,2025-02-25,2000.0,2343.0,17.0,7,-14.6
Bhusaval APMC,2025-02-26,2200.0,2300.0,14.0,7,-4.3
Bhusaval APMC,2025-02-27,1800.0,2200.0,15.0,7,-18.2
Bhusaval APMC,2025-02-28,2200.0,2143.0,15.0,7,2.7
Bhusaval APMC,2025-03-01,2200.0,2143.0,15.0,7,2.7
Bhusaval APMC,2025-03-02,2300.0,2114.0,18.0,7,8.8
Bhusaval APMC,2025-03-05,2200.0,2129.0,16.0,7,3.4
Bhusaval APMC,2025-03-06,2200.0,2157.0,16.0,7,2.0
Bhusaval APMC,2025-03-07,2000.0,2129.0,17.0,7,-6.0
Bhusaval APMC,2025-03-08,1800.0,2129.0,18.0,7,-15.4
Bhusaval APMC,2025-03-09,2000.0,2100.0,22.0,7,-4.8
Bhusaval APMC,2025-03-11,2000.0,2071.0,29.0,7,-3.4
Bhusaval APMC,2025-03-12,1800.0,2000.0,30.0,7,-10.0
Bhusaval APMC,2025-03-13,1500.0,1900.0,32.0,7,-21.1
Bhusaval APMC,2025-03-15,1200.0,1757.0,35.0,7,-31.7
Bhusaval APMC,2025-03-16,1800.0,1729.0,44.0,7,4.1
Bhusaval APMC,2025-03-18,1200.0,1643.0,51.0,7,-27.0
Bhusaval APMC,2025-03-19,1200.0,1529.0,47.0,7,-21.5
Bhusaval APMC,2025-03-20,1200.0,1414.0,43.0,7,-15.2
Bhusaval APMC,2025-03-21,1300.0,1343.0,44.0,7,-3.2
Bhusaval APMC,2025-03-22,1300.0,1314.0,43.0,7,-1.1
Bhusaval APMC,2025-03-23,1200.0,1314.0,46.0,7,-8.7
Bhusaval APMC,2025-03-25,1200.0,1229.0,39.0,7,-2.3
Bhusaval APMC,2025-03-26,1200.0,1229.0,30.0,7,-2.3
Bhusaval APMC,2025-03-27,1200.0,1229.0,30.0,7,-2.3
Bhusaval APMC,2025-03-28,1200.0,1229.0,30.0,7,-2.3
Bhusaval APMC,2025-03-29,1200.0,1214.0,30.0,7,-1.2
Bhusaval APMC,2025-03-30,1200.0,1200.0,35.0,7,0.0
Bhusaval APMC,2025-04-01,1200.0,1200.0,35.0,7,0.0
Bhusaval APMC,2025-04-02,1300.0,1214.0,34.0,7,7.1
Bhusaval APMC,2025-04-03,1200.0,1214.0,37.0,7,-1.2
Bhusaval APMC,2025-04-04,1200.0,1214.0,37.0,7,-1.2
Bhusaval APMC,2025-04-06,1100.0,1200.0,41.0,7,-8.3
Bhusaval APMC,2025-04-08,1200.0,1200.0,45.0,7,0.0
Bhusaval APMC,2025-04-09,1300.0,1214.0,44.0,7,7.1
Bhusaval APMC,2025-04-10,1200.0,1214.0,42.0,7,-1.2
Bhusaval APMC,2025-04-11,1400.0,1229.0,46.0,7,14.0
Bhusaval APMC,2025-04-12,1200.0,1229.0,49.0,7,-2.3
Bhusaval APMC,2025-04-13,1200.0,1229.0,58.0,7,-2.3
Bhusaval APMC,2025-04-15,1200.0,1243.0,61.0,7,-3.4
Bhusaval APMC,2025-04-16,1200.0,1243.0,56.0,7,-3.4
Bhusaval APMC,2025-04-17,1200.0,1229.0,59.0,7,-2.3
Bhusaval APMC,2025-04-18,1200.0,1229.0,61.0,7,-2.3
Bhusaval APMC,2025-04-19,1200.0,1200.0,60.0,7,0.0
Bhusaval APMC,2025-04-20,1300.0,1214.0,62.0,7,7.1
Bhusaval APMC,2025-04-22,1200.0,1214.0,58.0,7,-1.2
Bhusaval APMC,2025-04-23,1200.0,1214.0,61.0,7,-1.2
Bhusaval APMC,2025-04-24,1200.0,1214.0,61.0,7,-1.2
Bhusaval APMC,2025-04-25,1000.0,1186.0,68.0,7,-15.7
Bhusaval APMC,2025-04-26,1200.0,1186.0,67.0,7,1.2
Bhusaval APMC,2025-04-27,1300.0,1200.0,77.0,7,8.3
Bhusaval APMC,2025-04-29,1200.0,1186.0,83.0,7,1.2
Bhusaval APMC,2025-04-30,1300.0,1200.0,80.0,7,8.3
Bhusaval APMC,2025-05-01,1200.0,1200.0,70.0,7,0.0
Bhusaval APMC,2025-05-02,1300.0,1214.0,68.0,7,7.1
Bhusaval APMC,2025-05-03,1200.0,1243.0,64.0,7,-3.4
Bhusaval APMC,2025-05-04,1200.0,1243.0,72.0,7,-3.4
Bhusaval APMC,2025-05-06,1000.0,1200.0,68.0,7,-16.7
Bhusaval APMC,2025-05-07,1000.0,1171.0,56.0,7,-14.6
Bhusaval APMC,2025-05-08,1000.0,1129.0,55.0,7,-11.4
Bhusaval APMC,2025-05-09,1000.0,1100.0,63.0,7,-9.1
Bhusaval APMC,2025-05-10,1000.0,1057.0,71.0,7,-5.4
Bhusaval APMC,2025-05-11,1300.0,1071.0,66.0,7,21.3
Bhusaval APMC,2025-05-13,1000.0,1043.0,77.0,7,-4.1
Bhusaval APMC,2025-05-15,1200.0,1071.0,72.0,7,12.0
Bhusaval APMC,2025-05-16,1300.0,1114.0,79.0,7,16.7
Bhusaval APMC,2025-05-17,1000.0,1114.0,80.0,7,-10.3
Bhusaval APMC,2025-05-18,1200.0,1143.0,82.0,7,5.0
Bhusaval APMC,2025-05-20,1000.0,1143.0,79.0,7,-12.5
Bhusaval APMC,2025-05-21,1000.0,1100.0,82.0,7,-9.1
Bhusaval APMC,2025-05-22,1000.0,1100.0,60.0,7,-9.1
Bhusaval APMC,2025-05-23,1100.0,1086.0,57.0,7,1.3
Bhusaval APMC,2025-05-24,1000.0,1043.0,50.0,7,-4.1
Bhusaval APMC,2025-05-25,1200.0,1071.0,57.0,7,12.0
Bhusaval APMC,2025-05-27,1000.0,1043.0,55.0,7,-4.1
Bhusaval APMC,2025-05-28,1000.0,1043.0,45.0,7,-4.1
Bhusaval APMC,2025-05-29,1000.0,1043.0,42.0,7,-4.1
Bhusaval APMC,2025-05-30,1200.0,1071.0,39.0,7,12.0
Bhusaval APMC,2025-05-31,1000.0,1057.0,40.0,7,-5.4
Bhusaval APMC,2025-06-01,1200.0,1086.0,44.0,7,10.5
Bhusaval APMC,2025-06-03,1000.0,1057.0,42.0,7,-5.4
Bhusaval APMC,2025-06-04,1200.0,1086.0,42.0,7,10.5
Bhusaval APMC,2025-06-05,1100.0,1100.0,44.0,7,0.0
Bhusaval APMC,2025-06-06,1200.0,1129.0,46.0,7,6.3
Bhusaval APMC,2025-06-07,1000.0,1100.0,47.0,7,-9.1
Bhusaval APMC,2025-06-09,1200.0,1129.0,44.0,7,6.3
Bhusaval APMC,2025-06-10,1200.0,1129.0,42.0,7,6.3
Bhusaval APMC,2025-06-11,1200.0,1157.0,35.0,7,3.7
Bhusaval APMC,2025-06-12,1200.0,1157.0,28.0,7,3.7
Bhusaval APMC,2025-06-13,1200.0,1171.0,25.0,7,2.4
Bhusaval APMC,2025-06-14,1000.0,1143.0,20.0,7,-12.5
Bhusaval APMC,2025-06-15,1000.0,1143.0,19.0,7,-12.5
Bhusaval APMC,2025-06-17,1000.0,1114.0,19.0,7,-10.3
Bhusaval APMC,2025-06-18,1000.0,1086.0,17.0,7,-7.9
Bhusaval APMC,2025-06-19,1000.0,1057.0,17.0,7,-5.4
Bhusaval APMC,2025-06-20,1000.0,1029.0,17.0,7,-2.8
Bhusaval APMC,2025-06-21,1000.0,1000.0,19.0,7,0.0
Bhusaval APMC,2025-06-22,1200.0,1029.0,25.0,7,16.7
Bhusaval APMC,2025-06-24,1000.0,1029.0,25.0,7,-2.8
Bhusaval APMC,2025-06-25,1200.0,1057.0,24.0,7,13.5
Bhusaval APMC,2025-06-26,1200.0,1086.0,20.0,7,10.5
Bhusaval APMC,2025-06-27,1200.0,1114.0,19.0,7,7.7
Bhusaval APMC,2025-06-28,1000.0,1114.0,20.0,7,-10.3
Bhusaval APMC,2025-06-29,1000.0,1114.0,24.0,7,-10.3
Bhusaval APMC,2025-07-01,1000.0,1086.0,19.0,7,-7.9
Bhusaval APMC,2025-07-03,800.0,1057.0,21.0,7,-24.3
Bhusaval APMC,2025-07-04,800.0,1000.0,21.0,7,-20.0
Bhusaval APMC,2025-07-05,1500.0,1043.0,20.0,7,43.8
Bhusaval APMC,2025-07-06,1000.0,1014.0,21.0,7,-1.4
Bhusaval APMC,2025-07-08,1000.0,1014.0,22.0,7,-1.4
Bhusaval APMC,2025-07-09,1000.0,1014.0,17.0,7,-1.4
Bhusaval APMC,2025-07-10,1000.0,1014.0,18.0,7,-1.4
Bhusaval APMC,2025-07-11,1000.0,1043.0,15.0,7,-4.1
Bhusaval APMC,2025-07-12,900.0,1057.0,15.0,7,-14.9
Bhusaval APMC,2025-07-13,1000.0,986.0,22.0,7,1.4
Bhusaval APMC,2025-07-15,1000.0,986.0,23.0,7,1.4
Bhusaval APMC,2025-07-16,1000.0,986.0,26.0,7,1.4
Bhusaval APMC,2025-07-17,1000.0,986.0,26.0,7,1.4
Bhusaval APMC,2025-07-18,1000.0,986.0,28.0,7,1.4
Bhusaval APMC,2025-07-19,1000.0,986.0,27.0,7,1.4
Bhusaval APMC,2025-07-20,1000.0,1000.0,35.0,7,0.0
Bhusaval APMC,2025-07-22,1000.0,1000.0,31.0,7,0.0
Bhusaval APMC,2025-07-23,1200.0,1029.0,28.0,7,16.7
Bhusaval APMC,2025-07-24,1000.0,1029.0,22.0,7,-2.8
Bhusaval APMC,2025-07-25,1500.0,1100.0,20.0,7,36.4
Bhusaval APMC,2025-07-27,1000.0,1100.0,21.0,7,-9.1
Bhusaval APMC,2025-07-29,1000.0,1100.0,19.0,7,-9.1
Bhusaval APMC,2025-07-30,1000.0,1100.0,11.0,7,-9.1
Bhusaval APMC,2025-07-31,1000.0,1100.0,10.0,7,-9.1
Bhusaval APMC,2025-08-01,1000.0,1071.0,12.0,7,-6.7
Bhusaval APMC,2025-08-02,1000.0,1071.0,13.0,7,-6.7
Bhusaval APMC,2025-08-04,1000.0,1000.0,19.0,7,0.0
Bhusaval APMC,2025-08-05,1000.0,1000.0,18.0,7,0.0
Bhusaval APMC,2025-08-06,1000.0,1000.0,22.0,7,0.0
Bhusaval APMC,2025-08-07,1000.0,1000.0,23.0,7,0.0
Bhusaval APMC,2025-08-08,1000.0,1000.0,23.0,7,0.0
Bhusaval APMC,2025-08-10,1000.0,1000.0,22.0,7,0.0
Bhusaval APMC,2025-08-12,1000.0,1000.0,23.0,7,0.0
Bhusaval APMC,2025-08-13,1200.0,1029.0,17.0,7,16.7
Bhusaval APMC,2025-08-14,1100.0,1043.0,16.0,7,5.5
Bhusaval APMC,2025-08-15,900.0,1029.0,14.0,7,-12.5
Bhusaval APMC,2025-08-16,1000.0,1029.0,13.0,7,-2.8
Bhusaval APMC,2025-08-17,1000.0,1029.0,14.0,7,-2.8
Bhusaval APMC,2025-08-19,1200.0,1057.0,13.0,7,13.5
Bhusaval APMC,2025-08-20,1100.0,1071.0,14.0,7,2.7
Bhusaval APMC,2025-08-21,1200.0,1071.0,16.0,7,12.0
Bhusaval APMC,2025-08-22,1200.0,1086.0,16.0,7,10.5
Bhusaval APMC,2025-08-23,1300.0,1143.0,13.0,7,13.7
Bhusaval APMC,2025-08-24,1200.0,1171.0,16.0,7,2.4
Bhusaval APMC,2025-08-26,1300.0,1214.0,15.0,7,7.1
Bhusaval APMC,2025-08-28,1000.0,1186.0,16.0,7,-15.7
Bhusaval APMC,2025-08-29,1000.0,1171.0,14.0,7,-14.6
Bhusaval APMC,2025-08-30,1000.0,1143.0,13.0,7,-12.5
Bhusaval APMC,2025-08-31,1000.0,1114.0,16.0,7,-10.3
Bhusaval APMC,2025-09-02,1000.0,1071.0,19.0,7,-6.7
Bhusaval APMC,2025-09-03,1000.0,1043.0,18.0,7,-4.1
Bhusaval APMC,2025-09-04,1000.0,1000.0,18.0,7,0.0
Bhusaval APMC,2025-09-05,1000.0,1000.0,17.0,7,0.0
Bhusaval APMC,2025-09-07,1000.0,1000.0,20.0,7,0.0
Bhusaval APMC,2025-09-09,1000.0,1000.0,21.0,7,0.0
Bhusaval APMC,2025-09-10,1100.0,1014.0,20.0,7,8.5
Bhusaval APMC,2025-09-11,800.0,986.0,23.0,7,-18.8
Bhusaval APMC,2025-09-12,900.0,971.0,22.0,7,-7.4
Bhusaval APMC,2025-09-13,1000.0,971.0,22.0,7,2.9
Bhusaval APMC,2025-09-14,800.0,943.0,28.0,7,-15.2
Bhusaval APMC,2025-09-16,800.0,914.0,28.0,7,-12.5
Bhusaval APMC,2025-09-17,800.0,886.0,29.0,7,-9.7
Bhusaval APMC,2025-09-18,800.0,843.0,28.0,7,-5.1
Bhusaval APMC,2025-09-19,800.0,843.0,24.0,7,-5.1
Bhusaval APMC,2025-09-20,1000.0,857.0,25.0,7,16.7
Bhusaval APMC,2025-09-21,1000.0,857.0,29.0,7,16.7
Bhusaval APMC,2025-09-23,1000.0,886.0,24.0,7,12.9
Bhusaval APMC,2025-09-24,1000.0,914.0,22.0,7,9.4
Bhusaval APMC,2025-09-25,800.0,914.0,22.0,7,-12.5
Bhusaval APMC,2025-09-26,800.0,914.0,25.0,7,-12.5
Bhusaval APMC,2025-09-27,1000.0,943.0,24.0,7,6.1
Bhusaval APMC,2025-09-28,900.0,929.0,26.0,7,-3.1
Bhusaval APMC,2025-09-30,1000.0,929.0,23.0,7,7.7
Bhusaval APMC,2025-10-01,1000.0,929.0,21.0,7,7.7
Bhusaval APMC,2025-10-02,1000.0,929.0,21.0,7,7.7
Bhusaval APMC,2025-10-04,1000.0,957.0,20.0,7,4.5
Bhusaval APMC,2025-10-07,1000.0,986.0,17.0,7,1.4
Bhusaval APMC,2025-10-08,1000.0,986.0,18.0,7,1.4
Bhusaval APMC,2025-10-09,1000.0,1000.0,20.0,7,0.0
Bhusaval APMC,2025-10-10,1000.0,1000.0,19.0,7,0.0
Bhusaval APMC,2025-10-12,1200.0,1029.0,22.0,7,16.7
Bhusaval APMC,2025-10-14,1200.0,1057.0,23.0,7,13.5
Bhusaval APMC,2025-10-15,1200.0,1086.0,24.0,7,10.5
Bhusaval APMC,2025-10-16,800.0,1057.0,26.0,7,-24.3
Bhusaval APMC,2025-10-17,800.0,1029.0,33.0,7,-22.2
Bhusaval APMC,2025-10-18,800.0,1000.0,27.0,7,-20.0
Bhusaval APMC,2025-10-19,900.0,986.0,34.0,7,-8.7
Bhusaval APMC,2025-10-20,1000.0,957.0,32.0,7,4.5
Bhusaval APMC,2025-10-21,1000.0,929.0,29.0,7,7.7
Bhusaval APMC,2025-10-23,1000.0,900.0,25.0,7,11.1
Bhusaval APMC,2025-10-26,900.0,914.0,26.0,7,-1.6
Bhusaval APMC,2025-10-28,800.0,914.0,18.0,7,-12.5
Bhusaval APMC,2025-10-29,1000.0,943.0,21.0,7,6.1
Bhusaval APMC,2025-10-30,900.0,943.0,16.0,7,-4.5
Bhusaval APMC,2025-10-31,900.0,929.0,18.0,7,-3.1
Bhusaval APMC,2025-11-01,1000.0,929.0,18.0,7,7.7
Bhusaval APMC,2025-11-02,800.0,900.0,23.0,7,-11.1
Bhusaval APMC,2025-11-04,1200.0,943.0,20.0,7,27.3
Bhusaval APMC,2025-11-05,1000.0,971.0,20.0,7,2.9
Bhusaval APMC,2025-11-06,1100.0,986.0,18.0,7,11.6
Bhusaval APMC,2025-11-07,1000.0,1000.0,18.0,7,0.0
Bhusaval APMC,2025-11-08,1300.0,1057.0,16.0,7,23.0
Bhusaval APMC,2025-11-09,1200.0,1086.0,19.0,7,10.5
Bhusaval APMC,2025-11-11,1200.0,1143.0,17.0,7,5.0
Bhusaval APMC,2025-11-12,1400.0,1171.0,17.0,7,19.5
Bhusaval APMC,2025-11-13,1200.0,1200.0,22.0,7,0.0
Bhusaval APMC,2025-11-14,1200.0,1214.0,25.0,7,-1.2
Bhusaval APMC,2025-11-15,1200.0,1243.0,24.0,7,-3.4
Bhusaval APMC,2025-11-16,1200.0,1229.0,30.0,7,-2.3
Bhusaval APMC,2025-11-18,1200.0,1229.0,30.0,7,-2.3
Bhusaval APMC,2025-11-19,1200.0,1229.0,33.0,7,-2.3
Bhusaval APMC,2025-11-20,1200.0,1200.0,33.0,7,0.0
Bhusaval APMC,2025-11-21,1200.0,1200.0,31.0,7,0.0
Bhusaval APMC,2025-11-22,1500.0,1243.0,26.0,7,20.7
Bhusaval APMC,2025-11-23,1200.0,1243.0,28.0,7,-3.4
Bhusaval APMC,2025-11-25,1200.0,1243.0,25.0,7,-3.4
Bhusaval APMC,2025-11-26,1200.0,1243.0,23.0,7,-3.4
Bhusaval APMC,2025-11-27,1500.0,1286.0,18.0,7,16.7
Bhusaval APMC,2025-11-28,1200.0,1286.0,25.0,7,-6.7
Bhusaval APMC,2025-11-29,1200.0,1286.0,22.0,7,-6.7
Bhusaval APMC,2025-11-30,1000.0,1214.0,25.0,7,-17.6
Bhusaval APMC,2025-12-03,1000.0,1186.0,22.0,7,-15.7
Bhusaval APMC,2025-12-04,1000.0,1157.0,27.0,7,-13.6
Bhusaval APMC,2025-12-05,1000.0,1129.0,27.0,7,-11.4
Bhusaval APMC,2025-12-06,1000.0,1057.0,32.0,7,-5.4
Bhusaval APMC,2025-12-07,1200.0,1057.0,29.0,7,13.5
Bhusaval APMC,2025-12-09,1200.0,1057.0,34.0,7,13.5
Bhusaval APMC,2025-12-10,1200.0,1086.0,34.0,7,10.5
Bhusaval APMC,2025-12-11,1200.0,1114.0,35.0,7,7.7
Bhusaval APMC,2025-12-12,800.0,1086.0,32.0,7,-26.3
Bhusaval APMC,2025-12-13,800.0,1057.0,36.0,7,-24.3
Bhusaval APMC,2025-12-14,800.0,1029.0,42.0,7,-22.2
Bhusaval APMC,2025-12-16,800.0,971.0,42.0,7,-17.6
Bhusaval APMC,2025-12-17,1200.0,971.0,40.0,7,23.5
Bhusaval APMC,2025-12-18,1000.0,943.0,43.0,7,6.1
Bhusaval APMC,2025-12-19,1200.0,943.0,48.0,7,27.3
Bhusaval APMC,2025-12-20,1000.0,971.0,46.0,7,2.9
Bhusaval APMC,2025-12-23,800.0,971.0,55.0,7,-17.6
Bhusaval APMC,2025-12-24,800.0,971.0,50.0,7,-17.6
Bhusaval APMC,2025-12-25,800.0,971.0,49.0,7,-17.6
Bhusaval APMC,2025-12-26,900.0,929.0,51.0,7,-3.1
Bhusaval APMC,2025-12-27,800.0,900.0,48.0,7,-11.1
Bhusaval APMC,2025-12-28,800.0,843.0,50.0,7,-5.1
Bhusaval APMC,2025-12-30,800.0,814.0,54.0,7,-1.8
Bhusaval APMC,2025-12-31,800.0,814.0,45.0,7,-1.8
Bhusaval APMC,2026-01-01,1000.0,843.0,39.0,7,18.6
Bhusaval APMC,2026-01-02,800.0,843.0,40.0,7,-5.1
Bhusaval APMC,2026-01-03,800.0,829.0,38.0,7,-3.4
Bhusaval APMC,2026-01-04,800.0,829.0,52.0,7,-3.4
Bhusaval APMC,2026-01-06,800.0,829.0,44.0,7,-3.4
Bhusaval APMC,2026-01-07,1200.0,886.0,39.0,7,35.5
Bhusaval APMC,2026-01-08,1200.0,943.0,37.0,7,27.3
Bhusaval APMC,2026-01-09,1000.0,943.0,40.0,7,6.1
Bhusaval APMC,2026-01-10,1000.0,971.0,37.0,7,2.9
Bhusaval APMC,2026-01-11,800.0,971.0,42.0,7,-17.6
Bhusaval APMC,2026-01-13,800.0,971.0,31.0,7,-17.6
Bhusaval APMC,2026-01-14,1200.0,1029.0,33.0,7,16.7
Bhusaval APMC,2026-01-15,1200.0,1029.0,32.0,7,16.7
Bhusaval APMC,2026-01-16,800.0,971.0,33.0,7,-17.6
Bhusaval APMC,2026-01-17,1200.0,1000.0,31.0,7,20.0
Bhusaval APMC,2026-01-18,1200.0,1029.0,33.0,7,16.7
Bhusaval APMC,2026-01-20,1200.0,1086.0,25.0,7,10.5
Bhusaval APMC,2026-01-21,1200.0,1143.0,23.0,7,5.0
Bhusaval APMC,2026-01-22,1200.0,1143.0,19.0,7,5.0
Bhusaval APMC,2026-01-23,1500.0,1186.0,19.0,7,26.5
Bhusaval APMC,2026-01-24,1200.0,1243.0,17.0,7,-3.4
Bhusaval APMC,2026-01-25,1500.0,1286.0,21.0,7,16.7
Bhusaval APMC,2026-01-27,1000.0,1257.0,22.0,7,-20.5
Bhusaval APMC,2026-01-28,1000.0,1229.0,22.0,7,-18.6
Bhusaval APMC,2026-01-29,1000.0,1200.0,23.0,7,-16.7
Bhusaval APMC,2026-01-30,1200.0,1200.0,24.0,7,0.0
Bhusaval APMC,2026-01-31,1200.0,1157.0,24.0,7,3.7
Bhusaval APMC,2026-02-01,1200.0,1157.0,29.0,7,3.7
Bhusaval APMC,2026-02-03,800.0,1057.0,29.0,7,-24.3
Bhusaval APMC,2026-02-04,1200.0,1086.0,27.0,7,10.5
Bhusaval APMC,2026-02-05,1500.0,1157.0,28.0,7,29.6
Bhusaval APMC,2026-02-06,1400.0,1214.0,29.0,7,15.3
Bhusaval APMC,2026-02-07,1200.0,1214.0,31.0,7,-1.2
Bhusaval APMC,2026-02-08,1000.0,1186.0,40.0,7,-15.7
Bhusaval APMC,2026-02-10,1200.0,1186.0,35.0,7,1.2
Bhusaval APMC,2026-02-11,1000.0,1214.0,31.0,7,-17.6
Bhusaval APMC,2026-02-12,1200.0,1214.0,29.0,7,-1.2
Bhusaval APMC,2026-02-13,1200.0,1171.0,29.0,7,2.4
Bhusaval APMC,2026-02-14,1200.0,1143.0,26.0,7,5.0
Bhusaval APMC,2026-02-15,1300.0,1157.0,31.0,7,12.3
Bhusaval APMC,2026-02-17,1000.0,1157.0,32.0,7,-13.6
Bhusaval APMC,2026-02-18,1000.0,1129.0,40.0,7,-11.4
Bhusaval APMC,2026-02-19,1000.0,1129.0,44.0,7,-11.4
Bhusaval APMC,2026-02-20,1000.0,1100.0,47.0,7,-9.1
Bhusaval APMC,2026-02-21,1000.0,1071.0,52.0,7,-6.7
Bhusaval APMC,2026-02-22,1000.0,1043.0,55.0,7,-4.1
Bhusaval APMC,2026-02-24,1000.0,1000.0,53.0,7,0.0
Bhusaval APMC,2026-02-25,800.0,971.0,43.0,7,-17.6
Bhusaval APMC,2026-02-26,800.0,943.0,36.0,7,-15.2
Bhusaval APMC,2026-02-27,800.0,914.0,34.0,7,-12.5
Bhusaval APMC,2026-02-28,800.0,886.0,35.0,7,-9.7
Bhusaval APMC,2026-03-01,800.0,857.0,42.0,7,-6.7
Bhusaval APMC,2026-03-04,800.0,829.0,47.0,7,-3.4
Bhusaval APMC,2026-03-05,800.0,800.0,45.0,7,0.0
Bhusaval APMC,2026-03-06,800.0,800.0,47.0,7,0.0
Bhusaval APMC,2026-03-07,800.0,800.0,52.0,7,0.0
Bhusaval APMC,2026-03-08,800.0,800.0,63.0,7,0.0
Bhusaval APMC,2026-03-10,800.0,800.0,62.0,7,0.0
Bhusaval APMC,2026-03-11,800.0,800.0,60.0,7,0.0
Bhusaval APMC,2026-03-12,800.0,800.0,56.0,7,0.0
Bhusaval APMC,2026-03-13,800.0,800.0,52.0,7,0.0
Bhusaval APMC,2026-03-14,800.0,800.0,52.0,7,0.0
Bhusaval APMC,2026-03-15,800.0,800.0,59.0,7,0.0
Bhusaval APMC,2026-03-18,800.0,800.0,51.0,7,0.0
Bhusaval APMC,2026-03-19,800.0,800.0,53.0,7,0.0
Bhusaval APMC,2026-03-20,800.0,800.0,1194.0,7,0.0
Bhusaval APMC,2026-03-21,800.0,800.0,1191.0,7,0.0
Bhusaval APMC,2026-03-22,800.0,800.0,1198.0,7,0.0
Bhusaval APMC,2026-03-24,800.0,800.0,1198.0,7,0.0
Bhusaval APMC,2026-03-25,800.0,800.0,1187.0,7,0.0
Bhusaval APMC,2026-03-26,800.0,800.0,1185.0,7,0.0
Bhusaval APMC,2026-03-27,800.0,800.0,1181.0,7,0.0
Bhusaval APMC,2026-03-28,800.0,800.0,32.0,7,0.0
Bhusaval APMC,2026-03-29,800.0,800.0,47.0,7,0.0
Bhusaval APMC,2026-03-31,800.0,800.0,48.0,7,0.0
Bhusaval APMC,2026-04-01,1000.0,829.0,54.0,7,20.7
Bhusaval APMC,2026-04-02,1000.0,857.0,53.0,7,16.7
Bhusaval APMC,2026-04-03,1200.0,914.0,49.0,7,31.2
Bhusaval APMC,2026-04-04,1000.0,943.0,50.0,7,6.1
Bhusaval APMC,2026-04-05,800.0,943.0,63.0,7,-15.2
Bhusaval APMC,2026-04-07,800.0,943.0,59.0,7,-15.2
Bhusaval APMC,2026-04-08,800.0,943.0,53.0,7,-15.2
Bhusaval APMC,2026-04-09,800.0,914.0,50.0,7,-12.5
Bhusaval APMC,2026-04-10,800.0,886.0,56.0,7,-9.7
Bhusaval APMC,2026-04-11,800.0,829.0,62.0,7,-3.4
Bhusaval APMC,2026-04-12,800.0,800.0,72.0,7,0.0
Bhusaval APMC,2026-04-15,800.0,800.0,72.0,7,0.0
Bhusaval APMC,2026-04-16,800.0,800.0,76.0,7,0.0
Bhusaval APMC,2026-04-17,800.0,800.0,86.0,7,0.0
Bhusaval APMC,2026-04-18,800.0,800.0,95.0,7,0.0
Bhusaval APMC,2026-04-19,800.0,800.0,103.0,7,0.0
Bhusaval APMC,2026-04-21,800.0,800.0,105.0,7,0.0
Bhusaval APMC,2026-04-22,800.0,800.0,99.0,7,0.0
Bhusaval APMC,2026-04-23,800.0,800.0,101.0,7,0.0
Bhusaval APMC,2026-04-24,800.0,800.0,95.0,7,0.0
Bhusaval APMC,2026-04-25,800.0,800.0,91.0,7,0.0
Bhusaval APMC,2026-04-26,800.0,800.0,88.0,7,0.0
Bhusaval APMC,2026-04-28,800.0,800.0,93.0,7,0.0
Bhusaval APMC,2026-04-29,800.0,800.0,89.0,7,0.0
Bhusaval APMC,2026-04-30,800.0,800.0,89.0,7,0.0
Bhusaval APMC,2026-05-01,800.0,800.0,85.0,7,0.0
Bhusaval APMC,2026-05-02,800.0,800.0,81.0,7,0.0
Bhusaval APMC,2026-05-03,800.0,800.0,89.0,7,0.0
Bhusaval APMC,2026-05-05,800.0,800.0,93.0,7,0.0
Bhusaval APMC,2026-05-06,800.0,800.0,80.0,7,0.0
Bhusaval APMC,2026-05-07,800.0,800.0,86.0,7,0.0
Bhusaval APMC,2026-05-08,800.0,800.0,90.0,7,0.0
Bhusaval APMC,2026-05-09,800.0,800.0,88.0,7,0.0
Bhusaval APMC,2026-05-10,800.0,800.0,103.0,7,0.0
Bhusaval APMC,2026-05-12,800.0,800.0,93.0,7,0.0
Bhusaval APMC,2026-05-13,800.0,800.0,100.0,7,0.0
Bhusaval APMC,2026-05-14,800.0,800.0,99.0,7,0.0
Bhusaval APMC,2026-05-15,800.0,800.0,98.0,7,0.0
Bhusaval APMC,2026-05-16,800.0,800.0,89.0,7,0.0
Bhusaval APMC,2026-05-17,800.0,800.0,92.0,7,0.0
Bhusaval APMC,2026-05-19,800.0,800.0,80.0,7,0.0
Bhusaval APMC,2026-05-20,800.0,800.0,84.0,7,0.0
Bhusaval APMC,2026-05-21,800.0,800.0,68.0,7,0.0
Bhusaval APMC,2026-05-22,800.0,800.0,66.0,7,0.0
Bhusaval APMC,2026-05-23,800.0,800.0,59.0,7,0.0
Bhusaval APMC,2026-05-24,800.0,800.0,71.0,7,0.0
Bhusaval APMC,2026-05-26,800.0,800.0,62.0,7,0.0
Bhusaval APMC,2026-05-27,800.0,800.0,54.0,7,0.0
Bhusaval APMC,2026-05-28,800.0,800.0,48.0,7,0.0
Bhusaval APMC,2026-05-29,800.0,800.0,47.0,7,0.0
Bhusaval APMC,2026-05-30,800.0,800.0,43.0,7,0.0
Bhusaval APMC,2026-06-01,800.0,800.0,49.0,7,0.0
Bhusaval APMC,2026-06-02,800.0,800.0,45.0,7,0.0
Bhusaval APMC,2026-06-03,800.0,800.0,42.0,7,0.0
Bhusaval APMC,2026-06-05,800.0,800.0,43.0,7,0.0
Bhusaval APMC,2026-06-06,800.0,800.0,39.0,7,0.0
Bhusaval APMC,2026-06-07,1000.0,829.0,40.0,7,20.7
Bhusaval APMC,2026-06-09,1000.0,857.0,42.0,7,16.7
Bhusaval APMC,2026-06-10,1000.0,886.0,36.0,7,12.9
Bhusaval APMC,2026-06-11,1200.0,943.0,25.0,7,27.3
Bhusaval APMC,2026-06-12,1200.0,1000.0,27.0,7,20.0
Bhusaval APMC,2026-06-13,1500.0,1100.0,24.0,7,36.4
Bhusaval APMC,2026-06-14,1200.0,1157.0,26.0,7,3.7
Bhusaval APMC,2026-06-16,1200.0,1186.0,22.0,7,1.2
Bhusaval APMC,2026-06-17,1200.0,1214.0,20.0,7,-1.2
Bhusaval APMC,2026-06-18,1200.0,1243.0,23.0,7,-3.4
Bhusaval APMC,2026-06-19,1200.0,1243.0,25.0,7,-3.4
Bhusaval APMC,2026-06-20,1200.0,1243.0,22.0,7,-3.4
Bhusaval APMC,2026-06-21,1200.0,1200.0,27.0,7,0.0
Bhusaval APMC,2026-06-23,1200.0,1200.0,26.0,7,0.0
Bhusaval APMC,2026-06-24,1200.0,1200.0,25.0,7,0.0
Bhusaval APMC,2026-06-26,1200.0,1200.0,26.0,7,0.0
Bhusaval APMC,2026-06-27,1500.0,1243.0,19.0,7,20.7
Bhusaval APMC,2026-06-28,1200.0,1243.0,18.0,7,-3.4
Bhusaval APMC,2026-06-30,1200.0,1243.0,19.0,7,-3.4
Chattrapati Sambhajinagar APMC,2024-06-01,1300.0,1300.0,1471.0,1,0.0
Chattrapati Sambhajinagar APMC,2024-06-03,1250.0,1275.0,1252.0,2,-2.0
Chattrapati Sambhajinagar APMC,2024-06-04,1450.0,1333.0,1305.0,3,8.8
Chattrapati Sambhajinagar APMC,2024-06-05,1350.0,1338.0,1207.0,4,0.9
Chattrapati Sambhajinagar APMC,2024-06-06,1450.0,1360.0,2311.0,5,6.6
Chattrapati Sambhajinagar APMC,2024-06-08,1850.0,1442.0,2291.0,6,28.3
Chattrapati Sambhajinagar APMC,2024-06-09,1850.0,1500.0,2444.0,7,23.3
Chattrapati Sambhajinagar APMC,2024-06-10,1900.0,1586.0,2534.0,7,19.8
Chattrapati Sambhajinagar APMC,2024-06-11,1900.0,1679.0,2732.0,7,13.2
Chattrapati Sambhajinagar APMC,2024-06-12,1800.0,1729.0,2700.0,7,4.1
Chattrapati Sambhajinagar APMC,2024-06-13,2000.0,1821.0,3474.0,7,9.8
Chattrapati Sambhajinagar APMC,2024-06-15,1850.0,1879.0,2858.0,7,-1.5
Chattrapati Sambhajinagar APMC,2024-06-18,1900.0,1886.0,2650.0,7,0.8
Chattrapati Sambhajinagar APMC,2024-06-19,1900.0,1893.0,2332.0,7,0.4
Chattrapati Sambhajinagar APMC,2024-06-20,1875.0,1889.0,3076.0,7,-0.8
Chattrapati Sambhajinagar APMC,2024-06-22,2000.0,1904.0,3032.0,7,5.1
Chattrapati Sambhajinagar APMC,2024-06-25,2000.0,1932.0,3038.0,7,3.5
Chattrapati Sambhajinagar APMC,2024-06-26,1950.0,1925.0,2413.0,7,1.3
Chattrapati Sambhajinagar APMC,2024-06-27,1500.0,1875.0,3477.0,7,-20.0
Chattrapati Sambhajinagar APMC,2024-06-29,1900.0,1875.0,3689.0,7,1.3
Chattrapati Sambhajinagar APMC,2024-07-01,1775.0,1857.0,3843.0,7,-4.4
Chattrapati Sambhajinagar APMC,2024-07-02,1750.0,1839.0,3071.0,7,-4.9
Chattrapati Sambhajinagar APMC,2024-07-03,2075.0,1850.0,2903.0,7,12.2
Chattrapati Sambhajinagar APMC,2024-07-04,1750.0,1814.0,3668.0,7,-3.5
Chattrapati Sambhajinagar APMC,2024-07-06,1900.0,1807.0,3638.0,7,5.1
Chattrapati Sambhajinagar APMC,2024-07-07,1950.0,1871.0,2962.0,7,4.2
Chattrapati Sambhajinagar APMC,2024-07-08,2250.0,1921.0,2843.0,7,17.1
Chattrapati Sambhajinagar APMC,2024-07-09,1750.0,1918.0,2660.0,7,-8.8
Chattrapati Sambhajinagar APMC,2024-07-10,2000.0,1954.0,2512.0,7,2.4
Chattrapati Sambhajinagar APMC,2024-07-11,1850.0,1921.0,3155.0,7,-3.7
Chattrapati Sambhajinagar APMC,2024-07-15,2050.0,1964.0,2351.0,7,4.4
Chattrapati Sambhajinagar APMC,2024-07-16,1700.0,1936.0,2351.0,7,-12.2
Chattrapati Sambhajinagar APMC,2024-07-18,2100.0,1957.0,2436.0,7,7.3
Chattrapati Sambhajinagar APMC,2024-07-20,1750.0,1886.0,2468.0,7,-7.2
Chattrapati Sambhajinagar APMC,2024-07-22,1550.0,1857.0,2469.0,7,-16.5
Chattrapati Sambhajinagar APMC,2024-07-23,1900.0,1843.0,2454.0,7,3.1
Chattrapati Sambhajinagar APMC,2024-07-24,1875.0,1846.0,1791.0,7,1.5
Chattrapati Sambhajinagar APMC,2024-07-25,1550.0,1775.0,2563.0,7,-12.7
Chattrapati Sambhajinagar APMC,2024-07-27,1800.0,1789.0,2646.0,7,0.6
Chattrapati Sambhajinagar APMC,2024-07-29,1705.0,1733.0,2087.0,7,-1.6
Chattrapati Sambhajinagar APMC,2024-07-30,2100.0,1783.0,1991.0,7,17.8
Chattrapati Sambhajinagar APMC,2024-07-31,1750.0,1811.0,2100.0,7,-3.4
Chattrapati Sambhajinagar APMC,2024-09-01,2800.0,1940.0,2663.0,7,44.3
Chattrapati Sambhajinagar APMC,2024-09-02,2450.0,2022.0,2592.0,7,21.2
Chattrapati Sambhajinagar APMC,2024-09-03,3000.0,2229.0,1739.0,7,34.6
Chattrapati Sambhajinagar APMC,2024-09-04,3013.0,2403.0,1490.0,7,25.4
Chattrapati Sambhajinagar APMC,2024-09-05,3100.0,2602.0,2041.0,7,19.1
Chattrapati Sambhajinagar APMC,2024-09-07,2750.0,2695.0,2071.0,7,2.1
Chattrapati Sambhajinagar APMC,2024-09-08,2700.0,2830.0,2656.0,7,-4.6
Chattrapati Sambhajinagar APMC,2024-09-09,2500.0,2788.0,2089.0,7,-10.3
Chattrapati Sambhajinagar APMC,2024-09-10,2750.0,2830.0,2132.0,7,-2.8
Chattrapati Sambhajinagar APMC,2024-09-11,2750.0,2795.0,2157.0,7,-1.6
Chattrapati Sambhajinagar APMC,2024-09-12,2700.0,2750.0,2492.0,7,-1.8
Chattrapati Sambhajinagar APMC,2024-09-14,2600.0,2679.0,1844.0,7,-2.9
Chattrapati Sambhajinagar APMC,2024-09-17,3150.0,2736.0,2063.0,7,15.1
Chattrapati Sambhajinagar APMC,2024-09-18,2600.0,2721.0,2033.0,7,-4.5
Chattrapati Sambhajinagar APMC,2024-09-19,2850.0,2771.0,2376.0,7,2.8
Chattrapati Sambhajinagar APMC,2024-09-21,3175.0,2832.0,2410.0,7,12.1
Chattrapati Sambhajinagar APMC,2024-09-22,3000.0,2868.0,2733.0,7,4.6
Chattrapati Sambhajinagar APMC,2024-09-23,3150.0,2932.0,2426.0,7,7.4
Chattrapati Sambhajinagar APMC,2024-09-24,3000.0,2989.0,2391.0,7,0.4
Chattrapati Sambhajinagar APMC,2024-09-25,3000.0,2968.0,2108.0,7,1.1
Chattrapati Sambhajinagar APMC,2024-09-26,3100.0,3039.0,1702.0,7,2.0
Chattrapati Sambhajinagar APMC,2024-09-28,3350.0,3111.0,1352.0,7,7.7
Chattrapati Sambhajinagar APMC,2024-09-29,3800.0,3200.0,1353.0,7,18.8
Chattrapati Sambhajinagar APMC,2024-09-30,2900.0,3186.0,1507.0,7,-9.0
Chattrapati Sambhajinagar APMC,2024-10-01,2750.0,3129.0,1478.0,7,-12.1
Chattrapati Sambhajinagar APMC,2024-10-02,3000.0,3129.0,1429.0,7,-4.1
Chattrapati Sambhajinagar APMC,2024-10-03,2250.0,3021.0,1643.0,7,-25.5
Chattrapati Sambhajinagar APMC,2024-10-05,2250.0,2900.0,1334.0,7,-22.4
Chattrapati Sambhajinagar APMC,2024-10-06,2350.0,2757.0,1538.0,7,-14.8
Chattrapati Sambhajinagar APMC,2024-10-07,1900.0,2486.0,1496.0,7,-23.6
Chattrapati Sambhajinagar APMC,2024-10-09,2250.0,2393.0,1036.0,7,-6.0
Chattrapati Sambhajinagar APMC,2024-10-10,2350.0,2336.0,1259.0,7,0.6
Chattrapati Sambhajinagar APMC,2024-10-12,2000.0,2193.0,1345.0,7,-8.8
Chattrapati Sambhajinagar APMC,2024-10-13,1800.0,2129.0,1405.0,7,-15.4
Chattrapati Sambhajinagar APMC,2024-10-14,2600.0,2179.0,1396.0,7,19.3
Chattrapati Sambhajinagar APMC,2024-10-15,2475.0,2196.0,1164.0,7,12.7
Chattrapati Sambhajinagar APMC,2024-10-16,2500.0,2282.0,1148.0,7,9.5
Chattrapati Sambhajinagar APMC,2024-10-17,3000.0,2389.0,1188.0,7,25.6
Chattrapati Sambhajinagar APMC,2024-10-19,2350.0,2389.0,988.0,7,-1.6
Chattrapati Sambhajinagar APMC,2024-10-20,2400.0,2446.0,1137.0,7,-1.9
Chattrapati Sambhajinagar APMC,2024-10-21,2700.0,2575.0,826.0,7,4.9
Chattrapati Sambhajinagar APMC,2024-10-22,2600.0,2575.0,806.0,7,1.0
Chattrapati Sambhajinagar APMC,2024-10-23,2750.0,2614.0,818.0,7,5.2
Chattrapati Sambhajinagar APMC,2024-10-24,2850.0,2664.0,824.0,7,7.0
Chattrapati Sambhajinagar APMC,2024-10-26,2700.0,2621.0,741.0,7,3.0
Chattrapati Sambhajinagar APMC,2024-10-27,2100.0,2586.0,1027.0,7,-18.8
Chattrapati Sambhajinagar APMC,2024-10-28,3250.0,2707.0,830.0,7,20.1
Chattrapati Sambhajinagar APMC,2024-10-29,750.0,2429.0,1183.0,7,-69.1
Chattrapati Sambhajinagar APMC,2024-10-30,1350.0,2250.0,1196.0,7,-40.0
Chattrapati Sambhajinagar APMC,2024-10-31,1700.0,2100.0,1154.0,7,-19.0
Chattrapati Sambhajinagar APMC,2024-11-02,2150.0,2000.0,1138.0,7,7.5
Chattrapati Sambhajinagar APMC,2024-11-04,1750.0,1864.0,1119.0,7,-6.1
Chattrapati Sambhajinagar APMC,2024-11-05,2200.0,1879.0,784.0,7,17.1
Chattrapati Sambhajinagar APMC,2024-11-06,1900.0,1686.0,745.0,7,12.7
Chattrapati Sambhajinagar APMC,2024-11-07,2400.0,1921.0,408.0,7,24.9
Chattrapati Sambhajinagar APMC,2024-11-09,2450.0,2079.0,445.0,7,17.9
Chattrapati Sambhajinagar APMC,2024-11-10,2225.0,2154.0,709.0,7,3.3
Chattrapati Sambhajinagar APMC,2024-11-11,2600.0,2218.0,725.0,7,17.2
Chattrapati Sambhajinagar APMC,2024-11-12,2450.0,2318.0,780.0,7,5.7
Chattrapati Sambhajinagar APMC,2024-11-13,1850.0,2268.0,1115.0,7,-18.4
Chattrapati Sambhajinagar APMC,2024-11-14,2600.0,2368.0,1483.0,7,9.8
Chattrapati Sambhajinagar APMC,2024-11-16,1450.0,2232.0,1515.0,7,-35.0
Chattrapati Sambhajinagar APMC,2024-11-17,1500.0,2096.0,1529.0,7,-28.4
Chattrapati Sambhajinagar APMC,2024-11-18,1950.0,2057.0,1300.0,7,-5.2
Chattrapati Sambhajinagar APMC,2024-11-19,1900.0,1957.0,1329.0,7,-2.9
Chattrapati Sambhajinagar APMC,2024-11-20,1950.0,1886.0,1277.0,7,3.4
Chattrapati Sambhajinagar APMC,2024-11-21,2950.0,2043.0,943.0,7,44.4
Chattrapati Sambhajinagar APMC,2024-11-23,2350.0,2007.0,589.0,7,17.1
Chattrapati Sambhajinagar APMC,2024-11-24,2350.0,2136.0,638.0,7,10.0
Chattrapati Sambhajinagar APMC,2024-11-25,2350.0,2257.0,575.0,7,4.1
Chattrapati Sambhajinagar APMC,2024-11-26,2300.0,2307.0,576.0,7,-0.3
Chattrapati Sambhajinagar APMC,2024-11-27,2500.0,2393.0,588.0,7,4.5
Chattrapati Sambhajinagar APMC,2024-11-28,3650.0,2636.0,672.0,7,38.5
Chattrapati Sambhajinagar APMC,2024-12-01,2950.0,2636.0,1207.0,7,11.9
Chattrapati Sambhajinagar APMC,2024-12-02,2850.0,2707.0,1250.0,7,5.3
Chattrapati Sambhajinagar APMC,2024-12-03,2500.0,2729.0,1204.0,7,-8.4
Chattrapati Sambhajinagar APMC,2024-12-04,2250.0,2714.0,1232.0,7,-17.1
Chattrapati Sambhajinagar APMC,2024-12-05,2250.0,2707.0,1462.0,7,-16.9
Chattrapati Sambhajinagar APMC,2024-12-07,2850.0,2757.0,1435.0,7,3.4
Chattrapati Sambhajinagar APMC,2024-12-08,3050.0,2671.0,1438.0,7,14.2
Chattrapati Sambhajinagar APMC,2024-12-09,2850.0,2657.0,937.0,7,7.3
Chattrapati Sambhajinagar APMC,2024-12-10,2400.0,2593.0,996.0,7,-7.4
Chattrapati Sambhajinagar APMC,2024-12-11,2850.0,2643.0,949.0,7,7.8
Chattrapati Sambhajinagar APMC,2024-12-12,2550.0,2686.0,1428.0,7,-5.1
Chattrapati Sambhajinagar APMC,2024-12-14,2450.0,2714.0,1249.0,7,-9.7
Chattrapati Sambhajinagar APMC,2024-12-15,2600.0,2679.0,1698.0,7,-2.9
Chattrapati Sambhajinagar APMC,2024-12-16,2425.0,2589.0,1935.0,7,-6.3
Chattrapati Sambhajinagar APMC,2024-12-17,1850.0,2446.0,2300.0,7,-24.4
Chattrapati Sambhajinagar APMC,2024-12-18,1475.0,2314.0,2571.0,7,-36.3
Chattrapati Sambhajinagar APMC,2024-12-19,1350.0,2100.0,3421.0,7,-35.7
Chattrapati Sambhajinagar APMC,2024-12-21,1300.0,1921.0,3745.0,7,-32.3
Chattrapati Sambhajinagar APMC,2024-12-22,1500.0,1786.0,4219.0,7,-16.0
Chattrapati Sambhajinagar APMC,2024-12-23,1700.0,1657.0,4220.0,7,2.6
Chattrapati Sambhajinagar APMC,2024-12-24,1150.0,1475.0,4259.0,7,-22.0
Chattrapati Sambhajinagar APMC,2024-12-25,1750.0,1461.0,4208.0,7,19.8
Chattrapati Sambhajinagar APMC,2024-12-26,1500.0,1464.0,4731.0,7,2.4
Chattrapati Sambhajinagar APMC,2024-12-28,1250.0,1450.0,4094.0,7,-13.8
Chattrapati Sambhajinagar APMC,2024-12-29,1500.0,1479.0,3656.0,7,1.4
Chattrapati Sambhajinagar APMC,2024-12-30,1500.0,1479.0,3474.0,7,1.4
Chattrapati Sambhajinagar APMC,2024-12-31,1950.0,1514.0,3430.0,7,28.8
Chattrapati Sambhajinagar APMC,2025-01-01,1950.0,1629.0,3515.0,7,19.7
Chattrapati Sambhajinagar APMC,2025-01-02,2350.0,1714.0,3528.0,7,37.1
Chattrapati Sambhajinagar APMC,2025-01-04,1750.0,1750.0,2857.0,7,0.0
Chattrapati Sambhajinagar APMC,2025-01-05,1700.0,1814.0,3024.0,7,-6.3
Chattrapati Sambhajinagar APMC,2025-01-06,1750.0,1850.0,3034.0,7,-5.4
Chattrapati Sambhajinagar APMC,2025-01-07,2100.0,1936.0,2965.0,7,8.5
Chattrapati Sambhajinagar APMC,2025-01-08,1600.0,1886.0,2756.0,7,-15.2
Chattrapati Sambhajinagar APMC,2025-01-09,1250.0,1786.0,2723.0,7,-30.0
Chattrapati Sambhajinagar APMC,2025-01-11,1400.0,1650.0,2723.0,7,-15.2
Chattrapati Sambhajinagar APMC,2025-01-12,1300.0,1586.0,3108.0,7,-18.0
Chattrapati Sambhajinagar APMC,2025-01-13,1425.0,1546.0,3051.0,7,-7.9
Chattrapati Sambhajinagar APMC,2025-01-14,1450.0,1504.0,2823.0,7,-3.6
Chattrapati Sambhajinagar APMC,2025-01-15,1650.0,1439.0,2614.0,7,14.6
Chattrapati Sambhajinagar APMC,2025-01-16,1650.0,1446.0,2724.0,7,14.1
Chattrapati Sambhajinagar APMC,2025-01-18,1450.0,1475.0,2516.0,7,-1.7
Chattrapati Sambhajinagar APMC,2025-01-19,1425.0,1479.0,2516.0,7,-3.6
Chattrapati Sambhajinagar APMC,2025-01-20,2200.0,1607.0,2081.0,7,36.9
Chattrapati Sambhajinagar APMC,2025-01-21,2000.0,1689.0,1859.0,7,18.4
Chattrapati Sambhajinagar APMC,2025-01-22,2250.0,1804.0,1817.0,7,24.8
Chattrapati Sambhajinagar APMC,2025-01-23,2100.0,1868.0,1863.0,7,12.4
Chattrapati Sambhajinagar APMC,2025-01-25,2750.0,2025.0,1719.0,7,35.8
Chattrapati Sambhajinagar APMC,2025-01-26,1250.0,1996.0,1733.0,7,-37.4
Chattrapati Sambhajinagar APMC,2025-01-27,1600.0,2021.0,1537.0,7,-20.8
Chattrapati Sambhajinagar APMC,2025-01-28,1850.0,1971.0,1383.0,7,-6.2
Chattrapati Sambhajinagar APMC,2025-01-29,1400.0,1886.0,1491.0,7,-25.8
Chattrapati Sambhajinagar APMC,2025-01-30,1300.0,1750.0,1804.0,7,-25.7
Chattrapati Sambhajinagar APMC,2025-02-01,1325.0,1639.0,1947.0,7,-19.2
Chattrapati Sambhajinagar APMC,2025-02-02,1500.0,1461.0,2176.0,7,2.7
Chattrapati Sambhajinagar APMC,2025-02-03,2250.0,1604.0,2280.0,7,40.3
Chattrapati Sambhajinagar APMC,2025-02-04,2300.0,1704.0,2115.0,7,35.0
Chattrapati Sambhajinagar APMC,2025-02-05,1650.0,1675.0,2099.0,7,-1.5
Chattrapati Sambhajinagar APMC,2025-02-06,1500.0,1689.0,2198.0,7,-11.2
Chattrapati Sambhajinagar APMC,2025-02-08,1550.0,1725.0,1795.0,7,-10.1
Chattrapati Sambhajinagar APMC,2025-02-09,1200.0,1707.0,1922.0,7,-29.7
Chattrapati Sambhajinagar APMC,2025-02-13,2000.0,1779.0,1562.0,7,12.4
Chattrapati Sambhajinagar APMC,2025-02-15,2200.0,1771.0,1247.0,7,24.2
Chattrapati Sambhajinagar APMC,2025-02-17,2150.0,1750.0,1255.0,7,22.9
Chattrapati Sambhajinagar APMC,2025-02-18,2400.0,1857.0,1243.0,7,29.2
Chattrapati Sambhajinagar APMC,2025-02-19,2100.0,1943.0,1261.0,7,8.1
Chattrapati Sambhajinagar APMC,2025-02-22,2100.0,2021.0,1257.0,7,3.9
Chattrapati Sambhajinagar APMC,2025-02-23,1400.0,2050.0,1647.0,7,-31.7
Chattrapati Sambhajinagar APMC,2025-02-24,1450.0,1971.0,1952.0,7,-26.4
Chattrapati Sambhajinagar APMC,2025-02-25,1200.0,1829.0,2014.0,7,-34.4
Chattrapati Sambhajinagar APMC,2025-02-26,1500.0,1736.0,2027.0,7,-13.6
Chattrapati Sambhajinagar APMC,2025-02-27,1400.0,1593.0,2430.0,7,-12.1
Chattrapati Sambhajinagar APMC,2025-03-01,1750.0,1543.0,2175.0,7,13.4
Chattrapati Sambhajinagar APMC,2025-03-02,1800.0,1500.0,2567.0,7,20.0
Chattrapati Sambhajinagar APMC,2025-03-03,1750.0,1550.0,2134.0,7,12.9
Chattrapati Sambhajinagar APMC,2025-03-04,1800.0,1600.0,1830.0,7,12.5
Chattrapati Sambhajinagar APMC,2025-03-05,1600.0,1657.0,1833.0,7,-3.4
Chattrapati Sambhajinagar APMC,2025-03-06,1400.0,1643.0,2400.0,7,-14.8
Chattrapati Sambhajinagar APMC,2025-03-08,1425.0,1646.0,2215.0,7,-13.4
Chattrapati Sambhajinagar APMC,2025-03-09,1375.0,1593.0,2536.0,7,-13.7
Chattrapati Sambhajinagar APMC,2025-03-10,1100.0,1493.0,2407.0,7,-26.3
Chattrapati Sambhajinagar APMC,2025-03-11,1600.0,1471.0,2439.0,7,8.7
Chattrapati Sambhajinagar APMC,2025-03-12,1000.0,1357.0,2781.0,7,-26.3
Chattrapati Sambhajinagar APMC,2025-03-13,1125.0,1289.0,3167.0,7,-12.7
Chattrapati Sambhajinagar APMC,2025-03-16,1225.0,1264.0,3110.0,7,-3.1
Chattrapati Sambhajinagar APMC,2025-03-17,1350.0,1254.0,2892.0,7,7.7
Chattrapati Sambhajinagar APMC,2025-03-18,1100.0,1214.0,2557.0,7,-9.4
Chattrapati Sambhajinagar APMC,2025-03-19,1300.0,1243.0,2297.0,7,4.6
Chattrapati Sambhajinagar APMC,2025-03-22,1200.0,1186.0,2299.0,7,1.2
Chattrapati Sambhajinagar APMC,2025-03-23,1100.0,1200.0,2346.0,7,-8.3
Chattrapati Sambhajinagar APMC,2025-03-24,1000.0,1182.0,2350.0,7,-15.4
Chattrapati Sambhajinagar APMC,2025-03-25,1100.0,1164.0,1881.0,7,-5.5
Chattrapati Sambhajinagar APMC,2025-03-26,1050.0,1121.0,1899.0,7,-6.4
Chattrapati Sambhajinagar APMC,2025-03-27,1060.0,1116.0,2337.0,7,-5.0
Chattrapati Sambhajinagar APMC,2025-03-29,1025.0,1076.0,2626.0,7,-4.8
Chattrapati Sambhajinagar APMC,2025-03-30,1000.0,1048.0,2574.0,7,-4.6
Chattrapati Sambhajinagar APMC,2025-03-31,950.0,1026.0,2122.0,7,-7.4
Chattrapati Sambhajinagar APMC,2025-04-01,1100.0,1041.0,1894.0,7,5.7
Chattrapati Sambhajinagar APMC,2025-04-02,1200.0,1055.0,1860.0,7,13.7
Chattrapati Sambhajinagar APMC,2025-04-03,1050.0,1055.0,2317.0,7,-0.5
Chattrapati Sambhajinagar APMC,2025-04-05,1002.0,1047.0,2075.0,7,-4.3
Chattrapati Sambhajinagar APMC,2025-04-06,1000.0,1043.0,2135.0,7,-4.1
Chattrapati Sambhajinagar APMC,2025-04-08,950.0,1036.0,1831.0,7,-8.3
Chattrapati Sambhajinagar APMC,2025-04-09,950.0,1036.0,1944.0,7,-8.3
Chattrapati Sambhajinagar APMC,2025-04-10,800.0,993.0,2338.0,7,-19.4
Chattrapati Sambhajinagar APMC,2025-04-12,975.0,961.0,2680.0,7,1.5
Chattrapati Sambhajinagar APMC,2025-04-13,750.0,918.0,2895.0,7,-18.3
Chattrapati Sambhajinagar APMC,2025-04-14,850.0,896.0,2741.0,7,-5.2
Chattrapati Sambhajinagar APMC,2025-04-15,825.0,871.0,2811.0,7,-5.3
Chattrapati Sambhajinagar APMC,2025-04-16,800.0,850.0,3230.0,7,-5.9
Chattrapati Sambhajinagar APMC,2025-04-17,775.0,825.0,3657.0,7,-6.1
Chattrapati Sambhajinagar APMC,2025-04-19,725.0,814.0,3354.0,7,-11.0
Chattrapati Sambhajinagar APMC,2025-04-20,650.0,768.0,3661.0,7,-15.3
Chattrapati Sambhajinagar APMC,2025-04-21,625.0,750.0,3291.0,7,-16.7
Chattrapati Sambhajinagar APMC,2025-04-22,700.0,729.0,3576.0,7,-3.9
Chattrapati Sambhajinagar APMC,2025-04-23,600.0,696.0,3450.0,7,-13.8
Chattrapati Sambhajinagar APMC,2025-04-26,675.0,679.0,3529.0,7,-0.5
Chattrapati Sambhajinagar APMC,2025-04-27,750.0,675.0,3817.0,7,11.1
Chattrapati Sambhajinagar APMC,2025-04-29,800.0,686.0,3916.0,7,16.7
Chattrapati Sambhajinagar APMC,2025-04-30,850.0,714.0,3595.0,7,19.0
Chattrapati Sambhajinagar APMC,2025-05-01,700.0,725.0,3983.0,7,-3.4
Chattrapati Sambhajinagar APMC,2025-05-03,650.0,718.0,3950.0,7,-9.5
Chattrapati Sambhajinagar APMC,2025-05-04,550.0,711.0,4155.0,7,-22.6
Chattrapati Sambhajinagar APMC,2025-05-05,600.0,700.0,3981.0,7,-14.3
Chattrapati Sambhajinagar APMC,2025-05-06,675.0,689.0,3437.0,7,-2.1
Chattrapati Sambhajinagar APMC,2025-05-07,575.0,657.0,3243.0,7,-12.5
Chattrapati Sambhajinagar APMC,2025-05-08,500.0,607.0,3802.0,7,-17.6
Chattrapati Sambhajinagar APMC,2025-05-10,675.0,604.0,3543.0,7,11.8
Chattrapati Sambhajinagar APMC,2025-05-11,625.0,600.0,4113.0,7,4.2
Chattrapati Sambhajinagar APMC,2025-05-12,650.0,614.0,3877.0,7,5.8
Chattrapati Sambhajinagar APMC,2025-05-13,700.0,629.0,3765.0,7,11.4
Chattrapati Sambhajinagar APMC,2025-05-15,950.0,668.0,3790.0,7,42.2
Chattrapati Sambhajinagar APMC,2025-05-17,700.0,686.0,3789.0,7,2.1
Chattrapati Sambhajinagar APMC,2025-05-18,1000.0,757.0,3038.0,7,32.1
Chattrapati Sambhajinagar APMC,2025-05-19,550.0,739.0,2764.0,7,-25.6
Chattrapati Sambhajinagar APMC,2025-05-20,800.0,764.0,2090.0,7,4.7
Chattrapati Sambhajinagar APMC,2025-05-21,950.0,807.0,2052.0,7,17.7
Chattrapati Sambhajinagar APMC,2025-05-22,1150.0,871.0,2108.0,7,32.0
Chattrapati Sambhajinagar APMC,2025-05-24,675.0,832.0,2099.0,7,-18.9
Chattrapati Sambhajinagar APMC,2025-05-25,600.0,818.0,2141.0,7,-26.6
Chattrapati Sambhajinagar APMC,2025-05-26,850.0,796.0,2194.0,7,6.7
Chattrapati Sambhajinagar APMC,2025-05-27,800.0,832.0,2250.0,7,-3.9
Chattrapati Sambhajinagar APMC,2025-05-28,850.0,839.0,2282.0,7,1.3
Chattrapati Sambhajinagar APMC,2025-05-31,725.0,807.0,2231.0,7,-10.2
Chattrapati Sambhajinagar APMC,2025-06-01,600.0,729.0,2685.0,7,-17.6
Chattrapati Sambhajinagar APMC,2025-06-02,450.0,696.0,2368.0,7,-35.4
Chattrapati Sambhajinagar APMC,2025-06-03,775.0,721.0,2383.0,7,7.4
Chattrapati Sambhajinagar APMC,2025-06-04,700.0,700.0,2479.0,7,0.0
Chattrapati Sambhajinagar APMC,2025-06-05,600.0,671.0,2735.0,7,-10.6
Chattrapati Sambhajinagar APMC,2025-06-07,900.0,679.0,2466.0,7,32.6
Chattrapati Sambhajinagar APMC,2025-06-08,1100.0,732.0,2755.0,7,50.2
Chattrapati Sambhajinagar APMC,2025-06-09,1050.0,796.0,2294.0,7,31.8
Chattrapati Sambhajinagar APMC,2025-06-10,950.0,868.0,2564.0,7,9.5
Chattrapati Sambhajinagar APMC,2025-06-11,1000.0,900.0,2494.0,7,11.1
Chattrapati Sambhajinagar APMC,2025-06-12,1250.0,979.0,2537.0,7,27.7
Chattrapati Sambhajinagar APMC,2025-06-14,1250.0,1071.0,2195.0,7,16.7
Chattrapati Sambhajinagar APMC,2025-06-15,950.0,1079.0,2854.0,7,-11.9
Chattrapati Sambhajinagar APMC,2025-06-16,900.0,1050.0,2830.0,7,-14.3
Chattrapati Sambhajinagar APMC,2025-06-17,900.0,1029.0,2777.0,7,-12.5
Chattrapati Sambhajinagar APMC,2025-06-18,800.0,1007.0,2863.0,7,-20.6
Chattrapati Sambhajinagar APMC,2025-06-19,750.0,971.0,3189.0,7,-22.8
Chattrapati Sambhajinagar APMC,2025-06-21,950.0,929.0,3051.0,7,2.3
Chattrapati Sambhajinagar APMC,2025-06-22,900.0,879.0,3373.0,7,2.4
Chattrapati Sambhajinagar APMC,2025-06-23,950.0,879.0,2885.0,7,8.1
Chattrapati Sambhajinagar APMC,2025-06-24,900.0,879.0,2539.0,7,2.4
Chattrapati Sambhajinagar APMC,2025-06-25,1000.0,893.0,2360.0,7,12.0
Chattrapati Sambhajinagar APMC,2025-06-26,950.0,914.0,2904.0,7,3.9
Chattrapati Sambhajinagar APMC,2025-06-28,950.0,943.0,2618.0,7,0.8
Chattrapati Sambhajinagar APMC,2025-06-29,850.0,929.0,2740.0,7,-8.5
Chattrapati Sambhajinagar APMC,2025-06-30,950.0,936.0,2324.0,7,1.5
Chattrapati Sambhajinagar APMC,2025-07-01,900.0,929.0,2180.0,7,-3.1
Chattrapati Sambhajinagar APMC,2025-07-03,1000.0,943.0,2497.0,7,6.1
Chattrapati Sambhajinagar APMC,2025-07-05,850.0,921.0,2561.0,7,-7.8
Chattrapati Sambhajinagar APMC,2025-07-06,900.0,914.0,2103.0,7,-1.6
Chattrapati Sambhajinagar APMC,2025-07-07,950.0,914.0,1932.0,7,3.9
Chattrapati Sambhajinagar APMC,2025-07-08,900.0,921.0,1648.0,7,-2.3
Chattrapati Sambhajinagar APMC,2025-07-09,1125.0,946.0,1623.0,7,18.9
Chattrapati Sambhajinagar APMC,2025-07-10,950.0,954.0,2040.0,7,-0.4
Chattrapati Sambhajinagar APMC,2025-07-12,938.0,945.0,1668.0,7,-0.7
Chattrapati Sambhajinagar APMC,2025-07-13,850.0,945.0,2024.0,7,-10.0
Chattrapati Sambhajinagar APMC,2025-07-14,800.0,930.0,1734.0,7,-14.0
Chattrapati Sambhajinagar APMC,2025-07-15,950.0,930.0,1791.0,7,2.1
Chattrapati Sambhajinagar APMC,2025-07-16,850.0,923.0,1880.0,7,-7.9
Chattrapati Sambhajinagar APMC,2025-07-17,825.0,880.0,2308.0,7,-6.3
Chattrapati Sambhajinagar APMC,2025-07-19,800.0,859.0,2066.0,7,-6.9
Chattrapati Sambhajinagar APMC,2025-07-20,775.0,836.0,2579.0,7,-7.3
Chattrapati Sambhajinagar APMC,2025-07-21,760.0,823.0,2234.0,7,-7.6
Chattrapati Sambhajinagar APMC,2025-07-22,850.0,830.0,2164.0,7,2.4
Chattrapati Sambhajinagar APMC,2025-07-23,885.0,821.0,2195.0,7,7.8
Chattrapati Sambhajinagar APMC,2025-07-24,850.0,821.0,2486.0,7,3.6
Chattrapati Sambhajinagar APMC,2025-07-27,800.0,817.0,2508.0,7,-2.1
Chattrapati Sambhajinagar APMC,2025-07-28,800.0,817.0,2484.0,7,-2.1
Chattrapati Sambhajinagar APMC,2025-07-29,855.0,829.0,2035.0,7,3.2
Chattrapati Sambhajinagar APMC,2025-07-30,845.0,841.0,1975.0,7,0.5
Chattrapati Sambhajinagar APMC,2025-07-31,800.0,834.0,2364.0,7,-4.0
Chattrapati Sambhajinagar APMC,2025-08-02,800.0,821.0,2359.0,7,-2.6
Chattrapati Sambhajinagar APMC,2025-08-03,850.0,821.0,2118.0,7,3.5
Chattrapati Sambhajinagar APMC,2025-08-04,900.0,836.0,2117.0,7,7.7
Chattrapati Sambhajinagar APMC,2025-08-05,950.0,857.0,2142.0,7,10.8
Chattrapati Sambhajinagar APMC,2025-08-06,800.0,849.0,2249.0,7,-5.8
Chattrapati Sambhajinagar APMC,2025-08-07,900.0,857.0,2814.0,7,5.0
Chattrapati Sambhajinagar APMC,2025-08-10,875.0,868.0,2934.0,7,0.8
Chattrapati Sambhajinagar APMC,2025-08-11,750.0,861.0,3051.0,7,-12.9
Chattrapati Sambhajinagar APMC,2025-08-12,850.0,861.0,3130.0,7,-1.2
Chattrapati Sambhajinagar APMC,2025-08-13,875.0,857.0,2829.0,7,2.1
Chattrapati Sambhajinagar APMC,2025-08-14,1100.0,879.0,3066.0,7,25.2
Chattrapati Sambhajinagar APMC,2025-08-16,950.0,900.0,3068.0,7,5.6
Chattrapati Sambhajinagar APMC,2025-08-17,950.0,907.0,2862.0,7,4.7
Chattrapati Sambhajinagar APMC,2025-08-18,910.0,912.0,2517.0,7,-0.2
Chattrapati Sambhajinagar APMC,2025-08-19,950.0,941.0,2574.0,7,1.0
Chattrapati Sambhajinagar APMC,2025-08-20,975.0,959.0,2602.0,7,1.7
Chattrapati Sambhajinagar APMC,2025-08-21,950.0,969.0,3186.0,7,-2.0
Chattrapati Sambhajinagar APMC,2025-08-23,958.0,949.0,2948.0,7,0.9
Chattrapati Sambhajinagar APMC,2025-08-24,850.0,935.0,3373.0,7,-9.1
Chattrapati Sambhajinagar APMC,2025-08-25,1000.0,942.0,3192.0,7,6.2
Chattrapati Sambhajinagar APMC,2025-08-26,800.0,926.0,3302.0,7,-13.6
Chattrapati Sambhajinagar APMC,2025-08-27,850.0,912.0,3359.0,7,-6.8
Chattrapati Sambhajinagar APMC,2025-08-28,800.0,887.0,3650.0,7,-9.8
Chattrapati Sambhajinagar APMC,2025-08-30,750.0,858.0,3162.0,7,-12.6
Chattrapati Sambhajinagar APMC,2025-09-01,700.0,821.0,3195.0,7,-14.8
Chattrapati Sambhajinagar APMC,2025-09-02,775.0,811.0,2757.0,7,-4.4
Chattrapati Sambhajinagar APMC,2025-09-03,737.0,773.0,2778.0,7,-4.7
Chattrapati Sambhajinagar APMC,2025-09-04,725.0,762.0,3101.0,7,-4.9
Chattrapati Sambhajinagar APMC,2025-09-06,650.0,734.0,2926.0,7,-11.4
Chattrapati Sambhajinagar APMC,2025-09-07,800.0,734.0,2812.0,7,9.0
Chattrapati Sambhajinagar APMC,2025-09-08,750.0,734.0,2701.0,7,2.2
Chattrapati Sambhajinagar APMC,2025-09-09,775.0,745.0,2744.0,7,4.1
Chattrapati Sambhajinagar APMC,2025-09-11,650.0,727.0,3419.0,7,-10.6
Chattrapati Sambhajinagar APMC,2025-09-13,650.0,714.0,3271.0,7,-9.0
Chattrapati Sambhajinagar APMC,2025-09-14,600.0,696.0,3520.0,7,-13.8
Chattrapati Sambhajinagar APMC,2025-09-15,600.0,689.0,3667.0,7,-13.0
Chattrapati Sambhajinagar APMC,2025-09-16,750.0,682.0,3479.0,7,9.9
Chattrapati Sambhajinagar APMC,2025-09-17,700.0,675.0,3568.0,7,3.7
Chattrapati Sambhajinagar APMC,2025-09-18,800.0,679.0,3841.0,7,17.9
Chattrapati Sambhajinagar APMC,2025-09-20,800.0,700.0,3260.0,7,14.3
Chattrapati Sambhajinagar APMC,2025-09-21,850.0,729.0,3559.0,7,16.7
Chattrapati Sambhajinagar APMC,2025-09-22,850.0,764.0,2970.0,7,11.2
Chattrapati Sambhajinagar APMC,2025-09-23,875.0,804.0,2944.0,7,8.9
Chattrapati Sambhajinagar APMC,2025-09-24,850.0,818.0,3012.0,7,3.9
Chattrapati Sambhajinagar APMC,2025-09-25,750.0,825.0,3482.0,7,-9.1
Chattrapati Sambhajinagar APMC,2025-09-27,800.0,825.0,3358.0,7,-3.0
Chattrapati Sambhajinagar APMC,2025-09-28,724.0,814.0,3557.0,7,-11.1
Chattrapati Sambhajinagar APMC,2025-09-29,725.0,796.0,3396.0,7,-9.0
Chattrapati Sambhajinagar APMC,2025-09-30,750.0,782.0,3396.0,7,-4.1
Chattrapati Sambhajinagar APMC,2025-10-01,650.0,750.0,3390.0,7,-13.3
Chattrapati Sambhajinagar APMC,2025-10-04,900.0,757.0,3476.0,7,18.9
Chattrapati Sambhajinagar APMC,2025-10-06,850.0,771.0,3063.0,7,10.2
Chattrapati Sambhajinagar APMC,2025-10-07,850.0,778.0,2944.0,7,9.2
Chattrapati Sambhajinagar APMC,2025-10-08,800.0,789.0,2748.0,7,1.4
Chattrapati Sambhajinagar APMC,2025-10-09,750.0,793.0,3196.0,7,-5.4
Chattrapati Sambhajinagar APMC,2025-10-12,600.0,771.0,3614.0,7,-22.2
Chattrapati Sambhajinagar APMC,2025-10-13,800.0,793.0,3617.0,7,0.9
Chattrapati Sambhajinagar APMC,2025-10-15,650.0,757.0,3525.0,7,-14.2
Chattrapati Sambhajinagar APMC,2025-10-16,550.0,714.0,3726.0,7,-23.0
Chattrapati Sambhajinagar APMC,2025-10-18,700.0,693.0,3712.0,7,1.0
Chattrapati Sambhajinagar APMC,2025-10-23,900.0,707.0,3596.0,7,27.3
Chattrapati Sambhajinagar APMC,2025-10-26,1050.0,750.0,3237.0,7,40.0
Chattrapati Sambhajinagar APMC,2025-10-27,1100.0,821.0,2733.0,7,33.9
Chattrapati Sambhajinagar APMC,2025-10-28,900.0,836.0,2587.0,7,7.7
Chattrapati Sambhajinagar APMC,2025-10-29,850.0,864.0,2504.0,7,-1.7
Chattrapati Sambhajinagar APMC,2025-10-30,950.0,921.0,2317.0,7,3.1
Chattrapati Sambhajinagar APMC,2025-11-01,950.0,957.0,2199.0,7,-0.7
Chattrapati Sambhajinagar APMC,2025-11-02,900.0,957.0,2394.0,7,-6.0
Chattrapati Sambhajinagar APMC,2025-11-03,900.0,936.0,2320.0,7,-3.8
Chattrapati Sambhajinagar APMC,2025-11-05,950.0,914.0,2298.0,7,3.9
Chattrapati Sambhajinagar APMC,2025-11-07,1075.0,939.0,2366.0,7,14.4
Chattrapati Sambhajinagar APMC,2025-11-09,1100.0,975.0,2492.0,7,12.8
Chattrapati Sambhajinagar APMC,2025-11-10,900.0,968.0,2361.0,7,-7.0
Chattrapati Sambhajinagar APMC,2025-11-11,900.0,961.0,2312.0,7,-6.3
Chattrapati Sambhajinagar APMC,2025-11-12,850.0,954.0,2159.0,7,-10.9
Chattrapati Sambhajinagar APMC,2025-11-13,1050.0,975.0,2407.0,7,7.7
Chattrapati Sambhajinagar APMC,2025-11-15,750.0,946.0,2436.0,7,-20.8
Chattrapati Sambhajinagar APMC,2025-11-16,875.0,918.0,2831.0,7,-4.7
Chattrapati Sambhajinagar APMC,2025-11-17,850.0,882.0,2638.0,7,-3.6
Chattrapati Sambhajinagar APMC,2025-11-18,850.0,875.0,2788.0,7,-2.9
Chattrapati Sambhajinagar APMC,2025-11-19,825.0,864.0,2830.0,7,-4.5
Chattrapati Sambhajinagar APMC,2025-11-20,850.0,864.0,2880.0,7,-1.7
Chattrapati Sambhajinagar APMC,2025-11-22,685.0,812.0,2631.0,7,-15.7
Chattrapati Sambhajinagar APMC,2025-11-23,800.0,819.0,2705.0,7,-2.4
Chattrapati Sambhajinagar APMC,2025-11-24,700.0,794.0,2295.0,7,-11.9
Chattrapati Sambhajinagar APMC,2025-11-25,850.0,794.0,2348.0,7,7.0
Chattrapati Sambhajinagar APMC,2025-11-26,675.0,769.0,2204.0,7,-12.3
Chattrapati Sambhajinagar APMC,2025-11-27,900.0,780.0,2518.0,7,15.4
Chattrapati Sambhajinagar APMC,2025-11-29,850.0,780.0,2540.0,7,9.0
Chattrapati Sambhajinagar APMC,2025-11-30,800.0,796.0,2842.0,7,0.4
Chattrapati Sambhajinagar APMC,2025-12-01,900.0,811.0,2890.0,7,11.0
Chattrapati Sambhajinagar APMC,2025-12-02,850.0,832.0,2877.0,7,2.1
Chattrapati Sambhajinagar APMC,2025-12-03,950.0,846.0,2936.0,7,12.2
Chattrapati Sambhajinagar APMC,2025-12-04,950.0,886.0,3172.0,7,7.3
Chattrapati Sambhajinagar APMC,2025-12-06,858.0,880.0,2985.0,7,-2.5
Chattrapati Sambhajinagar APMC,2025-12-07,1050.0,908.0,3017.0,7,15.6
Chattrapati Sambhajinagar APMC,2025-12-08,950.0,930.0,2729.0,7,2.2
Chattrapati Sambhajinagar APMC,2025-12-09,950.0,937.0,2594.0,7,1.4
Chattrapati Sambhajinagar APMC,2025-12-10,1050.0,965.0,2451.0,7,8.8
Chattrapati Sambhajinagar APMC,2025-12-11,1200.0,1001.0,2527.0,7,19.9
Chattrapati Sambhajinagar APMC,2025-12-13,1400.0,1065.0,2148.0,7,31.4
Chattrapati Sambhajinagar APMC,2025-12-14,1450.0,1150.0,2278.0,7,26.1
Chattrapati Sambhajinagar APMC,2025-12-15,2100.0,1300.0,1982.0,7,61.5
Chattrapati Sambhajinagar APMC,2025-12-16,1150.0,1329.0,1781.0,7,-13.4
Chattrapati Sambhajinagar APMC,2025-12-17,1400.0,1393.0,1742.0,7,0.5
Chattrapati Sambhajinagar APMC,2025-12-18,1400.0,1443.0,2059.0,7,-3.0
Chattrapati Sambhajinagar APMC,2025-12-20,1200.0,1443.0,1964.0,7,-16.8
Chattrapati Sambhajinagar APMC,2025-12-21,725.0,1346.0,2564.0,7,-46.2
Chattrapati Sambhajinagar APMC,2025-12-23,1200.0,1311.0,2308.0,7,-8.4
Chattrapati Sambhajinagar APMC,2025-12-24,750.0,1118.0,2401.0,7,-32.9
Chattrapati Sambhajinagar APMC,2025-12-25,750.0,1061.0,2820.0,7,-29.3
Chattrapati Sambhajinagar APMC,2025-12-27,1100.0,1018.0,2800.0,7,8.1
Chattrapati Sambhajinagar APMC,2025-12-28,1050.0,968.0,2655.0,7,8.5
Chattrapati Sambhajinagar APMC,2025-12-30,950.0,932.0,2565.0,7,1.9
Chattrapati Sambhajinagar APMC,2025-12-31,1000.0,971.0,1966.0,7,2.9
Chattrapati Sambhajinagar APMC,2026-01-01,1300.0,986.0,2082.0,7,31.9
Chattrapati Sambhajinagar APMC,2026-01-03,1250.0,1057.0,2135.0,7,18.2
Chattrapati Sambhajinagar APMC,2026-01-04,1150.0,1114.0,2092.0,7,3.2
Chattrapati Sambhajinagar APMC,2026-01-05,1150.0,1121.0,1984.0,7,2.5
Chattrapati Sambhajinagar APMC,2026-01-06,1150.0,1136.0,2076.0,7,1.3
Chattrapati Sambhajinagar APMC,2026-01-07,850.0,1121.0,2141.0,7,-24.2
Chattrapati Sambhajinagar APMC,2026-01-08,1150.0,1143.0,2476.0,7,0.6
Chattrapati Sambhajinagar APMC,2026-01-10,1075.0,1111.0,2502.0,7,-3.2
Chattrapati Sambhajinagar APMC,2026-01-11,975.0,1071.0,2680.0,7,-9.0
Chattrapati Sambhajinagar APMC,2026-01-12,1200.0,1079.0,2474.0,7,11.3
Chattrapati Sambhajinagar APMC,2026-01-13,950.0,1050.0,2576.0,7,-9.5
Chattrapati Sambhajinagar APMC,2026-01-14,900.0,1014.0,2439.0,7,-11.3
Chattrapati Sambhajinagar APMC,2026-01-15,900.0,1021.0,2317.0,7,-11.9
Chattrapati Sambhajinagar APMC,2026-01-17,1000.0,1000.0,2233.0,7,0.0
Chattrapati Sambhajinagar APMC,2026-01-18,900.0,975.0,2296.0,7,-7.7
Chattrapati Sambhajinagar APMC,2026-01-19,1100.0,993.0,2098.0,7,10.8
Chattrapati Sambhajinagar APMC,2026-01-20,1100.0,979.0,2204.0,7,12.4
Chattrapati Sambhajinagar APMC,2026-01-21,1050.0,993.0,2307.0,7,5.8
Chattrapati Sambhajinagar APMC,2026-01-22,1100.0,1021.0,2540.0,7,7.7
Chattrapati Sambhajinagar APMC,2026-01-24,900.0,1021.0,2898.0,7,-11.9
Chattrapati Sambhajinagar APMC,2026-01-25,950.0,1014.0,3155.0,7,-6.3
Chattrapati Sambhajinagar APMC,2026-01-26,900.0,1014.0,3103.0,7,-11.3
Chattrapati Sambhajinagar APMC,2026-01-27,900.0,986.0,3225.0,7,-8.7
Chattrapati Sambhajinagar APMC,2026-01-28,950.0,964.0,3098.0,7,-1.5
Chattrapati Sambhajinagar APMC,2026-01-29,900.0,943.0,3226.0,7,-4.5
Chattrapati Sambhajinagar APMC,2026-02-01,800.0,900.0,3372.0,7,-11.1
Chattrapati Sambhajinagar APMC,2026-02-02,950.0,907.0,3128.0,7,4.7
Chattrapati Sambhajinagar APMC,2026-02-03,900.0,900.0,2762.0,7,0.0
Chattrapati Sambhajinagar APMC,2026-02-04,850.0,893.0,2563.0,7,-4.8
Chattrapati Sambhajinagar APMC,2026-02-05,1050.0,914.0,2603.0,7,14.8
Chattrapati Sambhajinagar APMC,2026-02-08,1000.0,921.0,2749.0,7,8.5
Chattrapati Sambhajinagar APMC,2026-02-09,900.0,921.0,2552.0,7,-2.3
Chattrapati Sambhajinagar APMC,2026-02-10,835.0,926.0,2227.0,7,-9.9
Chattrapati Sambhajinagar APMC,2026-02-11,1050.0,941.0,2169.0,7,11.6
Chattrapati Sambhajinagar APMC,2026-02-12,900.0,941.0,2393.0,7,-4.3
Chattrapati Sambhajinagar APMC,2026-02-14,950.0,955.0,2442.0,7,-0.5
Chattrapati Sambhajinagar APMC,2026-02-15,900.0,934.0,2479.0,7,-3.6
Chattrapati Sambhajinagar APMC,2026-02-16,900.0,919.0,2308.0,7,-2.1
Chattrapati Sambhajinagar APMC,2026-02-17,800.0,905.0,2362.0,7,-11.6
Chattrapati Sambhajinagar APMC,2026-02-18,900.0,914.0,2430.0,7,-1.6
Chattrapati Sambhajinagar APMC,2026-02-21,900.0,893.0,2671.0,7,0.8
Chattrapati Sambhajinagar APMC,2026-02-22,600.0,850.0,3053.0,7,-29.4
Chattrapati Sambhajinagar APMC,2026-02-23,800.0,829.0,3220.0,7,-3.4
Chattrapati Sambhajinagar APMC,2026-02-24,750.0,807.0,3177.0,7,-7.1
Chattrapati Sambhajinagar APMC,2026-02-25,850.0,800.0,3308.0,7,6.3
Chattrapati Sambhajinagar APMC,2026-02-28,750.0,793.0,3379.0,7,-5.4
Chattrapati Sambhajinagar APMC,2026-03-01,650.0,757.0,3869.0,7,-14.2
Chattrapati Sambhajinagar APMC,2026-03-02,600.0,714.0,3784.0,7,-16.0
Chattrapati Sambhajinagar APMC,2026-03-04,650.0,721.0,3516.0,7,-9.9
Chattrapati Sambhajinagar APMC,2026-03-05,550.0,686.0,4015.0,7,-19.8
Chattrapati Sambhajinagar APMC,2026-03-07,750.0,686.0,4168.0,7,9.4
Chattrapati Sambhajinagar APMC,2026-03-08,700.0,664.0,4920.0,7,5.4
Chattrapati Sambhajinagar APMC,2026-03-09,760.0,666.0,5462.0,7,14.2
Chattrapati Sambhajinagar APMC,2026-03-10,700.0,673.0,5401.0,7,4.0
Chattrapati Sambhajinagar APMC,2026-03-11,800.0,701.0,5584.0,7,14.1
Chattrapati Sambhajinagar APMC,2026-03-12,850.0,730.0,6012.0,7,16.4
Chattrapati Sambhajinagar APMC,2026-03-14,800.0,766.0,5709.0,7,4.5
Chattrapati Sambhajinagar APMC,2026-03-15,750.0,766.0,6028.0,7,-2.1
Chattrapati Sambhajinagar APMC,2026-03-16,850.0,787.0,5350.0,7,8.0
Chattrapati Sambhajinagar APMC,2026-03-17,700.0,779.0,5030.0,7,-10.1
Chattrapati Sambhajinagar APMC,2026-03-18,900.0,807.0,4987.0,7,11.5
Chattrapati Sambhajinagar APMC,2026-03-19,900.0,821.0,5207.0,7,9.6
Chattrapati Sambhajinagar APMC,2026-03-22,925.0,832.0,4613.0,7,11.2
Chattrapati Sambhajinagar APMC,2026-03-23,800.0,832.0,4399.0,7,-3.9
Chattrapati Sambhajinagar APMC,2026-03-24,850.0,846.0,3938.0,7,0.4
Chattrapati Sambhajinagar APMC,2026-03-25,1050.0,875.0,3838.0,7,20.0
Chattrapati Sambhajinagar APMC,2026-03-26,900.0,904.0,4061.0,7,-0.4
Chattrapati Sambhajinagar APMC,2026-03-28,588.0,859.0,3878.0,7,-31.5
Chattrapati Sambhajinagar APMC,2026-03-29,638.0,822.0,3843.0,7,-22.3
Chattrapati Sambhajinagar APMC,2026-03-30,675.0,786.0,3953.0,7,-14.1
Chattrapati Sambhajinagar APMC,2026-03-31,685.0,769.0,3969.0,7,-11.0
Chattrapati Sambhajinagar APMC,2026-04-01,700.0,748.0,4254.0,7,-6.4
Chattrapati Sambhajinagar APMC,2026-04-02,700.0,698.0,7737.0,7,0.3
Chattrapati Sambhajinagar APMC,2026-04-04,650.0,662.0,7292.0,7,-1.9
Chattrapati Sambhajinagar APMC,2026-04-05,700.0,678.0,7262.0,7,3.2
Chattrapati Sambhajinagar APMC,2026-04-06,700.0,687.0,6779.0,7,1.9
Chattrapati Sambhajinagar APMC,2026-04-07,675.0,687.0,6608.0,7,-1.8
Chattrapati Sambhajinagar APMC,2026-04-08,750.0,696.0,6562.0,7,7.7
Chattrapati Sambhajinagar APMC,2026-04-09,625.0,686.0,6459.0,7,-8.9
Chattrapati Sambhajinagar APMC,2026-04-11,750.0,693.0,2985.0,7,8.2
Chattrapati Sambhajinagar APMC,2026-04-12,800.0,714.0,3527.0,7,12.0
Chattrapati Sambhajinagar APMC,2026-04-13,675.0,711.0,3484.0,7,-5.0
Chattrapati Sambhajinagar APMC,2026-04-15,700.0,711.0,3571.0,7,-1.5
Chattrapati Sambhajinagar APMC,2026-04-16,600.0,700.0,4203.0,7,-14.3
Chattrapati Sambhajinagar APMC,2026-04-18,713.0,695.0,4335.0,7,2.6
Chattrapati Sambhajinagar APMC,2026-04-19,513.0,679.0,4723.0,7,-24.4
Chattrapati Sambhajinagar APMC,2026-04-20,500.0,643.0,4700.0,7,-22.2
Chattrapati Sambhajinagar APMC,2026-04-21,450.0,593.0,4240.0,7,-24.1
Chattrapati Sambhajinagar APMC,2026-04-22,450.0,561.0,4176.0,7,-19.8
Chattrapati Sambhajinagar APMC,2026-04-23,350.0,511.0,4610.0,7,-31.5
Chattrapati Sambhajinagar APMC,2026-04-25,500.0,497.0,4000.0,7,0.7
Chattrapati Sambhajinagar APMC,2026-04-26,475.0,463.0,3889.0,7,2.7
Chattrapati Sambhajinagar APMC,2026-04-27,500.0,461.0,3325.0,7,8.5
Chattrapati Sambhajinagar APMC,2026-04-28,300.0,432.0,3404.0,7,-30.6
Chattrapati Sambhajinagar APMC,2026-04-29,400.0,425.0,3450.0,7,-5.9
Chattrapati Sambhajinagar APMC,2026-04-30,700.0,461.0,3481.0,7,51.9
Chattrapati Sambhajinagar APMC,2026-05-02,400.0,468.0,3127.0,7,-14.5
Chattrapati Sambhajinagar APMC,2026-05-03,550.0,475.0,3316.0,7,15.8
Chattrapati Sambhajinagar APMC,2026-05-04,600.0,493.0,3380.0,7,21.7
Chattrapati Sambhajinagar APMC,2026-05-05,550.0,500.0,3410.0,7,10.0
Chattrapati Sambhajinagar APMC,2026-05-06,425.0,518.0,3442.0,7,-17.9
Chattrapati Sambhajinagar APMC,2026-05-07,585.0,544.0,3694.0,7,7.5
Chattrapati Sambhajinagar APMC,2026-05-09,525.0,519.0,3767.0,7,1.1
Chattrapati Sambhajinagar APMC,2026-05-10,575.0,544.0,3899.0,7,5.6
Chattrapati Sambhajinagar APMC,2026-05-11,475.0,534.0,3736.0,7,-11.0
Chattrapati Sambhajinagar APMC,2026-05-12,450.0,512.0,3896.0,7,-12.1
Chattrapati Sambhajinagar APMC,2026-05-13,450.0,498.0,3973.0,7,-9.6
Chattrapati Sambhajinagar APMC,2026-05-14,475.0,505.0,4184.0,7,-5.9
Chattrapati Sambhajinagar APMC,2026-05-16,525.0,496.0,3963.0,7,5.8
Chattrapati Sambhajinagar APMC,2026-05-17,525.0,496.0,4235.0,7,5.8
Chattrapati Sambhajinagar APMC,2026-05-18,512.0,487.0,4069.0,7,5.0
Chattrapati Sambhajinagar APMC,2026-05-19,525.0,495.0,4393.0,7,6.2
Chattrapati Sambhajinagar APMC,2026-05-20,450.0,495.0,4522.0,7,-9.0
Chattrapati Sambhajinagar APMC,2026-05-21,500.0,502.0,4795.0,7,-0.3
Chattrapati Sambhajinagar APMC,2026-05-23,475.0,502.0,4862.0,7,-5.3
Chattrapati Sambhajinagar APMC,2026-05-24,525.0,502.0,5166.0,7,4.6
Chattrapati Sambhajinagar APMC,2026-05-25,450.0,491.0,4801.0,7,-8.4
Chattrapati Sambhajinagar APMC,2026-05-26,425.0,479.0,4816.0,7,-11.2
Chattrapati Sambhajinagar APMC,2026-05-27,700.0,504.0,4411.0,7,39.0
Chattrapati Sambhajinagar APMC,2026-05-28,800.0,554.0,4067.0,7,44.5
Chattrapati Sambhajinagar APMC,2026-05-30,550.0,561.0,3998.0,7,-1.9
Chattrapati Sambhajinagar APMC,2026-05-31,800.0,607.0,3853.0,7,31.8
Chattrapati Sambhajinagar APMC,2026-06-01,750.0,639.0,3442.0,7,17.3
Chattrapati Sambhajinagar APMC,2026-06-02,950.0,711.0,3429.0,7,33.7
Chattrapati Sambhajinagar APMC,2026-06-03,950.0,786.0,3438.0,7,20.9
Chattrapati Sambhajinagar APMC,2026-06-04,1000.0,829.0,4246.0,7,20.7
Chattrapati Sambhajinagar APMC,2026-06-06,788.0,827.0,4295.0,7,-4.7
Chattrapati Sambhajinagar APMC,2026-06-07,850.0,870.0,4449.0,7,-2.3
Chattrapati Sambhajinagar APMC,2026-06-08,900.0,884.0,4249.0,7,1.8
Chattrapati Sambhajinagar APMC,2026-06-09,900.0,905.0,4232.0,7,-0.6
Chattrapati Sambhajinagar APMC,2026-06-10,800.0,884.0,4226.0,7,-9.5
Chattrapati Sambhajinagar APMC,2026-06-11,850.0,870.0,4706.0,7,-2.3
Chattrapati Sambhajinagar APMC,2026-06-13,1000.0,870.0,3964.0,7,15.0
Chattrapati Sambhajinagar APMC,2026-06-14,950.0,893.0,4233.0,7,6.4
Chattrapati Sambhajinagar APMC,2026-06-15,950.0,907.0,3774.0,7,4.7
Chattrapati Sambhajinagar APMC,2026-06-16,1000.0,921.0,3782.0,7,8.5
Chattrapati Sambhajinagar APMC,2026-06-17,850.0,914.0,3714.0,7,-7.0
Chattrapati Sambhajinagar APMC,2026-06-18,1100.0,957.0,4291.0,7,14.9
Chattrapati Sambhajinagar APMC,2026-06-20,1050.0,986.0,4128.0,7,6.5
Chattrapati Sambhajinagar APMC,2026-06-21,900.0,971.0,4529.0,7,-7.4
Chattrapati Sambhajinagar APMC,2026-06-22,1100.0,993.0,4234.0,7,10.8
Chattrapati Sambhajinagar APMC,2026-06-23,1100.0,1014.0,4121.0,7,8.5
Chattrapati Sambhajinagar APMC,2026-06-24,1600.0,1100.0,4002.0,7,45.5
Chattrapati Sambhajinagar APMC,2026-06-25,1300.0,1164.0,4204.0,7,11.7
Chattrapati Sambhajinagar APMC,2026-06-27,1525.0,1225.0,3654.0,7,24.5
Chattrapati Sambhajinagar APMC,2026-06-28,1550.0,1296.0,3348.0,7,19.6
Chattrapati Sambhajinagar APMC,2026-06-29,1550.0,1389.0,2915.0,7,11.6
Chattrapati Sambhajinagar APMC,2026-06-30,1475.0,1443.0,2897.0,7,2.2
Kolhapur APMC,2024-06-01,1600.0,1600.0,7949.0,1,0.0
Kolhapur APMC,2024-06-03,1700.0,1650.0,7112.0,2,3.0
Kolhapur APMC,2024-06-04,1700.0,1667.0,5877.0,3,2.0
Kolhapur APMC,2024-06-05,1700.0,1675.0,5107.0,4,1.5
Kolhapur APMC,2024-06-06,1700.0,1680.0,4456.0,5,1.2
Kolhapur APMC,2024-06-07,1900.0,1717.0,4022.0,6,10.7
Kolhapur APMC,2024-06-08,1900.0,1743.0,4028.0,7,9.0
Kolhapur APMC,2024-06-10,1600.0,1743.0,3954.0,7,-8.2
Kolhapur APMC,2024-06-11,1700.0,1743.0,3941.0,7,-2.5
Kolhapur APMC,2024-06-12,1600.0,1729.0,4236.0,7,-7.4
Kolhapur APMC,2024-06-13,1800.0,1743.0,4428.0,7,3.3
Kolhapur APMC,2024-06-14,2000.0,1786.0,4839.0,7,12.0
Kolhapur APMC,2024-06-15,2000.0,1800.0,5471.0,7,11.1
Kolhapur APMC,2024-06-18,2000.0,1814.0,5471.0,7,10.2
Kolhapur APMC,2024-06-19,2200.0,1900.0,5067.0,7,15.8
Kolhapur APMC,2024-06-20,2200.0,1971.0,4903.0,7,11.6
Kolhapur APMC,2024-06-21,2200.0,2057.0,4968.0,7,6.9
Kolhapur APMC,2024-06-22,2200.0,2114.0,5489.0,7,4.1
Kolhapur APMC,2024-06-24,2200.0,2143.0,5393.0,7,2.7
Kolhapur APMC,2024-06-25,2100.0,2157.0,5045.0,7,-2.6
Kolhapur APMC,2024-06-26,2100.0,2171.0,5052.0,7,-3.3
Kolhapur APMC,2024-06-27,2100.0,2157.0,4971.0,7,-2.6
Kolhapur APMC,2024-06-28,2200.0,2157.0,4665.0,7,2.0
Kolhapur APMC,2024-06-29,2200.0,2157.0,4367.0,7,2.0
Kolhapur APMC,2024-07-01,2200.0,2157.0,3560.0,7,2.0
Kolhapur APMC,2024-07-02,2200.0,2157.0,3427.0,7,2.0
Kolhapur APMC,2024-07-03,2200.0,2171.0,3595.0,7,1.3
Kolhapur APMC,2024-07-04,2200.0,2186.0,3635.0,7,0.7
Kolhapur APMC,2024-07-05,2200.0,2200.0,3623.0,7,0.0
Kolhapur APMC,2024-07-06,2200.0,2200.0,3989.0,7,0.0
Kolhapur APMC,2024-07-08,2200.0,2200.0,4055.0,7,0.0
Kolhapur APMC,2024-07-09,2200.0,2200.0,4032.0,7,0.0
Kolhapur APMC,2024-07-10,2200.0,2200.0,4145.0,7,0.0
Kolhapur APMC,2024-07-11,2200.0,2200.0,3951.0,7,0.0
Kolhapur APMC,2024-07-12,2200.0,2200.0,3997.0,7,0.0
Kolhapur APMC,2024-07-13,2200.0,2200.0,4182.0,7,0.0
Kolhapur APMC,2024-07-15,2200.0,2200.0,3967.0,7,0.0
Kolhapur APMC,2024-07-16,2200.0,2200.0,3759.0,7,0.0
Kolhapur APMC,2024-07-17,2200.0,2200.0,3826.0,7,0.0
Kolhapur APMC,2024-07-18,2200.0,2200.0,3677.0,7,0.0
Kolhapur APMC,2024-07-19,2200.0,2200.0,3773.0,7,0.0
Kolhapur APMC,2024-07-20,2200.0,2200.0,3928.0,7,0.0
Kolhapur APMC,2024-07-22,2200.0,2200.0,3700.0,7,0.0
Kolhapur APMC,2024-07-23,2200.0,2200.0,3548.0,7,0.0
Kolhapur APMC,2024-07-24,2200.0,2200.0,3473.0,7,0.0
Kolhapur APMC,2024-07-25,2200.0,2200.0,3353.0,7,0.0
Kolhapur APMC,2024-07-26,2300.0,2214.0,3101.0,7,3.9
Kolhapur APMC,2024-07-27,2500.0,2257.0,2794.0,7,10.8
Kolhapur APMC,2024-07-29,2300.0,2271.0,2704.0,7,1.3
Kolhapur APMC,2024-07-30,2300.0,2286.0,2777.0,7,0.6
Kolhapur APMC,2024-07-31,2200.0,2286.0,3044.0,7,-3.8
Kolhapur APMC,2024-09-02,3000.0,2400.0,3165.0,7,25.0
Kolhapur APMC,2024-09-03,3400.0,2571.0,3165.0,7,32.2
Kolhapur APMC,2024-09-04,3400.0,2729.0,3886.0,7,24.6
Kolhapur APMC,2024-09-05,3200.0,2829.0,4219.0,7,13.1
Kolhapur APMC,2024-09-06,3000.0,2929.0,4221.0,7,2.4
Kolhapur APMC,2024-09-09,3000.0,3029.0,3978.0,7,-0.9
Kolhapur APMC,2024-09-10,3000.0,3143.0,3596.0,7,-4.5
Kolhapur APMC,2024-09-11,3000.0,3143.0,3550.0,7,-4.5
Kolhapur APMC,2024-09-13,3000.0,3086.0,3752.0,7,-2.8
Kolhapur APMC,2024-09-14,3200.0,3057.0,3384.0,7,4.7
Kolhapur APMC,2024-09-16,3300.0,3071.0,3017.0,7,7.4
Kolhapur APMC,2024-09-17,3200.0,3100.0,2572.0,7,3.2
Kolhapur APMC,2024-09-18,3200.0,3129.0,2632.0,7,2.3
Kolhapur APMC,2024-09-19,3300.0,3171.0,2558.0,7,4.1
Kolhapur APMC,2024-09-20,3300.0,3214.0,2475.0,7,2.7
Kolhapur APMC,2024-09-21,3400.0,3271.0,2621.0,7,3.9
Kolhapur APMC,2024-09-23,3300.0,3286.0,2445.0,7,0.4
Kolhapur APMC,2024-09-24,3300.0,3286.0,2646.0,7,0.4
Kolhapur APMC,2024-09-25,3200.0,3286.0,2980.0,7,-2.6
Kolhapur APMC,2024-09-26,3200.0,3286.0,2932.0,7,-2.6
Kolhapur APMC,2024-09-27,3200.0,3271.0,3145.0,7,-2.2
Kolhapur APMC,2024-09-28,3200.0,3257.0,3676.0,7,-1.8
Kolhapur APMC,2024-09-30,3000.0,3200.0,3664.0,7,-6.3
Kolhapur APMC,2024-10-01,3000.0,3157.0,3667.0,7,-5.0
Kolhapur APMC,2024-10-02,3000.0,3114.0,3704.0,7,-3.7
Kolhapur APMC,2024-10-03,3000.0,3086.0,3219.0,7,-2.8
Kolhapur APMC,2024-10-04,3300.0,3100.0,3050.0,7,6.5
Kolhapur APMC,2024-10-05,3000.0,3071.0,3142.0,7,-2.3
Kolhapur APMC,2024-10-07,3000.0,3043.0,3139.0,7,-1.4
Kolhapur APMC,2024-10-09,3000.0,3043.0,3104.0,7,-1.4
Kolhapur APMC,2024-10-10,3000.0,3043.0,3155.0,7,-1.4
Kolhapur APMC,2024-10-11,3000.0,3043.0,3216.0,7,-1.4
Kolhapur APMC,2024-10-14,3200.0,3071.0,3388.0,7,4.2
Kolhapur APMC,2024-10-15,3200.0,3057.0,3707.0,7,4.7
Kolhapur APMC,2024-10-16,3200.0,3086.0,3659.0,7,3.7
Kolhapur APMC,2024-10-17,3000.0,3086.0,3211.0,7,-2.8
Kolhapur APMC,2024-10-18,3200.0,3114.0,2855.0,7,2.8
Kolhapur APMC,2024-10-19,3200.0,3143.0,3065.0,7,1.8
Kolhapur APMC,2024-10-21,3200.0,3171.0,2977.0,7,0.9
Kolhapur APMC,2024-10-22,3200.0,3171.0,3085.0,7,0.9
Kolhapur APMC,2024-10-23,3300.0,3186.0,2901.0,7,3.6
Kolhapur APMC,2024-10-24,3500.0,3229.0,2973.0,7,8.4
Kolhapur APMC,2024-10-25,3300.0,3271.0,2994.0,7,0.9
Kolhapur APMC,2024-10-26,3300.0,3286.0,3817.0,7,0.4
Kolhapur APMC,2024-10-28,3000.0,3257.0,4016.0,7,-7.9
Kolhapur APMC,2024-10-29,2800.0,3200.0,4365.0,7,-12.5
Kolhapur APMC,2024-10-30,2500.0,3100.0,4691.0,7,-19.4
Kolhapur APMC,2024-11-02,2600.0,3000.0,4809.0,7,-13.3
Kolhapur APMC,2024-11-04,3000.0,2929.0,4609.0,7,2.4
Kolhapur APMC,2024-11-05,3000.0,2886.0,4631.0,7,4.0
Kolhapur APMC,2024-11-06,3000.0,2843.0,4206.0,7,5.5
Kolhapur APMC,2024-11-07,3200.0,2871.0,3970.0,7,11.4
Kolhapur APMC,2024-11-08,3000.0,2900.0,3768.0,7,3.4
Kolhapur APMC,2024-11-09,3000.0,2971.0,3850.0,7,1.0
Kolhapur APMC,2024-11-11,3000.0,3029.0,4119.0,7,-0.9
Kolhapur APMC,2024-11-12,2800.0,3000.0,4554.0,7,-6.7
Kolhapur APMC,2024-11-13,2700.0,2957.0,5048.0,7,-8.7
Kolhapur APMC,2024-11-14,2500.0,2886.0,5482.0,7,-13.4
Kolhapur APMC,2024-11-16,2600.0,2800.0,6044.0,7,-7.1
Kolhapur APMC,2024-11-18,2600.0,2743.0,6058.0,7,-5.2
Kolhapur APMC,2024-11-19,2600.0,2686.0,6014.0,7,-3.2
Kolhapur APMC,2024-11-21,2600.0,2629.0,5756.0,7,-1.1
Kolhapur APMC,2024-11-22,2600.0,2600.0,5461.0,7,0.0
Kolhapur APMC,2024-11-23,2600.0,2586.0,4913.0,7,0.6
Kolhapur APMC,2024-11-25,2600.0,2600.0,4702.0,7,0.0
Kolhapur APMC,2024-11-26,2600.0,2600.0,4016.0,7,0.0
Kolhapur APMC,2024-11-27,2600.0,2600.0,4073.0,7,0.0
Kolhapur APMC,2024-11-28,2500.0,2586.0,3701.0,7,-3.3
Kolhapur APMC,2024-12-02,2500.0,2571.0,4223.0,7,-2.8
Kolhapur APMC,2024-12-03,2500.0,2557.0,4065.0,7,-2.2
Kolhapur APMC,2024-12-04,2400.0,2529.0,4355.0,7,-5.1
Kolhapur APMC,2024-12-05,2500.0,2514.0,4008.0,7,-0.6
Kolhapur APMC,2024-12-06,2500.0,2500.0,4028.0,7,0.0
Kolhapur APMC,2024-12-07,2500.0,2486.0,3811.0,7,0.6
Kolhapur APMC,2024-12-09,2700.0,2514.0,3993.0,7,7.4
Kolhapur APMC,2024-12-10,2700.0,2543.0,3385.0,7,6.2
Kolhapur APMC,2024-12-11,2800.0,2586.0,3868.0,7,8.3
Kolhapur APMC,2024-12-12,2800.0,2643.0,3785.0,7,5.9
Kolhapur APMC,2024-12-13,2400.0,2629.0,4060.0,7,-8.7
Kolhapur APMC,2024-12-14,2400.0,2614.0,4555.0,7,-8.2
Kolhapur APMC,2024-12-16,2300.0,2586.0,4831.0,7,-11.0
Kolhapur APMC,2024-12-17,2200.0,2514.0,4779.0,7,-12.5
Kolhapur APMC,2024-12-18,2200.0,2443.0,5171.0,7,-9.9
Kolhapur APMC,2024-12-19,2200.0,2357.0,5009.0,7,-6.7
Kolhapur APMC,2024-12-20,2000.0,2243.0,5246.0,7,-10.8
Kolhapur APMC,2024-12-21,1800.0,2157.0,5629.0,7,-16.6
Kolhapur APMC,2024-12-23,1800.0,2071.0,5251.0,7,-13.1
Kolhapur APMC,2024-12-24,2000.0,2029.0,5029.0,7,-1.4
Kolhapur APMC,2024-12-25,2000.0,2000.0,4901.0,7,0.0
Kolhapur APMC,2024-12-26,2000.0,1971.0,4607.0,7,1.4
Kolhapur APMC,2024-12-27,2000.0,1943.0,4682.0,7,2.9
Kolhapur APMC,2024-12-28,2200.0,1971.0,4563.0,7,11.6
Kolhapur APMC,2024-12-30,2000.0,2000.0,4042.0,7,0.0
Kolhapur APMC,2024-12-31,2000.0,2029.0,3815.0,7,-1.4
Kolhapur APMC,2025-01-01,2200.0,2057.0,3868.0,7,6.9
Kolhapur APMC,2025-01-02,2200.0,2086.0,3882.0,7,5.5
Kolhapur APMC,2025-01-03,2300.0,2129.0,3931.0,7,8.1
Kolhapur APMC,2025-01-06,2000.0,2129.0,4268.0,7,-6.0
Kolhapur APMC,2025-01-07,2100.0,2114.0,4235.0,7,-0.7
Kolhapur APMC,2025-01-08,2100.0,2129.0,4578.0,7,-1.3
Kolhapur APMC,2025-01-09,2000.0,2129.0,5043.0,7,-6.0
Kolhapur APMC,2025-01-10,2000.0,2100.0,5302.0,7,-4.8
Kolhapur APMC,2025-01-11,1100.0,1943.0,6120.0,7,-43.4
Kolhapur APMC,2025-01-13,1800.0,1871.0,6033.0,7,-3.8
Kolhapur APMC,2025-01-14,1800.0,1843.0,5105.0,7,-2.3
Kolhapur APMC,2025-01-16,2200.0,1857.0,4657.0,7,18.5
Kolhapur APMC,2025-01-17,2000.0,1843.0,4171.0,7,8.5
Kolhapur APMC,2025-01-18,2000.0,1843.0,4010.0,7,8.5
Kolhapur APMC,2025-01-20,2000.0,1843.0,3927.0,7,8.5
Kolhapur APMC,2025-01-21,1900.0,1957.0,3146.0,7,-2.9
Kolhapur APMC,2025-01-22,1800.0,1957.0,3299.0,7,-8.0
Kolhapur APMC,2025-01-23,1800.0,1957.0,3464.0,7,-8.0
Kolhapur APMC,2025-01-24,1800.0,1900.0,3878.0,7,-5.3
Kolhapur APMC,2025-01-25,1800.0,1871.0,4329.0,7,-3.8
Kolhapur APMC,2025-01-27,1800.0,1843.0,4401.0,7,-2.3
Kolhapur APMC,2025-01-28,1700.0,1800.0,4305.0,7,-5.6
Kolhapur APMC,2025-01-29,1700.0,1771.0,4571.0,7,-4.0
Kolhapur APMC,2025-01-30,1500.0,1729.0,4459.0,7,-13.2
Kolhapur APMC,2025-01-31,1500.0,1686.0,4809.0,7,-11.0
Kolhapur APMC,2025-02-01,1700.0,1671.0,4911.0,7,1.7
Kolhapur APMC,2025-02-03,2000.0,1700.0,7167.0,7,17.6
Kolhapur APMC,2025-02-04,2000.0,1729.0,6786.0,7,15.7
Kolhapur APMC,2025-02-05,2000.0,1771.0,6682.0,7,12.9
Kolhapur APMC,2025-02-06,2200.0,1843.0,6250.0,7,19.4
Kolhapur APMC,2025-02-07,2000.0,1914.0,6219.0,7,4.5
Kolhapur APMC,2025-02-08,2200.0,2014.0,6298.0,7,9.2
Kolhapur APMC,2025-02-13,2000.0,2057.0,5905.0,7,-2.8
Kolhapur APMC,2025-02-14,2000.0,2057.0,3298.0,7,-2.8
Kolhapur APMC,2025-02-15,2200.0,2086.0,3751.0,7,5.5
Kolhapur APMC,2025-02-17,2200.0,2114.0,4182.0,7,4.1
Kolhapur APMC,2025-02-18,2000.0,2086.0,4674.0,7,-4.1
Kolhapur APMC,2025-02-20,2000.0,2086.0,5248.0,7,-4.1
Kolhapur APMC,2025-02-21,1800.0,2029.0,5207.0,7,-11.3
Kolhapur APMC,2025-02-22,2000.0,2029.0,5846.0,7,-1.4
Kolhapur APMC,2025-02-24,1900.0,2014.0,6302.0,7,-5.7
Kolhapur APMC,2025-02-25,1800.0,1957.0,6257.0,7,-8.0
Kolhapur APMC,2025-02-26,1800.0,1900.0,5893.0,7,-5.3
Kolhapur APMC,2025-02-27,1800.0,1871.0,5753.0,7,-3.8
Kolhapur APMC,2025-02-28,1700.0,1829.0,5365.0,7,-7.0
Kolhapur APMC,2025-03-01,1800.0,1829.0,5506.0,7,-1.6
Kolhapur APMC,2025-03-03,1900.0,1814.0,5493.0,7,4.7
Kolhapur APMC,2025-03-04,1700.0,1786.0,5086.0,7,-4.8
Kolhapur APMC,2025-03-05,1700.0,1771.0,5276.0,7,-4.0
Kolhapur APMC,2025-03-06,1700.0,1757.0,5372.0,7,-3.3
Kolhapur APMC,2025-03-07,1600.0,1729.0,5446.0,7,-7.4
Kolhapur APMC,2025-03-08,1600.0,1714.0,6089.0,7,-6.7
Kolhapur APMC,2025-03-10,1400.0,1657.0,6589.0,7,-15.5
Kolhapur APMC,2025-03-11,1400.0,1586.0,6386.0,7,-11.7
Kolhapur APMC,2025-03-12,1200.0,1514.0,6678.0,7,-20.8
Kolhapur APMC,2025-03-15,1400.0,1471.0,6321.0,7,-4.9
Kolhapur APMC,2025-03-17,1500.0,1443.0,6499.0,7,4.0
Kolhapur APMC,2025-03-18,1500.0,1429.0,6438.0,7,5.0
Kolhapur APMC,2025-03-20,1400.0,1400.0,6469.0,7,0.0
Kolhapur APMC,2025-03-21,1200.0,1371.0,5980.0,7,-12.5
Kolhapur APMC,2025-03-22,1200.0,1343.0,6323.0,7,-10.6
Kolhapur APMC,2025-03-24,1400.0,1371.0,6018.0,7,2.1
Kolhapur APMC,2025-03-25,1400.0,1371.0,5746.0,7,2.1
Kolhapur APMC,2025-03-26,1300.0,1343.0,5462.0,7,-3.2
Kolhapur APMC,2025-03-27,1300.0,1314.0,5317.0,7,-1.1
Kolhapur APMC,2025-03-28,1200.0,1286.0,4811.0,7,-6.7
Kolhapur APMC,2025-03-29,1200.0,1286.0,5005.0,7,-6.7
Kolhapur APMC,2025-04-01,1200.0,1286.0,4311.0,7,-6.7
Kolhapur APMC,2025-04-02,1200.0,1257.0,4216.0,7,-4.5
Kolhapur APMC,2025-04-03,1200.0,1229.0,4779.0,7,-2.3
Kolhapur APMC,2025-04-04,1200.0,1214.0,4780.0,7,-1.2
Kolhapur APMC,2025-04-05,1200.0,1200.0,5249.0,7,0.0
Kolhapur APMC,2025-04-07,1200.0,1200.0,5478.0,7,0.0
Kolhapur APMC,2025-04-08,1200.0,1200.0,5013.0,7,0.0
Kolhapur APMC,2025-04-09,1200.0,1200.0,5545.0,7,0.0
Kolhapur APMC,2025-04-10,1100.0,1186.0,5942.0,7,-7.2
Kolhapur APMC,2025-04-11,1000.0,1157.0,6099.0,7,-13.6
Kolhapur APMC,2025-04-12,900.0,1114.0,6574.0,7,-19.2
Kolhapur APMC,2025-04-14,900.0,1071.0,5853.0,7,-16.0
Kolhapur APMC,2025-04-15,1000.0,1043.0,5147.0,7,-4.1
Kolhapur APMC,2025-04-16,1000.0,1014.0,4959.0,7,-1.4
Kolhapur APMC,2025-04-17,1000.0,986.0,4549.0,7,1.4
Kolhapur APMC,2025-04-18,1100.0,986.0,4278.0,7,11.6
Kolhapur APMC,2025-04-19,1100.0,1000.0,3917.0,7,10.0
Kolhapur APMC,2025-04-21,1100.0,1029.0,3571.0,7,6.9
Kolhapur APMC,2025-04-22,1000.0,1043.0,3912.0,7,-4.1
Kolhapur APMC,2025-04-23,1000.0,1043.0,4336.0,7,-4.1
Kolhapur APMC,2025-04-24,1000.0,1043.0,4682.0,7,-4.1
Kolhapur APMC,2025-04-25,1000.0,1043.0,4894.0,7,-4.1
Kolhapur APMC,2025-04-26,1000.0,1029.0,5333.0,7,-2.8
Kolhapur APMC,2025-04-28,1000.0,1014.0,5731.0,7,-1.4
Kolhapur APMC,2025-04-29,1000.0,1000.0,5677.0,7,0.0
Kolhapur APMC,2025-04-30,1000.0,1000.0,5912.0,7,0.0
Kolhapur APMC,2025-05-02,1000.0,1000.0,5810.0,7,0.0
Kolhapur APMC,2025-05-03,1000.0,1000.0,5938.0,7,0.0
Kolhapur APMC,2025-05-05,1100.0,1014.0,6176.0,7,8.5
Kolhapur APMC,2025-05-06,1100.0,1029.0,5843.0,7,6.9
Kolhapur APMC,2025-05-07,1000.0,1029.0,5558.0,7,-2.8
Kolhapur APMC,2025-05-08,1000.0,1029.0,5538.0,7,-2.8
Kolhapur APMC,2025-05-09,1000.0,1029.0,5506.0,7,-2.8
Kolhapur APMC,2025-05-10,1000.0,1029.0,5809.0,7,-2.8
Kolhapur APMC,2025-05-12,1000.0,1029.0,6136.0,7,-2.8
Kolhapur APMC,2025-05-13,900.0,1000.0,5881.0,7,-10.0
Kolhapur APMC,2025-05-15,1000.0,986.0,5726.0,7,1.4
Kolhapur APMC,2025-05-16,1000.0,986.0,5423.0,7,1.4
Kolhapur APMC,2025-05-17,1000.0,986.0,5461.0,7,1.4
Kolhapur APMC,2025-05-19,1000.0,986.0,5625.0,7,1.4
Kolhapur APMC,2025-05-20,1000.0,986.0,5300.0,7,1.4
Kolhapur APMC,2025-05-21,1000.0,986.0,4739.0,7,1.4
Kolhapur APMC,2025-05-22,1100.0,1014.0,4534.0,7,8.5
Kolhapur APMC,2025-05-23,1000.0,1014.0,4619.0,7,-1.4
Kolhapur APMC,2025-05-24,1000.0,1014.0,4444.0,7,-1.4
Kolhapur APMC,2025-05-26,1200.0,1043.0,3953.0,7,15.1
Kolhapur APMC,2025-05-27,1400.0,1100.0,3396.0,7,27.3
Kolhapur APMC,2025-05-28,1500.0,1171.0,3283.0,7,28.0
Kolhapur APMC,2025-05-29,1400.0,1229.0,3539.0,7,14.0
Kolhapur APMC,2025-05-30,1000.0,1214.0,4288.0,7,-17.6
Kolhapur APMC,2025-05-31,1100.0,1229.0,5200.0,7,-10.5
Kolhapur APMC,2025-06-02,1000.0,1229.0,6092.0,7,-18.6
Kolhapur APMC,2025-06-03,1000.0,1200.0,6457.0,7,-16.7
Kolhapur APMC,2025-06-04,1200.0,1171.0,6620.0,7,2.4
Kolhapur APMC,2025-06-05,1200.0,1129.0,6449.0,7,6.3
Kolhapur APMC,2025-06-06,1200.0,1100.0,6024.0,7,9.1
Kolhapur APMC,2025-06-09,1200.0,1129.0,5327.0,7,6.3
Kolhapur APMC,2025-06-10,1200.0,1143.0,3961.0,7,5.0
Kolhapur APMC,2025-06-11,1200.0,1171.0,3179.0,7,2.4
Kolhapur APMC,2025-06-12,1200.0,1200.0,3029.0,7,0.0
Kolhapur APMC,2025-06-13,1200.0,1200.0,2781.0,7,0.0
Kolhapur APMC,2025-06-14,1200.0,1200.0,2982.0,7,0.0
Kolhapur APMC,2025-06-16,1200.0,1200.0,3773.0,7,0.0
Kolhapur APMC,2025-06-17,1200.0,1200.0,3483.0,7,0.0
Kolhapur APMC,2025-06-18,1200.0,1200.0,3755.0,7,0.0
Kolhapur APMC,2025-06-19,1200.0,1200.0,3738.0,7,0.0
Kolhapur APMC,2025-06-20,1200.0,1200.0,3481.0,7,0.0
Kolhapur APMC,2025-06-21,1200.0,1200.0,3571.0,7,0.0
Kolhapur APMC,2025-06-23,1200.0,1200.0,3377.0,7,0.0
Kolhapur APMC,2025-06-24,1200.0,1200.0,2396.0,7,0.0
Kolhapur APMC,2025-06-25,1200.0,1200.0,2330.0,7,0.0
Kolhapur APMC,2025-06-26,1200.0,1200.0,2114.0,7,0.0
Kolhapur APMC,2025-06-27,1200.0,1200.0,1955.0,7,0.0
Kolhapur APMC,2025-06-28,1200.0,1200.0,2229.0,7,0.0
Kolhapur APMC,2025-06-30,1200.0,1200.0,2281.0,7,0.0
Kolhapur APMC,2025-07-01,1200.0,1200.0,2216.0,7,0.0
Kolhapur APMC,2025-07-03,1200.0,1200.0,2211.0,7,0.0
Kolhapur APMC,2025-07-04,1200.0,1200.0,2366.0,7,0.0
Kolhapur APMC,2025-07-05,1200.0,1200.0,2546.0,7,0.0
Kolhapur APMC,2025-07-07,1200.0,1200.0,2689.0,7,0.0
Kolhapur APMC,2025-07-08,1200.0,1200.0,2555.0,7,0.0
Kolhapur APMC,2025-07-09,1200.0,1200.0,2321.0,7,0.0
Kolhapur APMC,2025-07-10,1200.0,1200.0,2310.0,7,0.0
Kolhapur APMC,2025-07-11,1200.0,1200.0,2343.0,7,0.0
Kolhapur APMC,2025-07-12,1200.0,1200.0,2407.0,7,0.0
Kolhapur APMC,2025-07-14,1200.0,1200.0,2586.0,7,0.0
Kolhapur APMC,2025-07-15,1200.0,1200.0,2510.0,7,0.0
Kolhapur APMC,2025-07-16,1200.0,1200.0,2417.0,7,0.0
Kolhapur APMC,2025-07-17,1200.0,1200.0,2632.0,7,0.0
Kolhapur APMC,2025-07-18,1200.0,1200.0,2876.0,7,0.0
Kolhapur APMC,2025-07-19,1200.0,1200.0,3149.0,7,0.0
Kolhapur APMC,2025-07-21,1000.0,1171.0,3322.0,7,-14.6
Kolhapur APMC,2025-07-22,1000.0,1143.0,3083.0,7,-12.5
Kolhapur APMC,2025-07-23,1000.0,1114.0,3223.0,7,-10.3
Kolhapur APMC,2025-07-24,1000.0,1086.0,3268.0,7,-7.9
Kolhapur APMC,2025-07-25,1000.0,1057.0,3150.0,7,-5.4
Kolhapur APMC,2025-07-28,1000.0,1029.0,3095.0,7,-2.8
Kolhapur APMC,2025-07-30,1000.0,1000.0,2923.0,7,0.0
Kolhapur APMC,2025-07-31,1000.0,1000.0,2756.0,7,0.0
Kolhapur APMC,2025-08-01,1000.0,1000.0,2784.0,7,0.0
Kolhapur APMC,2025-08-02,1000.0,1000.0,3056.0,7,0.0
Kolhapur APMC,2025-08-04,1000.0,1000.0,3318.0,7,0.0
Kolhapur APMC,2025-08-05,800.0,971.0,3420.0,7,-17.6
Kolhapur APMC,2025-08-06,800.0,943.0,3525.0,7,-15.2
Kolhapur APMC,2025-08-07,800.0,914.0,3407.0,7,-12.5
Kolhapur APMC,2025-08-08,800.0,886.0,3307.0,7,-9.7
Kolhapur APMC,2025-08-11,1000.0,886.0,3122.0,7,12.9
Kolhapur APMC,2025-08-12,1200.0,914.0,2704.0,7,31.2
Kolhapur APMC,2025-08-13,1200.0,943.0,2824.0,7,27.3
Kolhapur APMC,2025-08-14,1200.0,1000.0,3054.0,7,20.0
Kolhapur APMC,2025-08-16,1200.0,1057.0,3399.0,7,13.5
Kolhapur APMC,2025-08-18,1000.0,1086.0,3726.0,7,-7.9
Kolhapur APMC,2025-08-19,1000.0,1114.0,3684.0,7,-10.3
Kolhapur APMC,2025-08-20,1000.0,1114.0,3812.0,7,-10.3
Kolhapur APMC,2025-08-21,1000.0,1086.0,3799.0,7,-7.9
Kolhapur APMC,2025-08-22,1100.0,1071.0,3725.0,7,2.7
Kolhapur APMC,2025-08-23,1100.0,1057.0,3971.0,7,4.1
Kolhapur APMC,2025-08-25,1100.0,1043.0,4059.0,7,5.5
Kolhapur APMC,2025-08-26,1000.0,1043.0,4376.0,7,-4.1
Kolhapur APMC,2025-08-28,900.0,1029.0,4719.0,7,-12.5
Kolhapur APMC,2025-08-29,900.0,1014.0,4645.0,7,-11.3
Kolhapur APMC,2025-08-30,1000.0,1014.0,4677.0,7,-1.4
Kolhapur APMC,2025-09-01,1000.0,1000.0,4657.0,7,0.0
Kolhapur APMC,2025-09-03,1000.0,986.0,4362.0,7,1.4
Kolhapur APMC,2025-09-04,1000.0,971.0,3789.0,7,2.9
Kolhapur APMC,2025-09-05,1000.0,971.0,3395.0,7,2.9
Kolhapur APMC,2025-09-06,1000.0,986.0,3094.0,7,1.4
Kolhapur APMC,2025-09-08,1000.0,1000.0,3583.0,7,0.0
Kolhapur APMC,2025-09-09,1000.0,1000.0,3738.0,7,0.0
Kolhapur APMC,2025-09-10,1000.0,1000.0,3872.0,7,0.0
Kolhapur APMC,2025-09-11,1000.0,1000.0,3941.0,7,0.0
Kolhapur APMC,2025-09-12,1000.0,1000.0,4046.0,7,0.0
Kolhapur APMC,2025-09-13,900.0,986.0,4124.0,7,-8.7
Kolhapur APMC,2025-09-15,900.0,971.0,4067.0,7,-7.4
Kolhapur APMC,2025-09-16,900.0,957.0,3493.0,7,-6.0
Kolhapur APMC,2025-09-17,900.0,943.0,3431.0,7,-4.5
Kolhapur APMC,2025-09-18,900.0,929.0,3167.0,7,-3.1
Kolhapur APMC,2025-09-19,900.0,914.0,2786.0,7,-1.6
Kolhapur APMC,2025-09-20,1000.0,914.0,2887.0,7,9.4
Kolhapur APMC,2025-09-22,1000.0,929.0,2622.0,7,7.7
Kolhapur APMC,2025-09-23,1000.0,943.0,2528.0,7,6.1
Kolhapur APMC,2025-09-24,1000.0,957.0,2683.0,7,4.5
Kolhapur APMC,2025-09-25,1000.0,971.0,3013.0,7,2.9
Kolhapur APMC,2025-09-26,1000.0,986.0,3265.0,7,1.4
Kolhapur APMC,2025-09-27,800.0,971.0,3614.0,7,-17.6
Kolhapur APMC,2025-09-29,900.0,957.0,3261.0,7,-6.0
Kolhapur APMC,2025-09-30,900.0,943.0,3164.0,7,-4.5
Kolhapur APMC,2025-10-01,900.0,929.0,3394.0,7,-3.1
Kolhapur APMC,2025-10-03,1000.0,929.0,3211.0,7,7.7
Kolhapur APMC,2025-10-04,1000.0,929.0,3060.0,7,7.7
Kolhapur APMC,2025-10-06,1000.0,929.0,3413.0,7,7.7
Kolhapur APMC,2025-10-07,1000.0,957.0,3359.0,7,4.5
Kolhapur APMC,2025-10-08,1000.0,971.0,3957.0,7,2.9
Kolhapur APMC,2025-10-09,1000.0,986.0,4426.0,7,1.4
Kolhapur APMC,2025-10-13,900.0,986.0,4508.0,7,-8.7
Kolhapur APMC,2025-10-14,900.0,971.0,4655.0,7,-7.4
Kolhapur APMC,2025-10-15,800.0,943.0,4607.0,7,-15.2
Kolhapur APMC,2025-10-16,900.0,929.0,3911.0,7,-3.1
Kolhapur APMC,2025-10-17,900.0,914.0,3898.0,7,-1.6
Kolhapur APMC,2025-10-18,1000.0,914.0,3976.0,7,9.4
Kolhapur APMC,2025-10-22,1000.0,914.0,3849.0,7,9.4
Kolhapur APMC,2025-10-23,800.0,900.0,3522.0,7,-11.1
Kolhapur APMC,2025-10-24,900.0,900.0,3417.0,7,0.0
Kolhapur APMC,2025-10-27,1000.0,929.0,3530.0,7,7.7
Kolhapur APMC,2025-10-28,900.0,929.0,3816.0,7,-3.1
Kolhapur APMC,2025-10-29,900.0,929.0,3843.0,7,-3.1
Kolhapur APMC,2025-10-30,1000.0,929.0,3686.0,7,7.7
Kolhapur APMC,2025-10-31,1000.0,929.0,3684.0,7,7.7
Kolhapur APMC,2025-11-01,1000.0,957.0,4421.0,7,4.5
Kolhapur APMC,2025-11-03,1000.0,971.0,5125.0,7,2.9
Kolhapur APMC,2025-11-04,1000.0,971.0,5169.0,7,2.9
Kolhapur APMC,2025-11-07,1000.0,986.0,5101.0,7,1.4
Kolhapur APMC,2025-11-08,1000.0,1000.0,5460.0,7,0.0
Kolhapur APMC,2025-11-10,1000.0,1000.0,5533.0,7,0.0
Kolhapur APMC,2025-11-11,900.0,986.0,5547.0,7,-8.7
Kolhapur APMC,2025-11-12,1000.0,986.0,5255.0,7,1.4
Kolhapur APMC,2025-11-13,1000.0,986.0,4878.0,7,1.4
Kolhapur APMC,2025-11-14,1000.0,986.0,4790.0,7,1.4
Kolhapur APMC,2025-11-15,1000.0,986.0,4901.0,7,1.4
Kolhapur APMC,2025-11-17,1000.0,986.0,4597.0,7,1.4
Kolhapur APMC,2025-11-18,1000.0,986.0,4225.0,7,1.4
Kolhapur APMC,2025-11-19,1000.0,1000.0,4247.0,7,0.0
Kolhapur APMC,2025-11-20,1000.0,1000.0,4260.0,7,0.0
Kolhapur APMC,2025-11-21,1000.0,1000.0,4466.0,7,0.0
Kolhapur APMC,2025-11-22,1000.0,1000.0,4686.0,7,0.0
Kolhapur APMC,2025-11-24,900.0,986.0,4774.0,7,-8.7
Kolhapur APMC,2025-11-25,900.0,971.0,4677.0,7,-7.4
Kolhapur APMC,2025-11-26,900.0,957.0,4758.0,7,-6.0
Kolhapur APMC,2025-11-27,1000.0,957.0,4742.0,7,4.5
Kolhapur APMC,2025-11-28,1000.0,957.0,4640.0,7,4.5
Kolhapur APMC,2025-11-29,1100.0,971.0,4674.0,7,13.2
Kolhapur APMC,2025-12-01,1000.0,971.0,4531.0,7,2.9
Kolhapur APMC,2025-12-02,1000.0,986.0,4217.0,7,1.4
Kolhapur APMC,2025-12-03,1100.0,1014.0,4252.0,7,8.5
Kolhapur APMC,2025-12-04,1000.0,1029.0,4170.0,7,-2.8
Kolhapur APMC,2025-12-05,1000.0,1029.0,4164.0,7,-2.8
Kolhapur APMC,2025-12-06,1100.0,1043.0,4411.0,7,5.5
Kolhapur APMC,2025-12-08,1000.0,1029.0,4454.0,7,-2.8
Kolhapur APMC,2025-12-09,1200.0,1057.0,4270.0,7,13.5
Kolhapur APMC,2025-12-10,1200.0,1086.0,4345.0,7,10.5
Kolhapur APMC,2025-12-11,1400.0,1129.0,4067.0,7,24.1
Kolhapur APMC,2025-12-13,1800.0,1243.0,4423.0,7,44.8
Kolhapur APMC,2025-12-15,1900.0,1371.0,4489.0,7,38.5
Kolhapur APMC,2025-12-16,2000.0,1500.0,4361.0,7,33.3
Kolhapur APMC,2025-12-17,1800.0,1614.0,4492.0,7,11.5
Kolhapur APMC,2025-12-18,1600.0,1671.0,4799.0,7,-4.3
Kolhapur APMC,2025-12-19,1300.0,1686.0,4994.0,7,-22.9
Kolhapur APMC,2025-12-20,1300.0,1671.0,5383.0,7,-22.2
Kolhapur APMC,2025-12-22,1400.0,1614.0,5101.0,7,-13.3
Kolhapur APMC,2025-12-23,1700.0,1586.0,4882.0,7,7.2
Kolhapur APMC,2025-12-24,1500.0,1514.0,4926.0,7,-0.9
Kolhapur APMC,2025-12-25,1300.0,1443.0,4625.0,7,-9.9
Kolhapur APMC,2025-12-26,1300.0,1400.0,4564.0,7,-7.1
Kolhapur APMC,2025-12-27,1400.0,1414.0,5051.0,7,-1.0
Kolhapur APMC,2025-12-29,1300.0,1414.0,5445.0,7,-8.1
Kolhapur APMC,2025-12-30,1200.0,1386.0,5755.0,7,-13.4
Kolhapur APMC,2025-12-31,1300.0,1329.0,6208.0,7,-2.2
Kolhapur APMC,2026-01-01,1200.0,1286.0,6251.0,7,-6.7
Kolhapur APMC,2026-01-02,1100.0,1257.0,6274.0,7,-12.5
Kolhapur APMC,2026-01-03,1300.0,1257.0,6796.0,7,3.4
Kolhapur APMC,2026-01-05,1100.0,1214.0,6711.0,7,-9.4
Kolhapur APMC,2026-01-06,1100.0,1186.0,6325.0,7,-7.2
Kolhapur APMC,2026-01-07,1100.0,1171.0,6338.0,7,-6.1
Kolhapur APMC,2026-01-08,1100.0,1143.0,6141.0,7,-3.8
Kolhapur APMC,2026-01-09,1200.0,1143.0,6361.0,7,5.0
Kolhapur APMC,2026-01-10,1200.0,1157.0,7029.0,7,3.7
Kolhapur APMC,2026-01-12,1200.0,1143.0,6649.0,7,5.0
Kolhapur APMC,2026-01-13,1200.0,1157.0,6171.0,7,3.7
Kolhapur APMC,2026-01-14,1200.0,1171.0,6044.0,7,2.4
Kolhapur APMC,2026-01-16,1300.0,1200.0,5429.0,7,8.3
Kolhapur APMC,2026-01-17,1100.0,1200.0,5737.0,7,-8.3
Kolhapur APMC,2026-01-19,1200.0,1200.0,5813.0,7,0.0
Kolhapur APMC,2026-01-20,1000.0,1171.0,5204.0,7,-14.6
Kolhapur APMC,2026-01-21,1200.0,1171.0,5183.0,7,2.4
Kolhapur APMC,2026-01-22,1100.0,1157.0,5254.0,7,-4.9
Kolhapur APMC,2026-01-23,1100.0,1143.0,5554.0,7,-3.8
Kolhapur APMC,2026-01-24,1100.0,1114.0,6744.0,7,-1.3
Kolhapur APMC,2026-01-27,1100.0,1114.0,6876.0,7,-1.3
Kolhapur APMC,2026-01-28,1100.0,1100.0,7190.0,7,0.0
Kolhapur APMC,2026-01-30,1000.0,1100.0,7982.0,7,-9.1
Kolhapur APMC,2026-01-31,1100.0,1086.0,8212.0,7,1.3
Kolhapur APMC,2026-02-02,1200.0,1100.0,8423.0,7,9.1
Kolhapur APMC,2026-02-03,1200.0,1114.0,8323.0,7,7.7
Kolhapur APMC,2026-02-04,1200.0,1129.0,7914.0,7,6.3
Kolhapur APMC,2026-02-05,1000.0,1114.0,7681.0,7,-10.3
Kolhapur APMC,2026-02-06,1000.0,1100.0,7483.0,7,-9.1
Kolhapur APMC,2026-02-09,1000.0,1100.0,6724.0,7,-9.1
Kolhapur APMC,2026-02-10,1000.0,1086.0,6369.0,7,-7.9
Kolhapur APMC,2026-02-11,1000.0,1057.0,6411.0,7,-5.4
Kolhapur APMC,2026-02-12,1000.0,1029.0,6459.0,7,-2.8
Kolhapur APMC,2026-02-13,1000.0,1000.0,6278.0,7,0.0
Kolhapur APMC,2026-02-14,1100.0,1014.0,6972.0,7,8.5
Kolhapur APMC,2026-02-16,1000.0,1014.0,6854.0,7,-1.4
Kolhapur APMC,2026-02-17,1000.0,1014.0,7095.0,7,-1.4
Kolhapur APMC,2026-02-18,1100.0,1029.0,8059.0,7,6.9
Kolhapur APMC,2026-02-20,1000.0,1029.0,8367.0,7,-2.8
Kolhapur APMC,2026-02-21,1000.0,1029.0,8842.0,7,-2.8
Kolhapur APMC,2026-02-23,1100.0,1043.0,9196.0,7,5.5
Kolhapur APMC,2026-02-24,900.0,1014.0,8524.0,7,-11.3
Kolhapur APMC,2026-02-25,1000.0,1014.0,8512.0,7,-1.4
Kolhapur APMC,2026-02-26,800.0,986.0,8312.0,7,-18.8
Kolhapur APMC,2026-02-27,800.0,943.0,7182.0,7,-15.2
Kolhapur APMC,2026-02-28,900.0,929.0,6995.0,7,-3.1
Kolhapur APMC,2026-03-02,900.0,914.0,6486.0,7,-1.6
Kolhapur APMC,2026-03-04,900.0,886.0,5879.0,7,1.6
Kolhapur APMC,2026-03-05,900.0,886.0,5388.0,7,1.6
Kolhapur APMC,2026-03-06,900.0,871.0,5054.0,7,3.3
Kolhapur APMC,2026-03-07,1000.0,900.0,5507.0,7,11.1
Kolhapur APMC,2026-03-09,1100.0,943.0,6033.0,7,16.7
Kolhapur APMC,2026-03-10,1000.0,957.0,5746.0,7,4.5
Kolhapur APMC,2026-03-11,1100.0,986.0,5990.0,7,11.6
Kolhapur APMC,2026-03-12,1000.0,1000.0,6284.0,7,0.0
Kolhapur APMC,2026-03-13,1000.0,1014.0,6696.0,7,-1.4
Kolhapur APMC,2026-03-14,1000.0,1029.0,7435.0,7,-2.8
Kolhapur APMC,2026-03-16,1000.0,1029.0,7527.0,7,-2.8
Kolhapur APMC,2026-03-17,900.0,1000.0,7374.0,7,-10.0
Kolhapur APMC,2026-03-18,800.0,971.0,7699.0,7,-17.6
Kolhapur APMC,2026-03-19,800.0,929.0,7158.0,7,-13.8
Kolhapur APMC,2026-03-20,900.0,914.0,6840.0,7,-1.6
Kolhapur APMC,2026-03-23,1000.0,914.0,7201.0,7,9.4
Kolhapur APMC,2026-03-24,1000.0,914.0,6474.0,7,9.4
Kolhapur APMC,2026-03-25,1000.0,914.0,5907.0,7,9.4
Kolhapur APMC,2026-03-26,1000.0,929.0,5585.0,7,7.7
Kolhapur APMC,2026-03-27,1000.0,957.0,5302.0,7,4.5
Kolhapur APMC,2026-03-28,1000.0,986.0,6108.0,7,1.4
Kolhapur APMC,2026-03-30,1000.0,1000.0,7201.0,7,0.0
Kolhapur APMC,2026-03-31,800.0,971.0,6744.0,7,-17.6
Kolhapur APMC,2026-04-01,900.0,957.0,6861.0,7,-6.0
Kolhapur APMC,2026-04-02,800.0,929.0,6608.0,7,-13.8
Kolhapur APMC,2026-04-03,800.0,900.0,6417.0,7,-11.1
Kolhapur APMC,2026-04-04,1000.0,900.0,6146.0,7,11.1
Kolhapur APMC,2026-04-06,1000.0,900.0,5655.0,7,11.1
Kolhapur APMC,2026-04-07,900.0,886.0,4620.0,7,1.6
Kolhapur APMC,2026-04-08,1000.0,914.0,4865.0,7,9.4
Kolhapur APMC,2026-04-09,900.0,914.0,4636.0,7,-1.6
Kolhapur APMC,2026-04-10,900.0,929.0,4847.0,7,-3.1
Kolhapur APMC,2026-04-11,1000.0,957.0,5381.0,7,4.5
Kolhapur APMC,2026-04-13,1000.0,957.0,5825.0,7,4.5
Kolhapur APMC,2026-04-14,900.0,943.0,5715.0,7,-4.5
Kolhapur APMC,2026-04-15,900.0,943.0,6041.0,7,-4.5
Kolhapur APMC,2026-04-16,800.0,914.0,5577.0,7,-12.5
Kolhapur APMC,2026-04-17,800.0,900.0,5869.0,7,-11.1
Kolhapur APMC,2026-04-18,900.0,900.0,6364.0,7,0.0
Kolhapur APMC,2026-04-21,800.0,871.0,5973.0,7,-8.2
Kolhapur APMC,2026-04-22,1000.0,871.0,5588.0,7,14.8
Kolhapur APMC,2026-04-23,900.0,871.0,5314.0,7,3.3
Kolhapur APMC,2026-04-24,900.0,871.0,4887.0,7,3.3
Kolhapur APMC,2026-04-25,1000.0,900.0,5217.0,7,11.1
Kolhapur APMC,2026-04-27,1000.0,929.0,5128.0,7,7.7
Kolhapur APMC,2026-04-28,1000.0,943.0,4564.0,7,6.1
Kolhapur APMC,2026-04-29,1000.0,971.0,4835.0,7,2.9
Kolhapur APMC,2026-04-30,1000.0,971.0,4886.0,7,2.9
Kolhapur APMC,2026-05-02,1000.0,986.0,5690.0,7,1.4
Kolhapur APMC,2026-05-04,1000.0,1000.0,6107.0,7,0.0
Kolhapur APMC,2026-05-05,1000.0,1000.0,6069.0,7,0.0
Kolhapur APMC,2026-05-06,1000.0,1000.0,6371.0,7,0.0
Kolhapur APMC,2026-05-07,900.0,986.0,6365.0,7,-8.7
Kolhapur APMC,2026-05-08,1000.0,986.0,6459.0,7,1.4
Kolhapur APMC,2026-05-09,1000.0,986.0,6985.0,7,1.4
Kolhapur APMC,2026-05-11,1000.0,986.0,6607.0,7,1.4
Kolhapur APMC,2026-05-12,1000.0,986.0,6233.0,7,1.4
Kolhapur APMC,2026-05-13,1000.0,986.0,6119.0,7,1.4
Kolhapur APMC,2026-05-14,1000.0,986.0,5399.0,7,1.4
Kolhapur APMC,2026-05-15,1000.0,1000.0,5395.0,7,0.0
Kolhapur APMC,2026-05-16,1000.0,1000.0,5337.0,7,0.0
Kolhapur APMC,2026-05-18,1100.0,1014.0,5054.0,7,8.5
Kolhapur APMC,2026-05-19,1000.0,1014.0,4692.0,7,-1.4
Kolhapur APMC,2026-05-20,1000.0,1014.0,4922.0,7,-1.4
Kolhapur APMC,2026-05-21,1000.0,1014.0,4784.0,7,-1.4
Kolhapur APMC,2026-05-22,1000.0,1014.0,5171.0,7,-1.4
Kolhapur APMC,2026-05-23,1100.0,1029.0,5448.0,7,6.9
Kolhapur APMC,2026-05-25,1100.0,1043.0,5772.0,7,5.5
Kolhapur APMC,2026-05-26,1000.0,1029.0,5521.0,7,-2.8
Kolhapur APMC,2026-05-27,1100.0,1043.0,5730.0,7,5.5
Kolhapur APMC,2026-05-29,1200.0,1071.0,5674.0,7,12.0
Kolhapur APMC,2026-05-30,1200.0,1100.0,5807.0,7,9.1
Kolhapur APMC,2026-06-01,1200.0,1129.0,5812.0,7,6.3
Kolhapur APMC,2026-06-02,1100.0,1129.0,5708.0,7,-2.5
Kolhapur APMC,2026-06-03,1200.0,1143.0,4927.0,7,5.0
Kolhapur APMC,2026-06-04,1100.0,1157.0,4960.0,7,-4.9
Kolhapur APMC,2026-06-05,1000.0,1143.0,4866.0,7,-12.5
Kolhapur APMC,2026-06-06,1100.0,1129.0,4658.0,7,-2.5
Kolhapur APMC,2026-06-08,1200.0,1129.0,4814.0,7,6.3
Kolhapur APMC,2026-06-09,1100.0,1114.0,4433.0,7,-1.3
Kolhapur APMC,2026-06-10,1200.0,1129.0,4443.0,7,6.3
Kolhapur APMC,2026-06-11,1000.0,1100.0,4495.0,7,-9.1
Kolhapur APMC,2026-06-12,1000.0,1086.0,4375.0,7,-7.9
Kolhapur APMC,2026-06-13,1200.0,1114.0,4322.0,7,7.7
Kolhapur APMC,2026-06-15,1200.0,1129.0,4323.0,7,6.3
Kolhapur APMC,2026-06-16,1200.0,1129.0,3683.0,7,6.3
Kolhapur APMC,2026-06-17,1300.0,1157.0,3873.0,7,12.3
Kolhapur APMC,2026-06-18,1300.0,1171.0,3482.0,7,11.0
Kolhapur APMC,2026-06-19,1200.0,1200.0,3604.0,7,0.0
Kolhapur APMC,2026-06-20,1300.0,1243.0,3847.0,7,4.6
Kolhapur APMC,2026-06-22,1200.0,1243.0,4129.0,7,-3.4
Kolhapur APMC,2026-06-23,1200.0,1243.0,3922.0,7,-3.4
Kolhapur APMC,2026-06-24,1200.0,1243.0,4063.0,7,-3.4
Kolhapur APMC,2026-06-26,1400.0,1257.0,3780.0,7,11.4
Kolhapur APMC,2026-06-27,1500.0,1286.0,4037.0,7,16.7
Kolhapur APMC,2026-06-29,1600.0,1343.0,4197.0,7,19.1
Kolhapur APMC,2026-06-30,1400.0,1357.0,3895.0,7,3.2
Lasalgaon APMC,2024-06-01,1950.0,1950.0,9136.0,1,0.0
Lasalgaon APMC,2024-06-03,2000.0,1975.0,9632.0,2,1.3
Lasalgaon APMC,2024-06-04,2100.0,2017.0,9155.0,3,4.1
Lasalgaon APMC,2024-06-05,2130.0,2045.0,9188.0,4,4.2
Lasalgaon APMC,2024-06-06,2260.0,2088.0,8576.0,5,8.2
Lasalgaon APMC,2024-06-07,2400.0,2140.0,9582.0,6,12.1
Lasalgaon APMC,2024-06-08,2550.0,2199.0,9827.0,7,16.0
Lasalgaon APMC,2024-06-10,2550.0,2284.0,10921.0,7,11.6
Lasalgaon APMC,2024-06-11,2401.0,2342.0,12047.0,7,2.5
Lasalgaon APMC,2024-06-13,2425.0,2388.0,12351.0,7,1.5
Lasalgaon APMC,2024-06-14,2550.0,2448.0,12800.0,7,4.2
Lasalgaon APMC,2024-06-15,2600.0,2497.0,13868.0,7,4.1
Lasalgaon APMC,2024-06-18,2825.0,2557.0,13665.0,7,10.5
Lasalgaon APMC,2024-06-19,3000.0,2622.0,13993.0,7,14.4
Lasalgaon APMC,2024-06-20,3051.0,2693.0,13146.0,7,13.3
Lasalgaon APMC,2024-06-21,3051.0,2786.0,13353.0,7,9.5
Lasalgaon APMC,2024-06-22,3100.0,2882.0,13495.0,7,7.5
Lasalgaon APMC,2024-06-24,3175.0,2972.0,13138.0,7,6.8
Lasalgaon APMC,2024-06-25,3100.0,3043.0,12813.0,7,1.9
Lasalgaon APMC,2024-06-26,2751.0,3033.0,12329.0,7,-9.3
Lasalgaon APMC,2024-06-27,2900.0,3018.0,11272.0,7,-3.9
Lasalgaon APMC,2024-06-28,2951.0,3004.0,10574.0,7,-1.8
Lasalgaon APMC,2024-06-29,2960.0,2991.0,8514.0,7,-1.0
Lasalgaon APMC,2024-07-01,3000.0,2977.0,7949.0,7,0.8
Lasalgaon APMC,2024-07-02,3100.0,2966.0,7905.0,7,4.5
Lasalgaon APMC,2024-07-03,3000.0,2952.0,7866.0,7,1.6
Lasalgaon APMC,2024-07-04,3000.0,2987.0,7942.0,7,0.4
Lasalgaon APMC,2024-07-05,3000.0,3002.0,7965.0,7,-0.1
Lasalgaon APMC,2024-07-06,2951.0,3002.0,8517.0,7,-1.7
Lasalgaon APMC,2024-07-08,2851.0,2986.0,9177.0,7,-4.5
Lasalgaon APMC,2024-07-09,2851.0,2965.0,9164.0,7,-3.8
Lasalgaon APMC,2024-07-10,2851.0,2929.0,8925.0,7,-2.7
Lasalgaon APMC,2024-07-11,2800.0,2901.0,8549.0,7,-3.5
Lasalgaon APMC,2024-07-12,2900.0,2886.0,8481.0,7,0.5
Lasalgaon APMC,2024-07-15,2851.0,2865.0,8289.0,7,-0.5
Lasalgaon APMC,2024-07-20,2700.0,2829.0,7950.0,7,-4.6
Lasalgaon APMC,2024-07-23,2775.0,2818.0,7724.0,7,-1.5
Lasalgaon APMC,2024-07-24,2760.0,2805.0,7782.0,7,-1.6
Lasalgaon APMC,2024-07-25,2750.0,2791.0,7971.0,7,-1.5
Lasalgaon APMC,2024-07-26,2650.0,2769.0,8122.0,7,-4.3
Lasalgaon APMC,2024-07-27,2651.0,2734.0,7697.0,7,-3.0
Lasalgaon APMC,2024-07-29,2675.0,2709.0,7929.0,7,-1.2
Lasalgaon APMC,2024-07-30,2700.0,2709.0,7974.0,7,-0.3
Lasalgaon APMC,2024-07-31,2670.0,2694.0,7872.0,7,-0.9
Lasalgaon APMC,2024-09-03,4100.0,2885.0,7836.0,7,42.1
Lasalgaon APMC,2024-09-04,3975.0,3060.0,7526.0,7,29.9
Lasalgaon APMC,2024-09-05,4100.0,3267.0,7109.0,7,25.5
Lasalgaon APMC,2024-09-06,3950.0,3453.0,7191.0,7,14.4
Lasalgaon APMC,2024-09-09,3720.0,3602.0,7053.0,7,3.3
Lasalgaon APMC,2024-09-10,3900.0,3774.0,6711.0,7,3.4
Lasalgaon APMC,2024-09-11,4000.0,3964.0,6517.0,7,0.9
Lasalgaon APMC,2024-09-12,4100.0,3964.0,6273.0,7,3.4
Lasalgaon APMC,2024-09-13,4200.0,3996.0,5791.0,7,5.1
Lasalgaon APMC,2024-09-14,4700.0,4081.0,5594.0,7,15.2
Lasalgaon APMC,2024-09-16,4760.0,4197.0,5009.0,7,13.4
Lasalgaon APMC,2024-09-18,4600.0,4323.0,4831.0,7,6.4
Lasalgaon APMC,2024-09-19,4550.0,4416.0,4645.0,7,3.0
Lasalgaon APMC,2024-09-20,4761.0,4524.0,4495.0,7,5.2
Lasalgaon APMC,2024-09-21,4780.0,4622.0,4448.0,7,3.4
Lasalgaon APMC,2024-09-23,4700.0,4693.0,4556.0,7,0.1
Lasalgaon APMC,2024-09-24,4770.0,4703.0,4690.0,7,1.4
Lasalgaon APMC,2024-09-26,4600.0,4680.0,5203.0,7,-1.7
Lasalgaon APMC,2024-09-27,4400.0,4652.0,5442.0,7,-5.4
Lasalgaon APMC,2024-09-28,4251.0,4609.0,5592.0,7,-7.8
Lasalgaon APMC,2024-09-30,3850.0,4479.0,5487.0,7,-14.0
Lasalgaon APMC,2024-10-01,4000.0,4367.0,5225.0,7,-8.4
Lasalgaon APMC,2024-10-03,4500.0,4339.0,5032.0,7,3.7
Lasalgaon APMC,2024-10-04,4520.0,4303.0,4751.0,7,5.0
Lasalgaon APMC,2024-10-05,4351.0,4267.0,4368.0,7,2.0
Lasalgaon APMC,2024-10-09,4300.0,4253.0,3933.0,7,1.1
Lasalgaon APMC,2024-10-10,4200.0,4246.0,3465.0,7,-1.1
Lasalgaon APMC,2024-10-11,4351.0,4317.0,3377.0,7,0.8
Lasalgaon APMC,2024-10-12,3100.0,4189.0,3362.0,7,-26.0
Lasalgaon APMC,2024-10-14,3080.0,3986.0,3682.0,7,-22.7
Lasalgaon APMC,2024-10-15,4000.0,3912.0,3817.0,7,2.3
Lasalgaon APMC,2024-10-16,4000.0,3862.0,3751.0,7,3.6
Lasalgaon APMC,2024-10-17,3000.0,3676.0,3947.0,7,-18.4
Lasalgaon APMC,2024-10-18,3975.0,3644.0,4315.0,7,9.1
Lasalgaon APMC,2024-10-19,4000.0,3594.0,4349.0,7,11.3
Lasalgaon APMC,2024-10-21,2701.0,3537.0,4401.0,7,-23.6
Lasalgaon APMC,2024-10-22,2525.0,3457.0,4033.0,7,-27.0
Lasalgaon APMC,2024-10-23,4600.0,3543.0,3844.0,7,29.8
Lasalgaon APMC,2024-10-24,4600.0,3629.0,3895.0,7,26.8
Lasalgaon APMC,2024-10-25,2352.0,3536.0,3982.0,7,-33.5
Lasalgaon APMC,2024-10-26,4400.0,3597.0,4207.0,7,22.3
Lasalgaon APMC,2024-11-04,4770.0,3707.0,3885.0,7,28.7
Lasalgaon APMC,2024-11-05,4000.0,3892.0,3611.0,7,2.8
Lasalgaon APMC,2024-11-06,4000.0,4103.0,3559.0,7,-2.5
Lasalgaon APMC,2024-11-07,4151.0,4039.0,3385.0,7,2.8
Lasalgaon APMC,2024-11-08,5600.0,4182.0,3158.0,7,33.9
Lasalgaon APMC,2024-11-09,3501.0,4346.0,2729.0,7,-19.4
Lasalgaon APMC,2024-11-11,3600.0,4232.0,2261.0,7,-14.9
Lasalgaon APMC,2024-11-12,5851.0,4386.0,2540.0,7,33.4
Lasalgaon APMC,2024-11-13,5700.0,4629.0,2802.0,7,23.1
Lasalgaon APMC,2024-11-14,5651.0,4865.0,3200.0,7,16.2
Lasalgaon APMC,2024-11-15,5200.0,5015.0,3506.0,7,3.7
Lasalgaon APMC,2024-11-16,4500.0,4858.0,3808.0,7,-7.4
Lasalgaon APMC,2024-11-18,4300.0,4972.0,4826.0,7,-13.5
Lasalgaon APMC,2024-11-19,5000.0,5172.0,5988.0,7,-3.3
Lasalgaon APMC,2024-11-21,5001.0,5050.0,6743.0,7,-1.0
Lasalgaon APMC,2024-11-22,4400.0,4865.0,7627.0,7,-9.6
Lasalgaon APMC,2024-11-23,3700.0,4586.0,7674.0,7,-19.3
Lasalgaon APMC,2024-11-25,3900.0,4400.0,8407.0,7,-11.4
Lasalgaon APMC,2024-11-26,4700.0,4429.0,9111.0,7,6.1
Lasalgaon APMC,2024-11-27,4100.0,4400.0,9237.0,7,-6.8
Lasalgaon APMC,2024-11-28,4300.0,4300.0,8804.0,7,-0.0
Lasalgaon APMC,2024-12-02,3700.0,4114.0,10970.0,7,-10.1
Lasalgaon APMC,2024-12-03,3751.0,4022.0,12587.0,7,-6.7
Lasalgaon APMC,2024-12-04,3500.0,3993.0,14137.0,7,-12.3
Lasalgaon APMC,2024-12-05,3551.0,3943.0,15537.0,7,-9.9
Lasalgaon APMC,2024-12-06,3800.0,3815.0,17455.0,7,-0.4
Lasalgaon APMC,2024-12-07,3851.0,3779.0,18204.0,7,1.9
Lasalgaon APMC,2024-12-09,3700.0,3693.0,21290.0,7,0.2
Lasalgaon APMC,2024-12-10,3800.0,3708.0,21880.0,7,2.5
Lasalgaon APMC,2024-12-12,3600.0,3686.0,21844.0,7,-2.3
Lasalgaon APMC,2024-12-13,3200.0,3643.0,23419.0,7,-12.2
Lasalgaon APMC,2024-12-14,2700.0,3522.0,24013.0,7,-23.3
Lasalgaon APMC,2024-12-16,2351.0,3315.0,24791.0,7,-29.1
Lasalgaon APMC,2024-12-17,2100.0,3064.0,27134.0,7,-31.5
Lasalgaon APMC,2024-12-18,1900.0,2807.0,27171.0,7,-32.3
Lasalgaon APMC,2024-12-19,1900.0,2536.0,26779.0,7,-25.1
Lasalgaon APMC,2024-12-20,2000.0,2307.0,27634.0,7,-13.3
Lasalgaon APMC,2024-12-21,2000.0,2136.0,26649.0,7,-6.4
Lasalgaon APMC,2024-12-23,1725.0,1997.0,27065.0,7,-13.6
Lasalgaon APMC,2024-12-24,1900.0,1932.0,26852.0,7,-1.7
Lasalgaon APMC,2024-12-25,2000.0,1918.0,25280.0,7,4.3
Lasalgaon APMC,2024-12-26,2100.0,1946.0,24338.0,7,7.9
Lasalgaon APMC,2024-12-27,2200.0,1989.0,24331.0,7,10.6
Lasalgaon APMC,2024-12-28,2370.0,2042.0,23422.0,7,16.1
Lasalgaon APMC,2024-12-30,2451.0,2107.0,22615.0,7,16.4
Lasalgaon APMC,2024-12-31,2700.0,2246.0,23218.0,7,20.2
Lasalgaon APMC,2025-01-01,2451.0,2325.0,23633.0,7,5.4
Lasalgaon APMC,2025-01-02,2401.0,2382.0,24339.0,7,0.8
Lasalgaon APMC,2025-01-03,2400.0,2425.0,24902.0,7,-1.0
Lasalgaon APMC,2025-01-04,2500.0,2468.0,23801.0,7,1.3
Lasalgaon APMC,2025-01-06,2500.0,2486.0,24997.0,7,0.6
Lasalgaon APMC,2025-01-07,2400.0,2479.0,27066.0,7,-3.2
Lasalgaon APMC,2025-01-08,2351.0,2429.0,27083.0,7,-3.2
Lasalgaon APMC,2025-01-09,2200.0,2393.0,26772.0,7,-8.1
Lasalgaon APMC,2025-01-10,1900.0,2322.0,27922.0,7,-18.2
Lasalgaon APMC,2025-01-11,1780.0,2233.0,27128.0,7,-20.3
Lasalgaon APMC,2025-01-13,1951.0,2155.0,28724.0,7,-9.4
Lasalgaon APMC,2025-01-14,2000.0,2083.0,27745.0,7,-4.0
Lasalgaon APMC,2025-01-15,2000.0,2026.0,27006.0,7,-1.3
Lasalgaon APMC,2025-01-17,2150.0,1997.0,26258.0,7,7.6
Lasalgaon APMC,2025-01-18,2251.0,2005.0,24554.0,7,12.3
Lasalgaon APMC,2025-01-20,2500.0,2090.0,23481.0,7,19.6
Lasalgaon APMC,2025-01-21,2400.0,2179.0,24484.0,7,10.1
Lasalgaon APMC,2025-01-22,2300.0,2229.0,24296.0,7,3.2
Lasalgaon APMC,2025-01-23,2351.0,2279.0,24490.0,7,3.2
Lasalgaon APMC,2025-01-24,2400.0,2336.0,24609.0,7,2.7
Lasalgaon APMC,2025-01-25,2425.0,2375.0,23086.0,7,2.1
Lasalgaon APMC,2025-01-27,2370.0,2392.0,24327.0,7,-0.9
Lasalgaon APMC,2025-01-28,2400.0,2378.0,24350.0,7,0.9
Lasalgaon APMC,2025-01-29,2300.0,2364.0,22726.0,7,-2.7
Lasalgaon APMC,2025-01-30,2351.0,2371.0,22752.0,7,-0.8
Lasalgaon APMC,2025-01-31,2250.0,2357.0,23321.0,7,-4.5
Lasalgaon APMC,2025-02-01,2100.0,2314.0,22304.0,7,-9.2
Lasalgaon APMC,2025-02-03,2100.0,2267.0,34081.0,7,-7.4
Lasalgaon APMC,2025-02-04,2270.0,2253.0,33712.0,7,0.8
Lasalgaon APMC,2025-02-05,2400.0,2253.0,33056.0,7,6.5
Lasalgaon APMC,2025-02-06,2370.0,2263.0,33819.0,7,4.7
Lasalgaon APMC,2025-02-07,2400.0,2270.0,32785.0,7,5.7
Lasalgaon APMC,2025-02-08,2451.0,2299.0,30591.0,7,6.6
Lasalgaon APMC,2025-02-12,2700.0,2384.0,30575.0,7,13.2
Lasalgaon APMC,2025-02-13,2900.0,2499.0,19065.0,7,16.1
Lasalgaon APMC,2025-02-14,3100.0,2617.0,18770.0,7,18.4
Lasalgaon APMC,2025-02-15,3000.0,2703.0,17371.0,7,11.0
Lasalgaon APMC,2025-02-17,2600.0,2736.0,17154.0,7,-5.0
Lasalgaon APMC,2025-02-18,2600.0,2764.0,17601.0,7,-5.9
Lasalgaon APMC,2025-02-19,2400.0,2757.0,17611.0,7,-13.0
Lasalgaon APMC,2025-02-20,2200.0,2686.0,18401.0,7,-18.1
Lasalgaon APMC,2025-02-21,2200.0,2586.0,18932.0,7,-14.9
Lasalgaon APMC,2025-02-22,2400.0,2486.0,17890.0,7,-3.4
Lasalgaon APMC,2025-02-24,2400.0,2400.0,18910.0,7,0.0
Lasalgaon APMC,2025-02-25,2370.0,2367.0,19115.0,7,0.1
Lasalgaon APMC,2025-02-27,2400.0,2339.0,17557.0,7,2.6
Lasalgaon APMC,2025-02-28,2351.0,2332.0,18958.0,7,0.8
Lasalgaon APMC,2025-03-01,2270.0,2342.0,17357.0,7,-3.1
Lasalgaon APMC,2025-03-03,2300.0,2356.0,17030.0,7,-2.4
Lasalgaon APMC,2025-03-04,2200.0,2327.0,17596.0,7,-5.5
Lasalgaon APMC,2025-03-05,2351.0,2320.0,17193.0,7,1.3
Lasalgaon APMC,2025-03-06,2280.0,2307.0,16138.0,7,-1.2
Lasalgaon APMC,2025-03-07,2250.0,2286.0,16441.0,7,-1.6
Lasalgaon APMC,2025-03-08,1900.0,2222.0,14716.0,7,-14.5
Lasalgaon APMC,2025-03-10,1700.0,2140.0,15771.0,7,-20.6
Lasalgaon APMC,2025-03-11,1625.0,2044.0,15714.0,7,-20.5
Lasalgaon APMC,2025-03-12,1470.0,1939.0,15556.0,7,-24.2
Lasalgaon APMC,2025-03-17,1450.0,1811.0,14675.0,7,-19.9
Lasalgaon APMC,2025-03-18,1525.0,1703.0,14578.0,7,-10.4
Lasalgaon APMC,2025-03-20,1325.0,1571.0,14784.0,7,-15.6
Lasalgaon APMC,2025-03-21,1260.0,1479.0,15759.0,7,-14.8
Lasalgaon APMC,2025-03-22,1225.0,1411.0,14349.0,7,-13.2
Lasalgaon APMC,2025-03-24,1500.0,1394.0,13097.0,7,7.6
Lasalgaon APMC,2025-03-25,1400.0,1384.0,12140.0,7,1.2
Lasalgaon APMC,2025-03-26,1370.0,1372.0,12179.0,7,-0.2
Lasalgaon APMC,2025-03-27,1325.0,1344.0,11992.0,7,-1.4
Lasalgaon APMC,2025-04-02,1250.0,1333.0,11846.0,7,-6.2
Lasalgaon APMC,2025-04-03,1100.0,1310.0,10727.0,7,-16.0
Lasalgaon APMC,2025-04-04,1350.0,1328.0,10858.0,7,1.7
Lasalgaon APMC,2025-04-07,1100.0,1271.0,11456.0,7,-13.4
Lasalgaon APMC,2025-04-08,1030.0,1218.0,12559.0,7,-15.4
Lasalgaon APMC,2025-04-09,1000.0,1165.0,13642.0,7,-14.2
Lasalgaon APMC,2025-04-11,1250.0,1154.0,14706.0,7,8.3
Lasalgaon APMC,2025-04-12,700.0,1076.0,13655.0,7,-34.9
Lasalgaon APMC,2025-04-14,1175.0,1086.0,13263.0,7,8.2
Lasalgaon APMC,2025-04-15,1150.0,1058.0,14166.0,7,8.7
Lasalgaon APMC,2025-04-16,1250.0,1079.0,14665.0,7,15.8
Lasalgaon APMC,2025-04-17,1240.0,1109.0,15004.0,7,11.8
Lasalgaon APMC,2025-04-18,1250.0,1145.0,14327.0,7,9.2
Lasalgaon APMC,2025-04-19,1220.0,1141.0,12746.0,7,7.0
Lasalgaon APMC,2025-04-21,1270.0,1222.0,13761.0,7,3.9
Lasalgaon APMC,2025-04-22,1260.0,1234.0,14586.0,7,2.1
Lasalgaon APMC,2025-04-23,1280.0,1253.0,14768.0,7,2.2
Lasalgaon APMC,2025-04-24,1200.0,1246.0,15186.0,7,-3.7
Lasalgaon APMC,2025-04-25,1275.0,1251.0,14708.0,7,1.9
Lasalgaon APMC,2025-04-26,1250.0,1251.0,14147.0,7,-0.1
Lasalgaon APMC,2025-04-28,1200.0,1248.0,16515.0,7,-3.8
Lasalgaon APMC,2025-04-30,1200.0,1238.0,15614.0,7,-3.1
Lasalgaon APMC,2025-05-02,1150.0,1222.0,17046.0,7,-5.9
Lasalgaon APMC,2025-05-03,1200.0,1211.0,16444.0,7,-0.9
Lasalgaon APMC,2025-05-05,1180.0,1208.0,15604.0,7,-2.3
Lasalgaon APMC,2025-05-06,1100.0,1183.0,16488.0,7,-7.0
Lasalgaon APMC,2025-05-07,1100.0,1161.0,17349.0,7,-5.3
Lasalgaon APMC,2025-05-08,1070.0,1143.0,16344.0,7,-6.4
Lasalgaon APMC,2025-05-09,1125.0,1132.0,17677.0,7,-0.6
Lasalgaon APMC,2025-05-10,1151.0,1132.0,16034.0,7,1.7
Lasalgaon APMC,2025-05-12,1150.0,1125.0,17276.0,7,2.2
Lasalgaon APMC,2025-05-15,1100.0,1114.0,17568.0,7,-1.2
Lasalgaon APMC,2025-05-16,1170.0,1124.0,16570.0,7,4.1
Lasalgaon APMC,2025-05-17,1200.0,1138.0,15603.0,7,5.4
Lasalgaon APMC,2025-05-19,1150.0,1149.0,16485.0,7,0.0
Lasalgaon APMC,2025-05-20,1150.0,1153.0,15953.0,7,-0.3
Lasalgaon APMC,2025-05-21,1160.0,1154.0,16001.0,7,0.5
Lasalgaon APMC,2025-05-22,1175.0,1158.0,14608.0,7,1.5
Lasalgaon APMC,2025-05-23,1150.0,1165.0,14385.0,7,-1.3
Lasalgaon APMC,2025-05-24,1200.0,1169.0,13405.0,7,2.6
Lasalgaon APMC,2025-05-26,1200.0,1169.0,14320.0,7,2.6
Lasalgaon APMC,2025-05-27,1351.0,1198.0,11976.0,7,12.8
Lasalgaon APMC,2025-05-28,1375.0,1230.0,12154.0,7,11.8
Lasalgaon APMC,2025-05-29,1400.0,1264.0,12712.0,7,10.7
Lasalgaon APMC,2025-05-30,1400.0,1297.0,14058.0,7,8.0
Lasalgaon APMC,2025-05-31,1380.0,1329.0,13952.0,7,3.8
Lasalgaon APMC,2025-06-02,1350.0,1351.0,15628.0,7,-0.1
Lasalgaon APMC,2025-06-03,1400.0,1379.0,15900.0,7,1.5
Lasalgaon APMC,2025-06-04,1420.0,1389.0,16890.0,7,2.2
Lasalgaon APMC,2025-06-05,1451.0,1400.0,16743.0,7,3.6
Lasalgaon APMC,2025-06-06,1475.0,1411.0,16810.0,7,4.5
Lasalgaon APMC,2025-06-07,1450.0,1418.0,14668.0,7,2.3
Lasalgaon APMC,2025-06-09,1600.0,1449.0,15170.0,7,10.4
Lasalgaon APMC,2025-06-10,1600.0,1485.0,15170.0,7,7.7
Lasalgaon APMC,2025-06-11,1620.0,1517.0,15341.0,7,6.8
Lasalgaon APMC,2025-06-12,1600.0,1542.0,15612.0,7,3.7
Lasalgaon APMC,2025-06-13,1600.0,1564.0,16099.0,7,2.3
Lasalgaon APMC,2025-06-14,1601.0,1582.0,15418.0,7,1.2
Lasalgaon APMC,2025-06-16,1600.0,1603.0,17304.0,7,-0.2
Lasalgaon APMC,2025-06-17,1620.0,1606.0,17480.0,7,0.9
Lasalgaon APMC,2025-06-18,1540.0,1597.0,17122.0,7,-3.6
Lasalgaon APMC,2025-06-19,1600.0,1594.0,16156.0,7,0.3
Lasalgaon APMC,2025-06-20,1551.0,1587.0,16130.0,7,-2.3
Lasalgaon APMC,2025-06-21,1580.0,1585.0,15138.0,7,-0.3
Lasalgaon APMC,2025-06-23,1600.0,1584.0,16258.0,7,1.0
Lasalgaon APMC,2025-06-24,1651.0,1592.0,15846.0,7,3.7
Lasalgaon APMC,2025-06-25,1570.0,1585.0,14893.0,7,-0.9
Lasalgaon APMC,2025-06-26,1570.0,1589.0,14823.0,7,-1.2
Lasalgaon APMC,2025-06-27,1500.0,1575.0,16148.0,7,-4.7
Lasalgaon APMC,2025-06-28,1551.0,1575.0,15232.0,7,-1.5
Lasalgaon APMC,2025-06-30,1550.0,1570.0,16359.0,7,-1.3
Lasalgaon APMC,2025-07-01,1525.0,1560.0,16516.0,7,-2.2
Lasalgaon APMC,2025-07-03,1500.0,1538.0,16371.0,7,-2.5
Lasalgaon APMC,2025-07-04,1510.0,1529.0,17168.0,7,-1.3
Lasalgaon APMC,2025-07-05,1551.0,1527.0,16087.0,7,1.6
Lasalgaon APMC,2025-07-07,1500.0,1527.0,14877.0,7,-1.7
Lasalgaon APMC,2025-07-08,1480.0,1517.0,15685.0,7,-2.4
Lasalgaon APMC,2025-07-09,1500.0,1509.0,15334.0,7,-0.6
Lasalgaon APMC,2025-07-10,1475.0,1502.0,14519.0,7,-1.8
Lasalgaon APMC,2025-07-11,1551.0,1510.0,14839.0,7,2.7
Lasalgaon APMC,2025-07-12,1451.0,1501.0,13715.0,7,-3.3
Lasalgaon APMC,2025-07-14,1451.0,1487.0,15209.0,7,-2.4
Lasalgaon APMC,2025-07-15,1460.0,1481.0,16058.0,7,-1.4
Lasalgaon APMC,2025-07-16,1500.0,1484.0,16267.0,7,1.1
Lasalgaon APMC,2025-07-17,1400.0,1470.0,16797.0,7,-4.7
Lasalgaon APMC,2025-07-18,1400.0,1459.0,17461.0,7,-4.0
Lasalgaon APMC,2025-07-19,1351.0,1430.0,16325.0,7,-5.6
Lasalgaon APMC,2025-07-21,1425.0,1427.0,17480.0,7,-0.1
Lasalgaon APMC,2025-07-22,1451.0,1427.0,17147.0,7,1.7
Lasalgaon APMC,2025-07-23,1400.0,1418.0,16898.0,7,-1.3
Lasalgaon APMC,2025-07-24,1425.0,1407.0,15905.0,7,1.2
Lasalgaon APMC,2025-07-25,1350.0,1400.0,14511.0,7,-3.6
Lasalgaon APMC,2025-07-28,1275.0,1382.0,14234.0,7,-7.8
Lasalgaon APMC,2025-07-29,1301.0,1375.0,14197.0,7,-5.4
Lasalgaon APMC,2025-07-30,1320.0,1360.0,13527.0,7,-3.0
Lasalgaon APMC,2025-07-31,1280.0,1336.0,13174.0,7,-4.2
Lasalgaon APMC,2025-08-01,1310.0,1323.0,13229.0,7,-1.0
Lasalgaon APMC,2025-08-02,1330.0,1309.0,12809.0,7,1.6
Lasalgaon APMC,2025-08-04,1275.0,1299.0,13777.0,7,-1.8
Lasalgaon APMC,2025-08-05,1270.0,1298.0,13847.0,7,-2.2
Lasalgaon APMC,2025-08-06,1325.0,1301.0,14613.0,7,1.8
Lasalgaon APMC,2025-08-07,1340.0,1304.0,15088.0,7,2.7
Lasalgaon APMC,2025-08-11,1351.0,1314.0,14436.0,7,2.8
Lasalgaon APMC,2025-08-12,1525.0,1345.0,13637.0,7,13.4
Lasalgaon APMC,2025-08-13,1701.0,1398.0,14365.0,7,21.7
Lasalgaon APMC,2025-08-14,1600.0,1445.0,13212.0,7,10.8
Lasalgaon APMC,2025-08-16,1575.0,1488.0,12040.0,7,5.8
Lasalgaon APMC,2025-08-18,1650.0,1535.0,12124.0,7,7.5
Lasalgaon APMC,2025-08-19,1640.0,1577.0,13033.0,7,4.0
Lasalgaon APMC,2025-08-25,1551.0,1606.0,14574.0,7,-3.4
Lasalgaon APMC,2025-08-26,1500.0,1602.0,14536.0,7,-6.4
Lasalgaon APMC,2025-08-28,1400.0,1559.0,15218.0,7,-10.2
Lasalgaon APMC,2025-08-30,1340.0,1522.0,15361.0,7,-12.0
Lasalgaon APMC,2025-09-01,1340.0,1489.0,16555.0,7,-10.0
Lasalgaon APMC,2025-09-02,1360.0,1447.0,15808.0,7,-6.0
Lasalgaon APMC,2025-09-03,1310.0,1400.0,15020.0,7,-6.4
Lasalgaon APMC,2025-09-04,1325.0,1368.0,14332.0,7,-3.1
Lasalgaon APMC,2025-09-06,1280.0,1336.0,14325.0,7,-4.2
Lasalgaon APMC,2025-09-08,1275.0,1319.0,13955.0,7,-3.3
Lasalgaon APMC,2025-09-09,1320.0,1316.0,14841.0,7,0.3
Lasalgaon APMC,2025-09-10,1251.0,1303.0,14683.0,7,-4.0
Lasalgaon APMC,2025-09-11,1200.0,1280.0,14922.0,7,-6.3
Lasalgaon APMC,2025-09-13,1151.0,1257.0,13315.0,7,-8.5
Lasalgaon APMC,2025-09-15,1270.0,1250.0,12416.0,7,1.6
Lasalgaon APMC,2025-09-16,1170.0,1234.0,12441.0,7,-5.2
Lasalgaon APMC,2025-09-17,1250.0,1230.0,11826.0,7,1.6
Lasalgaon APMC,2025-09-18,1175.0,1210.0,11134.0,7,-2.9
Lasalgaon APMC,2025-09-19,1100.0,1188.0,10588.0,7,-7.4
Lasalgaon APMC,2025-09-20,1100.0,1174.0,9563.0,7,-6.3
Lasalgaon APMC,2025-09-22,1100.0,1166.0,10095.0,7,-5.7
Lasalgaon APMC,2025-09-23,1080.0,1139.0,9995.0,7,-5.2
Lasalgaon APMC,2025-09-24,1150.0,1136.0,10145.0,7,1.2
Lasalgaon APMC,2025-09-26,1170.0,1125.0,9899.0,7,4.0
Lasalgaon APMC,2025-09-27,1125.0,1118.0,9244.0,7,0.6
Lasalgaon APMC,2025-09-29,1100.0,1118.0,7795.0,7,-1.6
Lasalgaon APMC,2025-09-30,1200.0,1132.0,8120.0,7,6.0
Lasalgaon APMC,2025-10-02,1200.0,1146.0,7498.0,7,4.7
Lasalgaon APMC,2025-10-03,1200.0,1164.0,7474.0,7,3.1
Lasalgaon APMC,2025-10-04,1180.0,1168.0,6667.0,7,1.0
Lasalgaon APMC,2025-10-06,1151.0,1165.0,7400.0,7,-1.2
Lasalgaon APMC,2025-10-07,1100.0,1162.0,8447.0,7,-5.3
Lasalgaon APMC,2025-10-08,1070.0,1157.0,9999.0,7,-7.5
Lasalgaon APMC,2025-10-09,1080.0,1140.0,8960.0,7,-5.3
Lasalgaon APMC,2025-10-13,1100.0,1126.0,10300.0,7,-2.3
Lasalgaon APMC,2025-10-14,1060.0,1106.0,11298.0,7,-4.1
Lasalgaon APMC,2025-10-15,1050.0,1087.0,12728.0,7,-3.4
Lasalgaon APMC,2025-10-16,1075.0,1076.0,13107.0,7,-0.1
Lasalgaon APMC,2025-10-24,1100.0,1076.0,11300.0,7,2.2
Lasalgaon APMC,2025-10-27,1280.0,1106.0,10098.0,7,15.7
Lasalgaon APMC,2025-10-28,1350.0,1145.0,11086.0,7,17.9
Lasalgaon APMC,2025-10-29,1451.0,1195.0,10272.0,7,21.4
Lasalgaon APMC,2025-10-30,1550.0,1265.0,9104.0,7,22.5
Lasalgaon APMC,2025-10-31,1710.0,1359.0,8187.0,7,25.8
Lasalgaon APMC,2025-11-01,1550.0,1427.0,6474.0,7,8.6
Lasalgaon APMC,2025-11-03,1600.0,1499.0,7847.0,7,6.8
Lasalgaon APMC,2025-11-05,1725.0,1562.0,8769.0,7,10.4
Lasalgaon APMC,2025-11-07,1725.0,1616.0,9435.0,7,6.8
Lasalgaon APMC,2025-11-08,1701.0,1652.0,9075.0,7,3.0
Lasalgaon APMC,2025-11-10,1650.0,1666.0,9722.0,7,-1.0
Lasalgaon APMC,2025-11-12,1500.0,1636.0,10015.0,7,-8.3
Lasalgaon APMC,2025-11-13,1525.0,1632.0,10203.0,7,-6.6
Lasalgaon APMC,2025-11-14,1500.0,1618.0,10438.0,7,-7.3
Lasalgaon APMC,2025-11-15,1500.0,1586.0,9691.0,7,-5.4
Lasalgaon APMC,2025-11-17,1425.0,1543.0,8453.0,7,-7.6
Lasalgaon APMC,2025-11-19,1501.0,1514.0,9168.0,7,-0.9
Lasalgaon APMC,2025-11-20,1301.0,1465.0,9046.0,7,-11.2
Lasalgaon APMC,2025-11-21,1351.0,1443.0,9841.0,7,-6.4
Lasalgaon APMC,2025-11-22,1100.0,1383.0,9807.0,7,-20.4
Lasalgaon APMC,2025-11-24,2000.0,1454.0,9445.0,7,37.6
Lasalgaon APMC,2025-11-25,2500.0,1597.0,9965.0,7,56.6
Lasalgaon APMC,2025-11-26,2100.0,1693.0,10949.0,7,24.0
Lasalgaon APMC,2025-11-27,2000.0,1765.0,10097.0,7,13.3
Lasalgaon APMC,2025-11-28,1051.0,1729.0,10094.0,7,-39.2
Lasalgaon APMC,2025-12-01,3100.0,1979.0,7934.0,7,56.7
Lasalgaon APMC,2025-12-02,1200.0,1993.0,7873.0,7,-39.8
Lasalgaon APMC,2025-12-03,1225.0,1882.0,7276.0,7,-34.9
Lasalgaon APMC,2025-12-04,1280.0,1708.0,6644.0,7,-25.1
Lasalgaon APMC,2025-12-05,2500.0,1765.0,5948.0,7,41.6
Lasalgaon APMC,2025-12-06,2200.0,1794.0,5676.0,7,22.7
Lasalgaon APMC,2025-12-08,1351.0,1837.0,4637.0,7,-26.4
Lasalgaon APMC,2025-12-10,1600.0,1622.0,4797.0,7,-1.4
Lasalgaon APMC,2025-12-12,1700.0,1694.0,4459.0,7,0.4
Lasalgaon APMC,2025-12-13,2451.0,1869.0,4921.0,7,31.1
Lasalgaon APMC,2025-12-15,2300.0,2015.0,6908.0,7,14.2
Lasalgaon APMC,2025-12-16,2500.0,2015.0,8979.0,7,24.1
Lasalgaon APMC,2025-12-17,2351.0,2036.0,11204.0,7,15.5
Lasalgaon APMC,2025-12-18,2250.0,2165.0,13452.0,7,3.9
Lasalgaon APMC,2025-12-19,1400.0,2136.0,13136.0,7,-34.5
Lasalgaon APMC,2025-12-25,1015.0,2038.0,12656.0,7,-50.2
Lasalgaon APMC,2025-12-26,2000.0,1974.0,14432.0,7,1.3
Lasalgaon APMC,2025-12-27,1900.0,1917.0,13534.0,7,-0.9
Lasalgaon APMC,2025-12-29,2200.0,1874.0,13410.0,7,17.4
Lasalgaon APMC,2025-12-30,2000.0,1824.0,14287.0,7,9.7
Lasalgaon APMC,2025-12-31,1950.0,1781.0,14707.0,7,9.5
Lasalgaon APMC,2026-01-01,1870.0,1848.0,17799.0,7,1.2
Lasalgaon APMC,2026-01-02,1800.0,1960.0,21254.0,7,-8.2
Lasalgaon APMC,2026-01-03,1850.0,1939.0,20050.0,7,-4.6
Lasalgaon APMC,2026-01-05,1625.0,1899.0,20160.0,7,-14.4
Lasalgaon APMC,2026-01-06,1500.0,1799.0,20519.0,7,-16.6
Lasalgaon APMC,2026-01-07,1600.0,1742.0,19655.0,7,-8.2
Lasalgaon APMC,2026-01-09,1651.0,1699.0,19904.0,7,-2.8
Lasalgaon APMC,2026-01-10,1500.0,1647.0,18732.0,7,-8.9
Lasalgaon APMC,2026-01-12,1550.0,1611.0,18917.0,7,-3.8
Lasalgaon APMC,2026-01-13,1525.0,1564.0,20837.0,7,-2.5
Lasalgaon APMC,2026-01-16,1450.0,1539.0,23036.0,7,-5.8
Lasalgaon APMC,2026-01-20,1550.0,1547.0,23469.0,7,0.2
Lasalgaon APMC,2026-01-21,1500.0,1532.0,24332.0,7,-2.1
Lasalgaon APMC,2026-01-22,1500.0,1511.0,24524.0,7,-0.7
Lasalgaon APMC,2026-01-27,1325.0,1486.0,26764.0,7,-10.8
Lasalgaon APMC,2026-01-28,1351.0,1457.0,26100.0,7,-7.3
Lasalgaon APMC,2026-01-29,1280.0,1422.0,26887.0,7,-10.0
Lasalgaon APMC,2026-01-30,1200.0,1387.0,27521.0,7,-13.5
Lasalgaon APMC,2026-01-31,1100.0,1322.0,26731.0,7,-16.8
Lasalgaon APMC,2026-02-02,1150.0,1272.0,27406.0,7,-9.6
Lasalgaon APMC,2026-02-03,1140.0,1221.0,27649.0,7,-6.6
Lasalgaon APMC,2026-02-04,1151.0,1196.0,27245.0,7,-3.8
Lasalgaon APMC,2026-02-05,1100.0,1160.0,28017.0,7,-5.2
Lasalgaon APMC,2026-02-06,1120.0,1137.0,27321.0,7,-1.5
Lasalgaon APMC,2026-02-07,1170.0,1133.0,24633.0,7,3.3
Lasalgaon APMC,2026-02-09,1250.0,1154.0,25808.0,7,8.3
Lasalgaon APMC,2026-02-10,1260.0,1170.0,25292.0,7,7.7
Lasalgaon APMC,2026-02-11,1251.0,1186.0,25298.0,7,5.5
Lasalgaon APMC,2026-02-12,1240.0,1199.0,25454.0,7,3.4
Lasalgaon APMC,2026-02-13,1200.0,1213.0,25884.0,7,-1.1
Lasalgaon APMC,2026-02-16,1170.0,1220.0,26134.0,7,-4.1
Lasalgaon APMC,2026-02-17,1150.0,1217.0,27980.0,7,-5.5
Lasalgaon APMC,2026-02-19,1100.0,1196.0,26300.0,7,-8.0
Lasalgaon APMC,2026-02-20,1151.0,1180.0,26773.0,7,-2.5
Lasalgaon APMC,2026-02-21,1100.0,1159.0,25290.0,7,-5.1
Lasalgaon APMC,2026-02-23,1100.0,1139.0,25589.0,7,-3.4
Lasalgaon APMC,2026-02-24,1000.0,1110.0,25787.0,7,-9.9
Lasalgaon APMC,2026-02-25,975.0,1082.0,25547.0,7,-9.9
Lasalgaon APMC,2026-02-26,1075.0,1072.0,24922.0,7,0.3
Lasalgaon APMC,2026-02-27,1000.0,1057.0,26821.0,7,-5.4
Lasalgaon APMC,2026-02-28,875.0,1018.0,26631.0,7,-14.0
Lasalgaon APMC,2026-03-05,975.0,1000.0,26940.0,7,-2.5
Lasalgaon APMC,2026-03-06,960.0,980.0,25907.0,7,-2.0
Lasalgaon APMC,2026-03-07,925.0,969.0,23485.0,7,-4.6
Lasalgaon APMC,2026-03-09,900.0,959.0,23056.0,7,-6.1
Lasalgaon APMC,2026-03-10,910.0,935.0,22862.0,7,-2.7
Lasalgaon APMC,2026-03-11,1100.0,949.0,18750.0,7,15.9
Lasalgaon APMC,2026-03-12,1160.0,990.0,14768.0,7,17.2
Lasalgaon APMC,2026-03-13,950.0,986.0,14525.0,7,-3.7
Lasalgaon APMC,2026-03-14,1200.0,1021.0,11232.0,7,17.6
Lasalgaon APMC,2026-03-17,1275.0,1071.0,9493.0,7,19.1
Lasalgaon APMC,2026-03-18,900.0,1071.0,8083.0,7,-15.9
Lasalgaon APMC,2026-03-19,1270.0,1122.0,5289.0,7,13.2
Lasalgaon APMC,2026-03-20,1250.0,1144.0,5747.0,7,9.3
Lasalgaon APMC,2026-03-23,1200.0,1149.0,6636.0,7,4.4
Lasalgaon APMC,2026-03-24,1180.0,1182.0,5154.0,7,-0.2
Lasalgaon APMC,2026-03-25,900.0,1139.0,7105.0,7,-21.0
Lasalgaon APMC,2026-04-02,1200.0,1129.0,7747.0,7,6.3
Lasalgaon APMC,2026-04-03,1000.0,1143.0,6031.0,7,-12.5
Lasalgaon APMC,2026-04-04,910.0,1091.0,6111.0,7,-16.6
Lasalgaon APMC,2026-04-06,1125.0,1074.0,7483.0,7,4.8
Lasalgaon APMC,2026-04-07,1100.0,1059.0,8049.0,7,3.8
Lasalgaon APMC,2026-04-08,800.0,1005.0,7304.0,7,-20.4
Lasalgaon APMC,2026-04-09,800.0,991.0,5475.0,7,-19.3
Lasalgaon APMC,2026-04-10,810.0,935.0,4779.0,7,-13.4
Lasalgaon APMC,2026-04-11,775.0,903.0,4513.0,7,-14.2
Lasalgaon APMC,2026-04-13,1150.0,937.0,6218.0,7,22.7
Lasalgaon APMC,2026-04-14,1150.0,941.0,5134.0,7,22.2
Lasalgaon APMC,2026-04-15,1100.0,941.0,5935.0,7,16.9
Lasalgaon APMC,2026-04-16,1080.0,981.0,7616.0,7,10.1
Lasalgaon APMC,2026-04-17,1000.0,1009.0,9731.0,7,-0.9
Lasalgaon APMC,2026-04-20,1051.0,1044.0,10961.0,7,0.7
Lasalgaon APMC,2026-04-21,1000.0,1076.0,12011.0,7,-7.1
Lasalgaon APMC,2026-04-22,1051.0,1062.0,10527.0,7,-1.0
Lasalgaon APMC,2026-04-23,1025.0,1044.0,11157.0,7,-1.8
Lasalgaon APMC,2026-04-24,1000.0,1030.0,10454.0,7,-2.9
Lasalgaon APMC,2026-04-25,1100.0,1032.0,9445.0,7,6.5
Lasalgaon APMC,2026-04-27,1100.0,1047.0,8775.0,7,5.1
Lasalgaon APMC,2026-04-28,1051.0,1047.0,8738.0,7,0.4
Lasalgaon APMC,2026-04-29,1100.0,1061.0,9132.0,7,3.7
Lasalgaon APMC,2026-04-30,1180.0,1079.0,10245.0,7,9.3
Lasalgaon APMC,2026-05-02,1130.0,1094.0,10407.0,7,3.3
Lasalgaon APMC,2026-05-04,1151.0,1116.0,11262.0,7,3.1
Lasalgaon APMC,2026-05-05,1150.0,1123.0,12925.0,7,2.4
Lasalgaon APMC,2026-05-06,1100.0,1123.0,13705.0,7,-2.1
Lasalgaon APMC,2026-05-07,1125.0,1134.0,14522.0,7,-0.8
Lasalgaon APMC,2026-05-08,1001.0,1120.0,15216.0,7,-10.6
Lasalgaon APMC,2026-05-09,1000.0,1094.0,14625.0,7,-8.6
Lasalgaon APMC,2026-05-11,1100.0,1090.0,14833.0,7,1.0
Lasalgaon APMC,2026-05-12,1100.0,1082.0,13773.0,7,1.6
Lasalgaon APMC,2026-05-13,1125.0,1079.0,12445.0,7,4.3
Lasalgaon APMC,2026-05-14,1151.0,1086.0,11227.0,7,6.0
Lasalgaon APMC,2026-05-15,1150.0,1090.0,10742.0,7,5.5
Lasalgaon APMC,2026-05-16,1080.0,1101.0,9453.0,7,-1.9
Lasalgaon APMC,2026-05-18,1125.0,1119.0,10142.0,7,0.6
Lasalgaon APMC,2026-05-19,1180.0,1130.0,9939.0,7,4.4
Lasalgaon APMC,2026-05-20,1200.0,1144.0,10159.0,7,4.9
Lasalgaon APMC,2026-05-21,1180.0,1152.0,10295.0,7,2.4
Lasalgaon APMC,2026-05-22,1250.0,1166.0,10807.0,7,7.2
Lasalgaon APMC,2026-05-25,1350.0,1195.0,10275.0,7,13.0
Lasalgaon APMC,2026-05-26,1400.0,1241.0,10863.0,7,12.8
Lasalgaon APMC,2026-05-27,1400.0,1280.0,10615.0,7,9.4
Lasalgaon APMC,2026-05-28,1350.0,1304.0,10747.0,7,3.5
Lasalgaon APMC,2026-05-29,1350.0,1326.0,11168.0,7,1.8
Lasalgaon APMC,2026-06-01,1400.0,1357.0,11724.0,7,3.2
Lasalgaon APMC,2026-06-02,1425.0,1382.0,11868.0,7,3.1
Lasalgaon APMC,2026-06-03,1470.0,1399.0,12739.0,7,5.1
Lasalgaon APMC,2026-06-04,1500.0,1414.0,13257.0,7,6.1
Lasalgaon APMC,2026-06-05,1600.0,1442.0,13951.0,7,10.9
Lasalgaon APMC,2026-06-06,1651.0,1485.0,13332.0,7,11.2
Lasalgaon APMC,2026-06-08,1651.0,1528.0,13957.0,7,8.0
Lasalgaon APMC,2026-06-09,1560.0,1551.0,14626.0,7,0.6
Lasalgaon APMC,2026-06-10,1600.0,1576.0,15203.0,7,1.5
Lasalgaon APMC,2026-06-11,1551.0,1588.0,15277.0,7,-2.3
Lasalgaon APMC,2026-06-12,1500.0,1588.0,15354.0,7,-5.5
Lasalgaon APMC,2026-06-13,1451.0,1566.0,13966.0,7,-7.4
Lasalgaon APMC,2026-06-15,1500.0,1545.0,14223.0,7,-2.9
Lasalgaon APMC,2026-06-16,1625.0,1541.0,13193.0,7,5.5
Lasalgaon APMC,2026-06-17,1700.0,1561.0,12386.0,7,8.9
Lasalgaon APMC,2026-06-18,1775.0,1586.0,12228.0,7,11.9
Lasalgaon APMC,2026-06-19,1650.0,1600.0,12374.0,7,3.1
Lasalgaon APMC,2026-06-20,1600.0,1614.0,11285.0,7,-0.9
Lasalgaon APMC,2026-06-22,1740.0,1656.0,12313.0,7,5.1
Lasalgaon APMC,2026-06-23,2000.0,1727.0,12728.0,7,15.8
Lasalgaon APMC,2026-06-24,2100.0,1795.0,13054.0,7,17.0
Lasalgaon APMC,2026-06-25,2151.0,1859.0,13986.0,7,15.7
Lasalgaon APMC,2026-06-26,2100.0,1906.0,14285.0,7,10.2
Lasalgaon APMC,2026-06-27,2110.0,1972.0,13192.0,7,7.0
Lasalgaon APMC,2026-06-29,2225.0,2061.0,14546.0,7,8.0
Lasalgaon APMC,2026-06-30,2200.0,2127.0,14995.0,7,3.5
Lasalgaon(Niphad) APMC,2024-06-01,2000.0,2000.0,4330.0,1,0.0
Lasalgaon(Niphad) APMC,2024-06-03,2021.0,2011.0,4430.0,2,0.5
Lasalgaon(Niphad) APMC,2024-06-04,2200.0,2074.0,4370.0,3,6.1
Lasalgaon(Niphad) APMC,2024-06-05,2225.0,2112.0,4374.0,4,5.4
Lasalgaon(Niphad) APMC,2024-06-06,2411.0,2171.0,4634.0,5,11.0
Lasalgaon(Niphad) APMC,2024-06-07,2451.0,2218.0,4818.0,6,10.5
Lasalgaon(Niphad) APMC,2024-06-08,2600.0,2273.0,5077.0,7,14.4
Lasalgaon(Niphad) APMC,2024-06-10,2600.0,2358.0,5521.0,7,10.2
Lasalgaon(Niphad) APMC,2024-06-11,2400.0,2412.0,6109.0,7,-0.5
Lasalgaon(Niphad) APMC,2024-06-13,2471.0,2451.0,6315.0,7,0.8
Lasalgaon(Niphad) APMC,2024-06-14,2525.0,2494.0,6274.0,7,1.2
Lasalgaon(Niphad) APMC,2024-06-15,2575.0,2517.0,6119.0,7,2.3
Lasalgaon(Niphad) APMC,2024-06-16,2600.0,2539.0,5472.0,7,2.4
Lasalgaon(Niphad) APMC,2024-06-17,2700.0,2553.0,5049.0,7,5.8
Lasalgaon(Niphad) APMC,2024-06-18,2850.0,2589.0,4842.0,7,10.1
Lasalgaon(Niphad) APMC,2024-06-19,3000.0,2674.0,4532.0,7,12.2
Lasalgaon(Niphad) APMC,2024-06-20,3100.0,2764.0,4443.0,7,12.1
Lasalgaon(Niphad) APMC,2024-06-21,3200.0,2861.0,4806.0,7,11.9
Lasalgaon(Niphad) APMC,2024-06-22,3050.0,2929.0,5253.0,7,4.1
Lasalgaon(Niphad) APMC,2024-06-23,3050.0,2993.0,5260.0,7,1.9
Lasalgaon(Niphad) APMC,2024-06-24,3150.0,3057.0,5429.0,7,3.0
Lasalgaon(Niphad) APMC,2024-06-25,3111.0,3094.0,5391.0,7,0.5
Lasalgaon(Niphad) APMC,2024-06-26,2800.0,3066.0,5171.0,7,-8.7
Lasalgaon(Niphad) APMC,2024-06-27,2900.0,3037.0,4974.0,7,-4.5
Lasalgaon(Niphad) APMC,2024-06-28,2851.0,2987.0,4466.0,7,-4.6
Lasalgaon(Niphad) APMC,2024-06-29,2900.0,2966.0,3730.0,7,-2.2
Lasalgaon(Niphad) APMC,2024-07-01,3025.0,2962.0,4112.0,7,2.1
Lasalgaon(Niphad) APMC,2024-07-02,3025.0,2945.0,4130.0,7,2.7
Lasalgaon(Niphad) APMC,2024-07-03,3000.0,2929.0,4095.0,7,2.4
Lasalgaon(Niphad) APMC,2024-07-04,3000.0,2957.0,4244.0,7,1.4
Lasalgaon(Niphad) APMC,2024-07-05,2975.0,2968.0,4372.0,7,0.2
Lasalgaon(Niphad) APMC,2024-07-06,2975.0,2986.0,4464.0,7,-0.4
Lasalgaon(Niphad) APMC,2024-07-07,2950.0,2993.0,4218.0,7,-1.4
Lasalgaon(Niphad) APMC,2024-07-08,2850.0,2968.0,4426.0,7,-4.0
Lasalgaon(Niphad) APMC,2024-07-09,2900.0,2950.0,4167.0,7,-1.7
Lasalgaon(Niphad) APMC,2024-07-10,2900.0,2936.0,3952.0,7,-1.2
Lasalgaon(Niphad) APMC,2024-07-11,2900.0,2921.0,3702.0,7,-0.7
Lasalgaon(Niphad) APMC,2024-07-12,2900.0,2911.0,3700.0,7,-0.4
Lasalgaon(Niphad) APMC,2024-07-13,2900.0,2900.0,3696.0,7,0.0
Lasalgaon(Niphad) APMC,2024-07-14,2875.0,2889.0,3674.0,7,-0.5
Lasalgaon(Niphad) APMC,2024-07-15,2875.0,2893.0,3903.0,7,-0.6
Lasalgaon(Niphad) APMC,2024-07-16,2850.0,2886.0,4392.0,7,-1.2
Lasalgaon(Niphad) APMC,2024-07-17,2800.0,2871.0,4554.0,7,-2.5
Lasalgaon(Niphad) APMC,2024-07-18,2775.0,2854.0,4754.0,7,-2.8
Lasalgaon(Niphad) APMC,2024-07-19,2775.0,2836.0,4781.0,7,-2.1
Lasalgaon(Niphad) APMC,2024-07-20,2751.0,2814.0,4985.0,7,-2.3
Lasalgaon(Niphad) APMC,2024-07-21,2801.0,2804.0,5045.0,7,-0.1
Lasalgaon(Niphad) APMC,2024-07-22,2800.0,2793.0,4691.0,7,0.2
Lasalgaon(Niphad) APMC,2024-07-23,2775.0,2782.0,4530.0,7,-0.3
Lasalgaon(Niphad) APMC,2024-07-24,2780.0,2780.0,4445.0,7,0.0
Lasalgaon(Niphad) APMC,2024-07-25,2741.0,2775.0,4374.0,7,-1.2
Lasalgaon(Niphad) APMC,2024-07-26,2730.0,2768.0,4350.0,7,-1.4
Lasalgaon(Niphad) APMC,2024-07-27,2750.0,2768.0,4493.0,7,-0.7
Lasalgaon(Niphad) APMC,2024-07-28,2750.0,2761.0,4511.0,7,-0.4
Lasalgaon(Niphad) APMC,2024-07-29,2700.0,2747.0,4789.0,7,-1.7
Lasalgaon(Niphad) APMC,2024-07-30,2700.0,2736.0,4751.0,7,-1.3
Lasalgaon(Niphad) APMC,2024-07-31,2700.0,2724.0,4961.0,7,-0.9
Lasalgaon(Niphad) APMC,2024-09-02,4050.0,2911.0,4733.0,7,39.1
Lasalgaon(Niphad) APMC,2024-09-03,4125.0,3111.0,5005.0,7,32.6
Lasalgaon(Niphad) APMC,2024-09-04,3950.0,3282.0,5049.0,7,20.3
Lasalgaon(Niphad) APMC,2024-09-05,4000.0,3461.0,5492.0,7,15.6
Lasalgaon(Niphad) APMC,2024-09-06,4050.0,3654.0,4712.0,7,10.9
Lasalgaon(Niphad) APMC,2024-09-07,2900.0,3682.0,4344.0,7,-21.2
Lasalgaon(Niphad) APMC,2024-09-09,3800.0,3839.0,4237.0,7,-1.0
Lasalgaon(Niphad) APMC,2024-09-10,3950.0,3825.0,4484.0,7,3.3
Lasalgaon(Niphad) APMC,2024-09-11,4011.0,3809.0,4255.0,7,5.3
Lasalgaon(Niphad) APMC,2024-09-12,4120.0,3833.0,3986.0,7,7.5
Lasalgaon(Niphad) APMC,2024-09-13,4200.0,3862.0,3979.0,7,8.8
Lasalgaon(Niphad) APMC,2024-09-14,4725.0,3958.0,4557.0,7,19.4
Lasalgaon(Niphad) APMC,2024-09-15,4700.0,4215.0,4276.0,7,11.5
Lasalgaon(Niphad) APMC,2024-09-16,4900.0,4372.0,4087.0,7,12.1
Lasalgaon(Niphad) APMC,2024-09-17,4700.0,4479.0,3709.0,7,4.9
Lasalgaon(Niphad) APMC,2024-09-18,4700.0,4578.0,3501.0,7,2.7
Lasalgaon(Niphad) APMC,2024-09-19,4625.0,4650.0,3181.0,7,-0.5
Lasalgaon(Niphad) APMC,2024-09-20,4700.0,4721.0,2996.0,7,-0.5
Lasalgaon(Niphad) APMC,2024-09-21,4770.0,4728.0,2674.0,7,0.9
Lasalgaon(Niphad) APMC,2024-09-22,4700.0,4728.0,2622.0,7,-0.6
Lasalgaon(Niphad) APMC,2024-09-23,4870.0,4724.0,2698.0,7,3.1
Lasalgaon(Niphad) APMC,2024-09-24,4780.0,4735.0,3116.0,7,1.0
Lasalgaon(Niphad) APMC,2024-09-26,4600.0,4721.0,3314.0,7,-2.6
Lasalgaon(Niphad) APMC,2024-09-27,4451.0,4696.0,3523.0,7,-5.2
Lasalgaon(Niphad) APMC,2024-09-28,4300.0,4639.0,3727.0,7,-7.3
Lasalgaon(Niphad) APMC,2024-09-29,4000.0,4529.0,3403.0,7,-11.7
Lasalgaon(Niphad) APMC,2024-09-30,4000.0,4429.0,4032.0,7,-9.7
Lasalgaon(Niphad) APMC,2024-10-01,4050.0,4312.0,3906.0,7,-6.1
Lasalgaon(Niphad) APMC,2024-10-02,4200.0,4229.0,3380.0,7,-0.7
Lasalgaon(Niphad) APMC,2024-10-03,4475.0,4211.0,3137.0,7,6.3
Lasalgaon(Niphad) APMC,2024-10-04,4525.0,4221.0,3092.0,7,7.2
Lasalgaon(Niphad) APMC,2024-10-05,4370.0,4231.0,3008.0,7,3.3
Lasalgaon(Niphad) APMC,2024-10-06,4250.0,4267.0,3037.0,7,-0.4
Lasalgaon(Niphad) APMC,2024-10-09,4200.0,4296.0,2772.0,7,-2.2
Lasalgaon(Niphad) APMC,2024-10-10,4100.0,4303.0,2639.0,7,-4.7
Lasalgaon(Niphad) APMC,2024-10-11,4500.0,4346.0,2624.0,7,3.6
Lasalgaon(Niphad) APMC,2024-10-12,4000.0,4278.0,2544.0,7,-6.5
Lasalgaon(Niphad) APMC,2024-10-13,3900.0,4189.0,2081.0,7,-6.9
Lasalgaon(Niphad) APMC,2024-10-14,4350.0,4186.0,2016.0,7,3.9
Lasalgaon(Niphad) APMC,2024-10-15,4051.0,4157.0,2472.0,7,-2.6
Lasalgaon(Niphad) APMC,2024-10-16,4131.0,4147.0,2631.0,7,-0.4
Lasalgaon(Niphad) APMC,2024-10-17,4151.0,4155.0,2799.0,7,-0.1
Lasalgaon(Niphad) APMC,2024-10-18,4000.0,4083.0,3046.0,7,-2.0
Lasalgaon(Niphad) APMC,2024-10-19,4051.0,4091.0,3223.0,7,-1.0
Lasalgaon(Niphad) APMC,2024-10-20,4300.0,4148.0,3250.0,7,3.7
Lasalgaon(Niphad) APMC,2024-10-21,4251.0,4134.0,3284.0,7,2.8
Lasalgaon(Niphad) APMC,2024-10-22,4351.0,4176.0,3037.0,7,4.2
Lasalgaon(Niphad) APMC,2024-10-23,4600.0,4243.0,2849.0,7,8.4
Lasalgaon(Niphad) APMC,2024-10-24,4600.0,4308.0,2717.0,7,6.8
Lasalgaon(Niphad) APMC,2024-10-25,4400.0,4365.0,2655.0,7,0.8
Lasalgaon(Niphad) APMC,2024-10-28,4400.0,4415.0,2505.0,7,-0.3
Lasalgaon(Niphad) APMC,2024-10-29,4451.0,4436.0,2658.0,7,0.3
Lasalgaon(Niphad) APMC,2024-11-05,5200.0,4572.0,2327.0,7,13.7
Lasalgaon(Niphad) APMC,2024-11-06,5600.0,4750.0,2209.0,7,17.9
Lasalgaon(Niphad) APMC,2024-11-07,5800.0,4922.0,2058.0,7,17.8
Lasalgaon(Niphad) APMC,2024-11-08,5550.0,5057.0,1870.0,7,9.7
Lasalgaon(Niphad) APMC,2024-11-09,5700.0,5243.0,1683.0,7,8.7
Lasalgaon(Niphad) APMC,2024-11-10,4700.0,5286.0,1289.0,7,-11.1
Lasalgaon(Niphad) APMC,2024-11-11,5501.0,5436.0,1311.0,7,1.2
Lasalgaon(Niphad) APMC,2024-11-12,5500.0,5479.0,1383.0,7,0.4
Lasalgaon(Niphad) APMC,2024-11-13,5600.0,5479.0,1528.0,7,2.2
Lasalgaon(Niphad) APMC,2024-11-14,5601.0,5450.0,1576.0,7,2.8
Lasalgaon(Niphad) APMC,2024-11-15,5275.0,5411.0,1557.0,7,-2.5
Lasalgaon(Niphad) APMC,2024-11-16,5200.0,5340.0,1543.0,7,-2.6
Lasalgaon(Niphad) APMC,2024-11-18,4901.0,5368.0,1717.0,7,-8.7
Lasalgaon(Niphad) APMC,2024-11-19,4871.0,5278.0,1685.0,7,-7.7
Lasalgaon(Niphad) APMC,2024-11-21,4800.0,5178.0,1532.0,7,-7.3
Lasalgaon(Niphad) APMC,2024-11-22,4901.0,5078.0,1237.0,7,-3.5
Lasalgaon(Niphad) APMC,2024-11-23,5100.0,5007.0,1007.0,7,1.9
Lasalgaon(Niphad) APMC,2024-11-25,3100.0,4696.0,867.0,7,-34.0
Lasalgaon(Niphad) APMC,2024-11-26,4800.0,4639.0,684.0,7,3.5
Lasalgaon(Niphad) APMC,2024-11-27,3351.0,4418.0,585.0,7,-24.1
Lasalgaon(Niphad) APMC,2024-11-28,4740.0,4399.0,449.0,7,7.8
Lasalgaon(Niphad) APMC,2024-12-02,4301.0,4328.0,399.0,7,-0.6
Lasalgaon(Niphad) APMC,2024-12-03,3370.0,4109.0,416.0,7,-18.0
Lasalgaon(Niphad) APMC,2024-12-04,2900.0,3795.0,402.0,7,-23.6
Lasalgaon(Niphad) APMC,2024-12-05,3800.0,3895.0,349.0,7,-2.4
Lasalgaon(Niphad) APMC,2024-12-06,2500.0,3566.0,309.0,7,-29.9
Lasalgaon(Niphad) APMC,2024-12-07,3251.0,3552.0,239.0,7,-8.5
Lasalgaon(Niphad) APMC,2024-12-09,3400.0,3360.0,202.0,7,1.2
Lasalgaon(Niphad) APMC,2024-12-10,3225.0,3207.0,153.0,7,0.6
Lasalgaon(Niphad) APMC,2024-12-11,3200.0,3182.0,98.0,7,0.6
Lasalgaon(Niphad) APMC,2024-12-12,3100.0,3211.0,73.0,7,-3.5
Lasalgaon(Niphad) APMC,2024-12-13,3062.0,3105.0,67.0,7,-1.4
Lasalgaon(Niphad) APMC,2024-12-14,2600.0,3120.0,110.0,7,-16.7
Lasalgaon(Niphad) APMC,2024-12-16,2500.0,3012.0,643.0,7,-17.0
Lasalgaon(Niphad) APMC,2024-12-17,2100.0,2827.0,1231.0,7,-25.7
Lasalgaon(Niphad) APMC,2024-12-18,1801.0,2623.0,1727.0,7,-31.3
Lasalgaon(Niphad) APMC,2024-12-19,1850.0,2430.0,2117.0,7,-23.9
Lasalgaon(Niphad) APMC,2024-12-20,1800.0,2245.0,2497.0,7,-19.8
Lasalgaon(Niphad) APMC,2024-12-21,1800.0,2064.0,2814.0,7,-12.8
Lasalgaon(Niphad) APMC,2024-12-23,1700.0,1936.0,3220.0,7,-12.2
Lasalgaon(Niphad) APMC,2024-12-24,1700.0,1822.0,3089.0,7,-6.7
Lasalgaon(Niphad) APMC,2024-12-25,1925.0,1797.0,2731.0,7,7.1
Lasalgaon(Niphad) APMC,2024-12-26,2075.0,1836.0,2577.0,7,13.0
Lasalgaon(Niphad) APMC,2024-12-27,2225.0,1889.0,2530.0,7,17.8
Lasalgaon(Niphad) APMC,2024-12-28,2450.0,1982.0,2521.0,7,23.6
Lasalgaon(Niphad) APMC,2024-12-30,2600.0,2096.0,2636.0,7,24.0
Lasalgaon(Niphad) APMC,2024-12-31,2650.0,2232.0,2645.0,7,18.7
Lasalgaon(Niphad) APMC,2025-01-01,2451.0,2339.0,2840.0,7,4.8
Lasalgaon(Niphad) APMC,2025-01-02,2350.0,2400.0,3112.0,7,-2.1
Lasalgaon(Niphad) APMC,2025-01-03,2350.0,2439.0,3203.0,7,-3.7
Lasalgaon(Niphad) APMC,2025-01-04,2500.0,2479.0,3235.0,7,0.9
Lasalgaon(Niphad) APMC,2025-01-06,2551.0,2493.0,3410.0,7,2.3
Lasalgaon(Niphad) APMC,2025-01-07,2450.0,2472.0,3618.0,7,-0.9
Lasalgaon(Niphad) APMC,2025-01-08,2250.0,2415.0,3959.0,7,-6.8
Lasalgaon(Niphad) APMC,2025-01-09,2200.0,2379.0,3992.0,7,-7.5
Lasalgaon(Niphad) APMC,2025-01-10,1850.0,2307.0,4091.0,7,-19.8
Lasalgaon(Niphad) APMC,2025-01-11,1800.0,2229.0,4124.0,7,-19.2
Lasalgaon(Niphad) APMC,2025-01-13,1850.0,2136.0,4245.0,7,-13.4
Lasalgaon(Niphad) APMC,2025-01-14,1950.0,2050.0,4212.0,7,-4.9
Lasalgaon(Niphad) APMC,2025-01-16,1950.0,1979.0,4143.0,7,-1.4
Lasalgaon(Niphad) APMC,2025-01-17,2031.0,1947.0,3838.0,7,4.3
Lasalgaon(Niphad) APMC,2025-01-18,2225.0,1951.0,3775.0,7,14.1
Lasalgaon(Niphad) APMC,2025-01-20,2470.0,2039.0,3772.0,7,21.1
Lasalgaon(Niphad) APMC,2025-01-21,2351.0,2118.0,3969.0,7,11.0
Lasalgaon(Niphad) APMC,2025-01-22,2411.0,2198.0,4291.0,7,9.7
Lasalgaon(Niphad) APMC,2025-01-23,2400.0,2263.0,4613.0,7,6.1
Lasalgaon(Niphad) APMC,2025-01-24,2475.0,2338.0,4938.0,7,5.9
Lasalgaon(Niphad) APMC,2025-01-25,2425.0,2394.0,5408.0,7,1.3
Lasalgaon(Niphad) APMC,2025-01-27,2350.0,2412.0,5874.0,7,-2.6
Lasalgaon(Niphad) APMC,2025-01-28,2400.0,2402.0,6399.0,7,-0.1
Lasalgaon(Niphad) APMC,2025-01-29,2325.0,2398.0,6619.0,7,-3.0
Lasalgaon(Niphad) APMC,2025-01-30,2250.0,2375.0,6725.0,7,-5.3
Lasalgaon(Niphad) APMC,2025-01-31,2250.0,2354.0,6679.0,7,-4.4
Lasalgaon(Niphad) APMC,2025-02-01,2125.0,2304.0,6777.0,7,-7.8
Lasalgaon(Niphad) APMC,2025-02-03,2100.0,2257.0,9528.0,7,-7.0
Lasalgaon(Niphad) APMC,2025-02-04,2300.0,2250.0,9339.0,7,2.2
Lasalgaon(Niphad) APMC,2025-02-05,2400.0,2250.0,9028.0,7,6.7
Lasalgaon(Niphad) APMC,2025-02-06,2400.0,2261.0,8889.0,7,6.2
Lasalgaon(Niphad) APMC,2025-02-07,2475.0,2293.0,8682.0,7,7.9
Lasalgaon(Niphad) APMC,2025-02-08,2550.0,2336.0,8595.0,7,9.2
Lasalgaon(Niphad) APMC,2025-02-13,3050.0,2468.0,8426.0,7,23.6
Lasalgaon(Niphad) APMC,2025-02-14,3150.0,2618.0,5486.0,7,20.3
Lasalgaon(Niphad) APMC,2025-02-15,3050.0,2725.0,5429.0,7,11.9
Lasalgaon(Niphad) APMC,2025-02-17,2900.0,2796.0,5533.0,7,3.7
Lasalgaon(Niphad) APMC,2025-02-18,2347.0,2789.0,5889.0,7,-15.8
Lasalgaon(Niphad) APMC,2025-02-19,2450.0,2785.0,5832.0,7,-12.0
Lasalgaon(Niphad) APMC,2025-02-20,2500.0,2778.0,6234.0,7,-10.0
Lasalgaon(Niphad) APMC,2025-02-21,2221.0,2660.0,6363.0,7,-16.5
Lasalgaon(Niphad) APMC,2025-02-22,2200.0,2524.0,6594.0,7,-12.8
Lasalgaon(Niphad) APMC,2025-02-24,2240.0,2408.0,6849.0,7,-7.0
Lasalgaon(Niphad) APMC,2025-02-25,2300.0,2323.0,6957.0,7,-1.0
Lasalgaon(Niphad) APMC,2025-02-26,2260.0,2310.0,6391.0,7,-2.2
Lasalgaon(Niphad) APMC,2025-02-27,2250.0,2282.0,6687.0,7,-1.4
Lasalgaon(Niphad) APMC,2025-02-28,2300.0,2253.0,6549.0,7,2.1
Lasalgaon(Niphad) APMC,2025-03-01,2250.0,2257.0,6590.0,7,-0.3
Lasalgaon(Niphad) APMC,2025-03-03,2225.0,2261.0,6647.0,7,-1.6
Lasalgaon(Niphad) APMC,2025-03-04,2251.0,2262.0,6517.0,7,-0.5
Lasalgaon(Niphad) APMC,2025-03-05,2300.0,2262.0,6218.0,7,1.7
Lasalgaon(Niphad) APMC,2025-03-06,2350.0,2275.0,6545.0,7,3.3
Lasalgaon(Niphad) APMC,2025-03-07,2275.0,2279.0,6341.0,7,-0.2
Lasalgaon(Niphad) APMC,2025-03-08,2000.0,2236.0,6341.0,7,-10.5
Lasalgaon(Niphad) APMC,2025-03-10,1600.0,2143.0,6026.0,7,-25.3
Lasalgaon(Niphad) APMC,2025-03-11,1575.0,2050.0,5562.0,7,-23.2
Lasalgaon(Niphad) APMC,2025-03-12,1550.0,1950.0,5144.0,7,-20.5
Lasalgaon(Niphad) APMC,2025-03-13,1475.0,1832.0,4797.0,7,-19.5
Lasalgaon(Niphad) APMC,2025-03-15,1551.0,1718.0,4238.0,7,-9.7
Lasalgaon(Niphad) APMC,2025-03-17,1575.0,1618.0,4008.0,7,-2.7
Lasalgaon(Niphad) APMC,2025-03-18,1550.0,1554.0,3831.0,7,-0.2
Lasalgaon(Niphad) APMC,2025-03-19,1450.0,1532.0,3568.0,7,-5.4
Lasalgaon(Niphad) APMC,2025-03-20,1500.0,1522.0,3747.0,7,-1.4
Lasalgaon(Niphad) APMC,2025-03-21,1300.0,1486.0,3819.0,7,-12.5
Lasalgaon(Niphad) APMC,2025-03-22,1500.0,1489.0,4069.0,7,0.7
Lasalgaon(Niphad) APMC,2025-03-24,1500.0,1482.0,4102.0,7,1.2
Lasalgaon(Niphad) APMC,2025-03-25,1400.0,1457.0,3933.0,7,-3.9
Lasalgaon(Niphad) APMC,2025-03-26,1451.0,1443.0,3505.0,7,0.6
Lasalgaon(Niphad) APMC,2025-03-27,1550.0,1457.0,3537.0,7,6.4
Lasalgaon(Niphad) APMC,2025-03-28,1475.0,1454.0,3147.0,7,1.5
Lasalgaon(Niphad) APMC,2025-04-03,1350.0,1461.0,2932.0,7,-7.6
Lasalgaon(Niphad) APMC,2025-04-04,1142.0,1410.0,2883.0,7,-19.0
Lasalgaon(Niphad) APMC,2025-04-05,1141.0,1358.0,3193.0,7,-16.0
Lasalgaon(Niphad) APMC,2025-04-07,1350.0,1351.0,3666.0,7,-0.1
Lasalgaon(Niphad) APMC,2025-04-08,1137.0,1306.0,4178.0,7,-13.0
Lasalgaon(Niphad) APMC,2025-04-09,1300.0,1271.0,4708.0,7,2.3
Lasalgaon(Niphad) APMC,2025-04-11,822.0,1177.0,5174.0,7,-30.2
Lasalgaon(Niphad) APMC,2025-04-12,865.0,1108.0,5545.0,7,-21.9
Lasalgaon(Niphad) APMC,2025-04-14,1201.0,1117.0,5505.0,7,7.6
Lasalgaon(Niphad) APMC,2025-04-15,800.0,1068.0,5631.0,7,-25.1
Lasalgaon(Niphad) APMC,2025-04-16,1175.0,1043.0,5591.0,7,12.7
Lasalgaon(Niphad) APMC,2025-04-17,1225.0,1055.0,5454.0,7,16.1
Lasalgaon(Niphad) APMC,2025-04-18,1200.0,1041.0,4899.0,7,15.3
Lasalgaon(Niphad) APMC,2025-04-19,1225.0,1099.0,4475.0,7,11.5
Lasalgaon(Niphad) APMC,2025-04-21,1270.0,1157.0,4175.0,7,9.8
Lasalgaon(Niphad) APMC,2025-04-22,1250.0,1164.0,4041.0,7,7.4
Lasalgaon(Niphad) APMC,2025-04-23,1270.0,1231.0,3789.0,7,3.2
Lasalgaon(Niphad) APMC,2025-04-24,1225.0,1238.0,3680.0,7,-1.0
Lasalgaon(Niphad) APMC,2025-04-25,1220.0,1237.0,3516.0,7,-1.4
Lasalgaon(Niphad) APMC,2025-04-26,1200.0,1237.0,3835.0,7,-3.0
Lasalgaon(Niphad) APMC,2025-04-28,1200.0,1234.0,4495.0,7,-2.7
Lasalgaon(Niphad) APMC,2025-04-29,1150.0,1216.0,4955.0,7,-5.5
Lasalgaon(Niphad) APMC,2025-04-30,1150.0,1202.0,4879.0,7,-4.3
Lasalgaon(Niphad) APMC,2025-05-02,1175.0,1189.0,5093.0,7,-1.1
Lasalgaon(Niphad) APMC,2025-05-03,1150.0,1178.0,5160.0,7,-2.4
Lasalgaon(Niphad) APMC,2025-05-05,1100.0,1161.0,5340.0,7,-5.2
Lasalgaon(Niphad) APMC,2025-05-06,1100.0,1146.0,5439.0,7,-4.0
Lasalgaon(Niphad) APMC,2025-05-07,1100.0,1132.0,4908.0,7,-2.8
Lasalgaon(Niphad) APMC,2025-05-08,1100.0,1125.0,4915.0,7,-2.2
Lasalgaon(Niphad) APMC,2025-05-09,1070.0,1114.0,5251.0,7,-3.9
Lasalgaon(Niphad) APMC,2025-05-10,1100.0,1103.0,5312.0,7,-0.3
Lasalgaon(Niphad) APMC,2025-05-12,1125.0,1099.0,5684.0,7,2.3
Lasalgaon(Niphad) APMC,2025-05-15,1100.0,1099.0,5638.0,7,0.1
Lasalgaon(Niphad) APMC,2025-05-16,1100.0,1099.0,5433.0,7,0.1
Lasalgaon(Niphad) APMC,2025-05-17,1100.0,1099.0,5516.0,7,0.1
Lasalgaon(Niphad) APMC,2025-05-19,1100.0,1099.0,5478.0,7,0.1
Lasalgaon(Niphad) APMC,2025-05-20,1100.0,1104.0,5213.0,7,-0.3
Lasalgaon(Niphad) APMC,2025-05-21,1200.0,1118.0,4849.0,7,7.3
Lasalgaon(Niphad) APMC,2025-05-22,1120.0,1117.0,4234.0,7,0.3
Lasalgaon(Niphad) APMC,2025-05-23,1100.0,1117.0,3954.0,7,-1.5
Lasalgaon(Niphad) APMC,2025-05-24,1125.0,1121.0,3843.0,7,0.4
Lasalgaon(Niphad) APMC,2025-05-26,1175.0,1131.0,3849.0,7,3.9
Lasalgaon(Niphad) APMC,2025-05-27,1300.0,1160.0,3499.0,7,12.1
Lasalgaon(Niphad) APMC,2025-05-28,1341.0,1194.0,3556.0,7,12.3
Lasalgaon(Niphad) APMC,2025-05-29,1441.0,1229.0,3630.0,7,17.3
Lasalgaon(Niphad) APMC,2025-05-30,1400.0,1269.0,3760.0,7,10.3
Lasalgaon(Niphad) APMC,2025-05-31,1300.0,1297.0,4248.0,7,0.2
Lasalgaon(Niphad) APMC,2025-06-02,1300.0,1322.0,4562.0,7,-1.7
Lasalgaon(Niphad) APMC,2025-06-03,1400.0,1355.0,4554.0,7,3.4
Lasalgaon(Niphad) APMC,2025-06-04,1400.0,1369.0,4719.0,7,2.3
Lasalgaon(Niphad) APMC,2025-06-06,1400.0,1377.0,4680.0,7,1.6
Lasalgaon(Niphad) APMC,2025-06-07,1431.0,1376.0,4617.0,7,4.0
Lasalgaon(Niphad) APMC,2025-06-09,1600.0,1404.0,4566.0,7,13.9
Lasalgaon(Niphad) APMC,2025-06-10,1651.0,1455.0,4253.0,7,13.5
Lasalgaon(Niphad) APMC,2025-06-11,1630.0,1502.0,4025.0,7,8.5
Lasalgaon(Niphad) APMC,2025-06-13,1700.0,1545.0,3846.0,7,10.1
Lasalgaon(Niphad) APMC,2025-06-14,1651.0,1580.0,3710.0,7,4.5
Lasalgaon(Niphad) APMC,2025-06-16,1600.0,1609.0,4786.0,7,-0.6
Lasalgaon(Niphad) APMC,2025-06-17,1560.0,1627.0,4986.0,7,-4.1
Lasalgaon(Niphad) APMC,2025-06-18,1500.0,1613.0,5546.0,7,-7.0
Lasalgaon(Niphad) APMC,2025-06-19,1550.0,1599.0,5217.0,7,-3.0
Lasalgaon(Niphad) APMC,2025-06-20,1550.0,1587.0,4981.0,7,-2.3
Lasalgaon(Niphad) APMC,2025-06-21,1600.0,1573.0,5036.0,7,1.7
Lasalgaon(Niphad) APMC,2025-06-23,1600.0,1566.0,5118.0,7,2.2
Lasalgaon(Niphad) APMC,2025-06-24,1580.0,1563.0,4375.0,7,1.1
Lasalgaon(Niphad) APMC,2025-06-25,1550.0,1561.0,4452.0,7,-0.7
Lasalgaon(Niphad) APMC,2025-06-26,1550.0,1569.0,4016.0,7,-1.2
Lasalgaon(Niphad) APMC,2025-06-27,1500.0,1561.0,4299.0,7,-3.9
Lasalgaon(Niphad) APMC,2025-06-28,1511.0,1556.0,4609.0,7,-2.9
Lasalgaon(Niphad) APMC,2025-06-30,1500.0,1542.0,4662.0,7,-2.7
Lasalgaon(Niphad) APMC,2025-07-01,1500.0,1527.0,4673.0,7,-1.8
Lasalgaon(Niphad) APMC,2025-07-03,1475.0,1512.0,4461.0,7,-2.5
Lasalgaon(Niphad) APMC,2025-07-04,1500.0,1505.0,4257.0,7,-0.3
Lasalgaon(Niphad) APMC,2025-07-05,1475.0,1494.0,4141.0,7,-1.3
Lasalgaon(Niphad) APMC,2025-07-07,1470.0,1490.0,4131.0,7,-1.4
Lasalgaon(Niphad) APMC,2025-07-08,1450.0,1481.0,4089.0,7,-2.1
Lasalgaon(Niphad) APMC,2025-07-09,1451.0,1474.0,4299.0,7,-1.6
Lasalgaon(Niphad) APMC,2025-07-10,1425.0,1464.0,4475.0,7,-2.6
Lasalgaon(Niphad) APMC,2025-07-11,1400.0,1453.0,4734.0,7,-3.6
Lasalgaon(Niphad) APMC,2025-07-12,1350.0,1432.0,5162.0,7,-5.7
Lasalgaon(Niphad) APMC,2025-07-14,1370.0,1417.0,5519.0,7,-3.3
Lasalgaon(Niphad) APMC,2025-07-15,1400.0,1407.0,5731.0,7,-0.5
Lasalgaon(Niphad) APMC,2025-07-16,1400.0,1399.0,5960.0,7,0.0
Lasalgaon(Niphad) APMC,2025-07-17,1375.0,1389.0,6179.0,7,-1.0
Lasalgaon(Niphad) APMC,2025-07-18,1375.0,1381.0,6134.0,7,-0.5
Lasalgaon(Niphad) APMC,2025-07-19,1351.0,1374.0,6282.0,7,-1.7
Lasalgaon(Niphad) APMC,2025-07-21,1375.0,1378.0,6239.0,7,-0.2
Lasalgaon(Niphad) APMC,2025-07-22,1350.0,1375.0,6023.0,7,-1.8
Lasalgaon(Niphad) APMC,2025-07-23,1300.0,1361.0,6008.0,7,-4.5
Lasalgaon(Niphad) APMC,2025-07-24,1311.0,1348.0,5464.0,7,-2.8
Lasalgaon(Niphad) APMC,2025-07-28,1350.0,1345.0,5401.0,7,0.4
Lasalgaon(Niphad) APMC,2025-07-31,1300.0,1334.0,5411.0,7,-2.5
Lasalgaon(Niphad) APMC,2025-08-01,1325.0,1330.0,5256.0,7,-0.4
Lasalgaon(Niphad) APMC,2025-08-02,1350.0,1327.0,5346.0,7,1.8
Lasalgaon(Niphad) APMC,2025-08-04,1351.0,1327.0,5914.0,7,1.8
Lasalgaon(Niphad) APMC,2025-08-05,1300.0,1327.0,6285.0,7,-2.0
Lasalgaon(Niphad) APMC,2025-08-06,1280.0,1322.0,7108.0,7,-3.2
Lasalgaon(Niphad) APMC,2025-08-07,1270.0,1311.0,7339.0,7,-3.1
Lasalgaon(Niphad) APMC,2025-08-11,1350.0,1318.0,7149.0,7,2.4
Lasalgaon(Niphad) APMC,2025-08-12,1450.0,1336.0,7099.0,7,8.5
Lasalgaon(Niphad) APMC,2025-08-13,1650.0,1379.0,6941.0,7,19.7
Lasalgaon(Niphad) APMC,2025-08-14,1600.0,1414.0,6754.0,7,13.1
Lasalgaon(Niphad) APMC,2025-08-16,1575.0,1454.0,6585.0,7,8.4
Lasalgaon(Niphad) APMC,2025-08-19,1600.0,1499.0,6405.0,7,6.7
Lasalgaon(Niphad) APMC,2025-08-20,1550.0,1539.0,5784.0,7,0.7
Lasalgaon(Niphad) APMC,2025-08-21,1500.0,1561.0,6208.0,7,-3.9
Lasalgaon(Niphad) APMC,2025-08-23,1471.0,1564.0,6386.0,7,-5.9
Lasalgaon(Niphad) APMC,2025-08-25,1400.0,1528.0,6868.0,7,-8.4
Lasalgaon(Niphad) APMC,2025-08-26,1370.0,1495.0,6904.0,7,-8.4
Lasalgaon(Niphad) APMC,2025-08-28,1320.0,1459.0,6870.0,7,-9.5
Lasalgaon(Niphad) APMC,2025-09-01,1325.0,1419.0,6806.0,7,-6.7
Lasalgaon(Niphad) APMC,2025-09-02,1340.0,1389.0,7187.0,7,-3.6
Lasalgaon(Niphad) APMC,2025-09-03,1320.0,1364.0,7119.0,7,-3.2
Lasalgaon(Niphad) APMC,2025-09-04,1280.0,1336.0,7140.0,7,-4.2
Lasalgaon(Niphad) APMC,2025-09-05,1280.0,1319.0,6784.0,7,-3.0
Lasalgaon(Niphad) APMC,2025-09-08,1250.0,1302.0,6521.0,7,-4.0
Lasalgaon(Niphad) APMC,2025-09-09,1225.0,1289.0,6581.0,7,-4.9
Lasalgaon(Niphad) APMC,2025-09-10,1150.0,1264.0,6619.0,7,-9.0
Lasalgaon(Niphad) APMC,2025-09-11,1100.0,1229.0,6459.0,7,-10.5
Lasalgaon(Niphad) APMC,2025-09-12,1051.0,1191.0,5916.0,7,-11.7
Lasalgaon(Niphad) APMC,2025-09-15,1100.0,1165.0,5400.0,7,-5.6
Lasalgaon(Niphad) APMC,2025-09-16,1225.0,1157.0,5006.0,7,5.9
Lasalgaon(Niphad) APMC,2025-09-17,1175.0,1147.0,4727.0,7,2.5
Lasalgaon(Niphad) APMC,2025-09-18,1150.0,1136.0,4470.0,7,1.2
Lasalgaon(Niphad) APMC,2025-09-19,1100.0,1129.0,4168.0,7,-2.5
Lasalgaon(Niphad) APMC,2025-09-20,1075.0,1125.0,4213.0,7,-4.5
Lasalgaon(Niphad) APMC,2025-09-22,1080.0,1129.0,4594.0,7,-4.4
Lasalgaon(Niphad) APMC,2025-09-23,1100.0,1129.0,4549.0,7,-2.6
Lasalgaon(Niphad) APMC,2025-09-24,1070.0,1107.0,4821.0,7,-3.4
Lasalgaon(Niphad) APMC,2025-09-27,1075.0,1093.0,5051.0,7,-1.6
Lasalgaon(Niphad) APMC,2025-09-29,1100.0,1086.0,4549.0,7,1.3
Lasalgaon(Niphad) APMC,2025-09-30,1050.0,1079.0,4446.0,7,-2.6
Lasalgaon(Niphad) APMC,2025-10-01,1000.0,1068.0,4202.0,7,-6.4
Lasalgaon(Niphad) APMC,2025-10-03,1141.0,1077.0,3812.0,7,6.0
Lasalgaon(Niphad) APMC,2025-10-04,1175.0,1087.0,4091.0,7,8.1
Lasalgaon(Niphad) APMC,2025-10-06,1100.0,1092.0,4211.0,7,0.8
Lasalgaon(Niphad) APMC,2025-10-07,1100.0,1095.0,4371.0,7,0.4
Lasalgaon(Niphad) APMC,2025-10-08,1050.0,1088.0,5396.0,7,-3.5
Lasalgaon(Niphad) APMC,2025-10-09,1000.0,1081.0,5957.0,7,-7.5
Lasalgaon(Niphad) APMC,2025-10-13,1020.0,1084.0,6289.0,7,-5.9
Lasalgaon(Niphad) APMC,2025-10-14,1100.0,1078.0,6786.0,7,2.1
Lasalgaon(Niphad) APMC,2025-10-15,1050.0,1060.0,6939.0,7,-0.9
Lasalgaon(Niphad) APMC,2025-10-16,1050.0,1053.0,6666.0,7,-0.3
Lasalgaon(Niphad) APMC,2025-10-18,1050.0,1046.0,5976.0,7,0.4
Lasalgaon(Niphad) APMC,2025-10-27,1300.0,1081.0,5119.0,7,20.2
Lasalgaon(Niphad) APMC,2025-10-28,1400.0,1139.0,4406.0,7,23.0
Lasalgaon(Niphad) APMC,2025-10-29,1400.0,1193.0,3849.0,7,17.4
Lasalgaon(Niphad) APMC,2025-10-30,1450.0,1243.0,3289.0,7,16.7
Lasalgaon(Niphad) APMC,2025-10-31,1650.0,1329.0,2751.0,7,24.2
Lasalgaon(Niphad) APMC,2025-11-01,1650.0,1414.0,2526.0,7,16.7
Lasalgaon(Niphad) APMC,2025-11-03,1625.0,1496.0,2848.0,7,8.6
Lasalgaon(Niphad) APMC,2025-11-05,1600.0,1539.0,3133.0,7,3.9
Lasalgaon(Niphad) APMC,2025-11-07,1630.0,1572.0,3169.0,7,3.7
Lasalgaon(Niphad) APMC,2025-11-08,1600.0,1601.0,3062.0,7,-0.0
Lasalgaon(Niphad) APMC,2025-11-10,1700.0,1636.0,3214.0,7,3.9
Lasalgaon(Niphad) APMC,2025-11-11,1550.0,1622.0,3482.0,7,-4.4
Lasalgaon(Niphad) APMC,2025-11-12,1500.0,1601.0,3559.0,7,-6.3
Lasalgaon(Niphad) APMC,2025-11-13,1500.0,1583.0,3510.0,7,-5.2
Lasalgaon(Niphad) APMC,2025-11-14,1500.0,1569.0,3343.0,7,-4.4
Lasalgaon(Niphad) APMC,2025-11-17,1450.0,1543.0,3613.0,7,-6.0
Lasalgaon(Niphad) APMC,2025-11-18,1400.0,1514.0,3973.0,7,-7.5
Lasalgaon(Niphad) APMC,2025-11-19,1400.0,1471.0,4074.0,7,-4.9
Lasalgaon(Niphad) APMC,2025-11-20,1300.0,1436.0,4116.0,7,-9.5
Lasalgaon(Niphad) APMC,2025-11-21,1250.0,1400.0,4108.0,7,-10.7
Lasalgaon(Niphad) APMC,2025-11-22,1225.0,1361.0,4191.0,7,-10.0
Lasalgaon(Niphad) APMC,2025-11-24,1150.0,1311.0,4311.0,7,-12.3
Lasalgaon(Niphad) APMC,2025-11-25,1100.0,1261.0,4105.0,7,-12.7
Lasalgaon(Niphad) APMC,2025-11-26,1050.0,1211.0,3940.0,7,-13.3
Lasalgaon(Niphad) APMC,2025-11-27,1000.0,1154.0,3760.0,7,-13.3
Lasalgaon(Niphad) APMC,2025-11-28,950.0,1104.0,3484.0,7,-13.9
Lasalgaon(Niphad) APMC,2025-11-29,1000.0,1068.0,3310.0,7,-6.4
Lasalgaon(Niphad) APMC,2025-12-01,950.0,1029.0,3019.0,7,-7.6
Lasalgaon(Niphad) APMC,2025-12-02,1025.0,1011.0,2699.0,7,1.4
Lasalgaon(Niphad) APMC,2025-12-03,1275.0,1036.0,2529.0,7,23.1
Lasalgaon(Niphad) APMC,2025-12-04,1211.0,1059.0,2424.0,7,14.4
Lasalgaon(Niphad) APMC,2025-12-05,1300.0,1102.0,2274.0,7,18.0
Lasalgaon(Niphad) APMC,2025-12-06,1351.0,1159.0,2255.0,7,16.6
Lasalgaon(Niphad) APMC,2025-12-07,1550.0,1237.0,2208.0,7,25.3
Lasalgaon(Niphad) APMC,2025-12-09,1600.0,1330.0,2179.0,7,20.3
Lasalgaon(Niphad) APMC,2025-12-10,1700.0,1427.0,2186.0,7,19.2
Lasalgaon(Niphad) APMC,2025-12-11,2050.0,1537.0,2201.0,7,33.3
Lasalgaon(Niphad) APMC,2025-12-12,2000.0,1650.0,2164.0,7,21.2
Lasalgaon(Niphad) APMC,2025-12-13,2000.0,1750.0,2205.0,7,14.3
Lasalgaon(Niphad) APMC,2025-12-15,2200.0,1871.0,1897.0,7,17.6
Lasalgaon(Niphad) APMC,2025-12-16,2000.0,1936.0,1820.0,7,3.3
Lasalgaon(Niphad) APMC,2025-12-17,2000.0,1993.0,1726.0,7,0.4
Lasalgaon(Niphad) APMC,2025-12-18,1850.0,2014.0,1666.0,7,-8.2
Lasalgaon(Niphad) APMC,2025-12-19,1700.0,1964.0,1329.0,7,-13.5
Lasalgaon(Niphad) APMC,2025-12-20,1200.0,1850.0,1224.0,7,-35.1
Lasalgaon(Niphad) APMC,2025-12-22,1200.0,1736.0,1066.0,7,-30.9
Lasalgaon(Niphad) APMC,2025-12-23,1200.0,1593.0,1069.0,7,-24.7
Lasalgaon(Niphad) APMC,2025-12-24,1651.0,1543.0,847.0,7,7.0
Lasalgaon(Niphad) APMC,2025-12-25,1600.0,1486.0,616.0,7,7.7
Lasalgaon(Niphad) APMC,2025-12-26,1700.0,1464.0,387.0,7,16.1
Lasalgaon(Niphad) APMC,2025-12-27,1740.0,1470.0,419.0,7,18.4
Lasalgaon(Niphad) APMC,2025-12-29,1150.0,1463.0,262.0,7,-21.4
Lasalgaon(Niphad) APMC,2025-12-30,1951.0,1570.0,251.0,7,24.2
Lasalgaon(Niphad) APMC,2025-12-31,1951.0,1678.0,464.0,7,16.3
Lasalgaon(Niphad) APMC,2026-01-01,1850.0,1706.0,691.0,7,8.4
Lasalgaon(Niphad) APMC,2026-01-02,1800.0,1735.0,996.0,7,3.8
Lasalgaon(Niphad) APMC,2026-01-03,1700.0,1735.0,1311.0,7,-2.0
Lasalgaon(Niphad) APMC,2026-01-05,1600.0,1715.0,1710.0,7,-6.7
Lasalgaon(Niphad) APMC,2026-01-06,1550.0,1772.0,2000.0,7,-12.5
Lasalgaon(Niphad) APMC,2026-01-07,1550.0,1714.0,2220.0,7,-9.6
Lasalgaon(Niphad) APMC,2026-01-08,1550.0,1657.0,2264.0,7,-6.5
Lasalgaon(Niphad) APMC,2026-01-09,1550.0,1614.0,2367.0,7,-4.0
Lasalgaon(Niphad) APMC,2026-01-10,1500.0,1571.0,2409.0,7,-4.5
Lasalgaon(Niphad) APMC,2026-01-12,1450.0,1536.0,2530.0,7,-5.6
Lasalgaon(Niphad) APMC,2026-01-13,1450.0,1514.0,2567.0,7,-4.2
Lasalgaon(Niphad) APMC,2026-01-14,1450.0,1500.0,2696.0,7,-3.3
Lasalgaon(Niphad) APMC,2026-01-16,1450.0,1486.0,2964.0,7,-2.4
Lasalgaon(Niphad) APMC,2026-01-17,1500.0,1479.0,3154.0,7,1.4
Lasalgaon(Niphad) APMC,2026-01-19,1550.0,1479.0,3348.0,7,4.8
Lasalgaon(Niphad) APMC,2026-01-20,1500.0,1479.0,3554.0,7,1.4
Lasalgaon(Niphad) APMC,2026-01-21,1550.0,1493.0,3731.0,7,3.8
Lasalgaon(Niphad) APMC,2026-01-22,1500.0,1500.0,4045.0,7,0.0
Lasalgaon(Niphad) APMC,2026-01-23,1380.0,1490.0,4239.0,7,-7.4
Lasalgaon(Niphad) APMC,2026-01-24,1400.0,1483.0,4271.0,7,-5.6
Lasalgaon(Niphad) APMC,2026-01-30,1171.0,1436.0,4779.0,7,-18.4
Lasalgaon(Niphad) APMC,2026-01-31,1100.0,1372.0,5265.0,7,-19.8
Lasalgaon(Niphad) APMC,2026-02-02,1100.0,1314.0,5469.0,7,-16.3
Lasalgaon(Niphad) APMC,2026-02-03,1150.0,1257.0,5557.0,7,-8.5
Lasalgaon(Niphad) APMC,2026-02-04,1100.0,1200.0,5645.0,7,-8.3
Lasalgaon(Niphad) APMC,2026-02-05,1100.0,1160.0,5938.0,7,-5.2
Lasalgaon(Niphad) APMC,2026-02-06,1100.0,1117.0,5855.0,7,-1.5
Lasalgaon(Niphad) APMC,2026-02-07,1150.0,1114.0,5553.0,7,3.2
Lasalgaon(Niphad) APMC,2026-02-09,1250.0,1136.0,5162.0,7,10.1
Lasalgaon(Niphad) APMC,2026-02-10,1250.0,1157.0,5021.0,7,8.0
Lasalgaon(Niphad) APMC,2026-02-11,1200.0,1164.0,5062.0,7,3.1
Lasalgaon(Niphad) APMC,2026-02-12,1175.0,1175.0,5045.0,7,0.0
Lasalgaon(Niphad) APMC,2026-02-13,1185.0,1187.0,5026.0,7,-0.2
Lasalgaon(Niphad) APMC,2026-02-14,1150.0,1194.0,5463.0,7,-3.7
Lasalgaon(Niphad) APMC,2026-02-16,1100.0,1187.0,5766.0,7,-7.3
Lasalgaon(Niphad) APMC,2026-02-17,1125.0,1169.0,5976.0,7,-3.8
Lasalgaon(Niphad) APMC,2026-02-18,1100.0,1148.0,6469.0,7,-4.2
Lasalgaon(Niphad) APMC,2026-02-20,1100.0,1134.0,6823.0,7,-3.0
Lasalgaon(Niphad) APMC,2026-02-21,1100.0,1123.0,7046.0,7,-2.0
Lasalgaon(Niphad) APMC,2026-02-23,1100.0,1111.0,7434.0,7,-1.0
Lasalgaon(Niphad) APMC,2026-02-24,1050.0,1096.0,7740.0,7,-4.2
Lasalgaon(Niphad) APMC,2026-02-25,900.0,1068.0,7940.0,7,-15.7
Lasalgaon(Niphad) APMC,2026-02-26,1000.0,1050.0,8117.0,7,-4.8
Lasalgaon(Niphad) APMC,2026-02-27,1000.0,1036.0,8000.0,7,-3.4
Lasalgaon(Niphad) APMC,2026-02-28,971.0,1017.0,8000.0,7,-4.5
Lasalgaon(Niphad) APMC,2026-03-04,951.0,996.0,7464.0,7,-4.5
Lasalgaon(Niphad) APMC,2026-03-05,950.0,975.0,7007.0,7,-2.5
Lasalgaon(Niphad) APMC,2026-03-06,950.0,960.0,6598.0,7,-1.1
Lasalgaon(Niphad) APMC,2026-03-07,950.0,967.0,6293.0,7,-1.8
Lasalgaon(Niphad) APMC,2026-03-09,950.0,960.0,6126.0,7,-1.1
Lasalgaon(Niphad) APMC,2026-03-10,971.0,956.0,5969.0,7,1.6
Lasalgaon(Niphad) APMC,2026-03-11,950.0,953.0,5716.0,7,-0.3
Lasalgaon(Niphad) APMC,2026-03-12,900.0,946.0,6003.0,7,-4.8
Lasalgaon(Niphad) APMC,2026-03-13,900.0,939.0,5889.0,7,-4.1
Lasalgaon(Niphad) APMC,2026-03-14,1000.0,946.0,5595.0,7,5.7
Lasalgaon(Niphad) APMC,2026-03-16,950.0,946.0,5292.0,7,0.4
Lasalgaon(Niphad) APMC,2026-03-17,900.0,939.0,5013.0,7,-4.1
Lasalgaon(Niphad) APMC,2026-03-18,1000.0,943.0,4164.0,7,6.1
Lasalgaon(Niphad) APMC,2026-03-19,850.0,929.0,3550.0,7,-8.5
Lasalgaon(Niphad) APMC,2026-03-20,900.0,929.0,2971.0,7,-3.1
Lasalgaon(Niphad) APMC,2026-03-21,900.0,929.0,2471.0,7,-3.1
Lasalgaon(Niphad) APMC,2026-03-23,880.0,911.0,2332.0,7,-3.4
Lasalgaon(Niphad) APMC,2026-03-24,851.0,897.0,2132.0,7,-5.2
Lasalgaon(Niphad) APMC,2026-03-25,850.0,890.0,1957.0,7,-4.5
Lasalgaon(Niphad) APMC,2026-03-26,825.0,865.0,2174.0,7,-4.6
Lasalgaon(Niphad) APMC,2026-03-27,850.0,865.0,1943.0,7,-1.8
Lasalgaon(Niphad) APMC,2026-03-28,950.0,872.0,1722.0,7,8.9
Lasalgaon(Niphad) APMC,2026-04-06,821.0,861.0,1568.0,7,-4.6
Lasalgaon(Niphad) APMC,2026-04-07,1131.0,897.0,1249.0,7,26.1
Lasalgaon(Niphad) APMC,2026-04-08,840.0,895.0,936.0,7,-6.2
Lasalgaon(Niphad) APMC,2026-04-09,800.0,888.0,574.0,7,-9.9
Lasalgaon(Niphad) APMC,2026-04-10,1230.0,946.0,666.0,7,30.0
Lasalgaon(Niphad) APMC,2026-04-11,800.0,939.0,667.0,7,-14.8
Lasalgaon(Niphad) APMC,2026-04-13,1050.0,953.0,1252.0,7,10.2
Lasalgaon(Niphad) APMC,2026-04-15,761.0,945.0,1188.0,7,-19.4
Lasalgaon(Niphad) APMC,2026-04-16,900.0,912.0,1726.0,7,-1.3
Lasalgaon(Niphad) APMC,2026-04-17,825.0,909.0,2432.0,7,-9.3
Lasalgaon(Niphad) APMC,2026-04-20,850.0,917.0,2901.0,7,-7.3
Lasalgaon(Niphad) APMC,2026-04-21,955.0,877.0,2992.0,7,8.9
Lasalgaon(Niphad) APMC,2026-04-22,925.0,895.0,3299.0,7,3.3
Lasalgaon(Niphad) APMC,2026-04-23,951.0,881.0,3199.0,7,7.9
Lasalgaon(Niphad) APMC,2026-04-24,775.0,883.0,3699.0,7,-12.2
Lasalgaon(Niphad) APMC,2026-04-25,800.0,869.0,3390.0,7,-7.9
Lasalgaon(Niphad) APMC,2026-04-27,800.0,865.0,3009.0,7,-7.5
Lasalgaon(Niphad) APMC,2026-04-28,1000.0,887.0,2776.0,7,12.8
Lasalgaon(Niphad) APMC,2026-04-29,1000.0,893.0,2690.0,7,12.0
Lasalgaon(Niphad) APMC,2026-04-30,1075.0,914.0,2669.0,7,17.6
Lasalgaon(Niphad) APMC,2026-05-02,950.0,914.0,2651.0,7,3.9
Lasalgaon(Niphad) APMC,2026-05-04,1050.0,954.0,2604.0,7,10.1
Lasalgaon(Niphad) APMC,2026-05-05,1100.0,996.0,2836.0,7,10.4
Lasalgaon(Niphad) APMC,2026-05-06,951.0,1018.0,2921.0,7,-6.6
Lasalgaon(Niphad) APMC,2026-05-07,900.0,1004.0,3356.0,7,-10.3
Lasalgaon(Niphad) APMC,2026-05-08,900.0,989.0,3652.0,7,-9.0
Lasalgaon(Niphad) APMC,2026-05-11,850.0,957.0,3941.0,7,-11.2
Lasalgaon(Niphad) APMC,2026-05-12,920.0,953.0,3943.0,7,-3.5
Lasalgaon(Niphad) APMC,2026-05-13,1050.0,953.0,3956.0,7,10.2
Lasalgaon(Niphad) APMC,2026-05-14,1121.0,956.0,3904.0,7,17.3
Lasalgaon(Niphad) APMC,2026-05-15,1050.0,970.0,3984.0,7,8.2
Lasalgaon(Niphad) APMC,2026-05-18,900.0,970.0,3759.0,7,-7.2
Lasalgaon(Niphad) APMC,2026-05-19,1000.0,984.0,3697.0,7,1.6
Lasalgaon(Niphad) APMC,2026-05-20,1000.0,1006.0,3695.0,7,-0.6
Lasalgaon(Niphad) APMC,2026-05-21,1000.0,1017.0,3678.0,7,-1.7
Lasalgaon(Niphad) APMC,2026-05-22,1100.0,1024.0,3650.0,7,7.4
Lasalgaon(Niphad) APMC,2026-05-23,1000.0,1007.0,3601.0,7,-0.7
Lasalgaon(Niphad) APMC,2026-05-25,1100.0,1014.0,3536.0,7,8.5
Lasalgaon(Niphad) APMC,2026-05-26,1300.0,1071.0,3096.0,7,21.3
Lasalgaon(Niphad) APMC,2026-05-27,1325.0,1118.0,3082.0,7,18.5
Lasalgaon(Niphad) APMC,2026-05-28,1350.0,1168.0,3148.0,7,15.6
Lasalgaon(Niphad) APMC,2026-05-29,1225.0,1200.0,3181.0,7,2.1
Lasalgaon(Niphad) APMC,2026-05-30,1250.0,1221.0,3243.0,7,2.3
Lasalgaon(Niphad) APMC,2026-06-01,1341.0,1270.0,3366.0,7,5.6
Lasalgaon(Niphad) APMC,2026-06-02,1500.0,1327.0,3548.0,7,13.0
Lasalgaon(Niphad) APMC,2026-06-03,1450.0,1349.0,3994.0,7,7.5
Lasalgaon(Niphad) APMC,2026-06-04,1500.0,1374.0,4276.0,7,9.2
Lasalgaon(Niphad) APMC,2026-06-05,1400.0,1381.0,4201.0,7,1.4
Lasalgaon(Niphad) APMC,2026-06-06,1500.0,1420.0,4131.0,7,5.6
Lasalgaon(Niphad) APMC,2026-06-08,1500.0,1456.0,4360.0,7,3.0
Lasalgaon(Niphad) APMC,2026-06-09,1550.0,1486.0,4508.0,7,4.3
Lasalgaon(Niphad) APMC,2026-06-10,1451.0,1479.0,4547.0,7,-1.9
Lasalgaon(Niphad) APMC,2026-06-11,1450.0,1479.0,4772.0,7,-1.9
Lasalgaon(Niphad) APMC,2026-06-12,1450.0,1472.0,4476.0,7,-1.5
Lasalgaon(Niphad) APMC,2026-06-13,1500.0,1486.0,4443.0,7,1.0
Lasalgaon(Niphad) APMC,2026-06-15,1500.0,1486.0,4662.0,7,1.0
Lasalgaon(Niphad) APMC,2026-06-16,1550.0,1493.0,4694.0,7,3.8
Lasalgaon(Niphad) APMC,2026-06-17,1700.0,1514.0,4604.0,7,12.3
Lasalgaon(Niphad) APMC,2026-06-18,1750.0,1557.0,4724.0,7,12.4
Lasalgaon(Niphad) APMC,2026-06-19,1700.0,1593.0,4613.0,7,6.7
Lasalgaon(Niphad) APMC,2026-06-20,1750.0,1636.0,4791.0,7,7.0
Lasalgaon(Niphad) APMC,2026-06-22,1750.0,1671.0,5003.0,7,4.7
Lasalgaon(Niphad) APMC,2026-06-23,2000.0,1743.0,5039.0,7,14.8
Lasalgaon(Niphad) APMC,2026-06-24,2100.0,1821.0,4984.0,7,15.3
Lasalgaon(Niphad) APMC,2026-06-25,2100.0,1879.0,5245.0,7,11.8
Lasalgaon(Niphad) APMC,2026-06-26,2100.0,1929.0,5199.0,7,8.9
Lasalgaon(Niphad) APMC,2026-06-27,2100.0,1986.0,5314.0,7,5.8
Lasalgaon(Niphad) APMC,2026-06-29,2151.0,2043.0,5400.0,7,5.3
Lasalgaon(Niphad) APMC,2026-06-30,2200.0,2107.0,5569.0,7,4.4
Lasalgaon(Vinchur) APMC,2024-06-01,2000.0,2000.0,12800.0,1,0.0
Lasalgaon(Vinchur) APMC,2024-06-03,2100.0,2050.0,12900.0,2,2.4
Lasalgaon(Vinchur) APMC,2024-06-04,2150.0,2083.0,12700.0,3,3.2
Lasalgaon(Vinchur) APMC,2024-06-05,2300.0,2138.0,12863.0,4,7.6
Lasalgaon(Vinchur) APMC,2024-06-06,2300.0,2170.0,13770.0,5,6.0
Lasalgaon(Vinchur) APMC,2024-06-07,2400.0,2208.0,14492.0,6,8.7
Lasalgaon(Vinchur) APMC,2024-06-08,2500.0,2250.0,14950.0,7,11.1
Lasalgaon(Vinchur) APMC,2024-06-10,2600.0,2336.0,16150.0,7,11.3
Lasalgaon(Vinchur) APMC,2024-06-11,2450.0,2386.0,17136.0,7,2.7
Lasalgaon(Vinchur) APMC,2024-06-12,2400.0,2421.0,17575.0,7,-0.9
Lasalgaon(Vinchur) APMC,2024-06-13,2400.0,2436.0,17468.0,7,-1.5
Lasalgaon(Vinchur) APMC,2024-06-14,2550.0,2471.0,16839.0,7,3.2
Lasalgaon(Vinchur) APMC,2024-06-15,2550.0,2493.0,16568.0,7,2.3
Lasalgaon(Vinchur) APMC,2024-06-17,2600.0,2507.0,15587.0,7,3.7
Lasalgaon(Vinchur) APMC,2024-06-18,2900.0,2550.0,14845.0,7,13.7
Lasalgaon(Vinchur) APMC,2024-06-19,3000.0,2629.0,14802.0,7,14.1
Lasalgaon(Vinchur) APMC,2024-06-20,3100.0,2729.0,15648.0,7,13.6
Lasalgaon(Vinchur) APMC,2024-06-21,3100.0,2829.0,17205.0,7,9.6
Lasalgaon(Vinchur) APMC,2024-06-22,3050.0,2900.0,17287.0,7,5.2
Lasalgaon(Vinchur) APMC,2024-06-24,3200.0,2993.0,16492.0,7,6.9
Lasalgaon(Vinchur) APMC,2024-06-25,3100.0,3064.0,16730.0,7,1.2
Lasalgaon(Vinchur) APMC,2024-06-26,2800.0,3050.0,16095.0,7,-8.2
Lasalgaon(Vinchur) APMC,2024-06-27,2900.0,3036.0,14395.0,7,-4.5
Lasalgaon(Vinchur) APMC,2024-06-28,2900.0,3007.0,12545.0,7,-3.6
Lasalgaon(Vinchur) APMC,2024-06-29,2950.0,2986.0,10360.0,7,-1.2
Lasalgaon(Vinchur) APMC,2024-07-01,3000.0,2979.0,9651.0,7,0.7
Lasalgaon(Vinchur) APMC,2024-07-02,3050.0,2957.0,9589.0,7,3.1
Lasalgaon(Vinchur) APMC,2024-07-03,3000.0,2943.0,9303.0,7,1.9
Lasalgaon(Vinchur) APMC,2024-07-04,3000.0,2971.0,8966.0,7,1.0
Lasalgaon(Vinchur) APMC,2024-07-05,2950.0,2979.0,9279.0,7,-1.0
Lasalgaon(Vinchur) APMC,2024-07-06,2951.0,2986.0,9486.0,7,-1.2
Lasalgaon(Vinchur) APMC,2024-07-08,2850.0,2972.0,9679.0,7,-4.1
Lasalgaon(Vinchur) APMC,2024-07-09,2850.0,2950.0,9413.0,7,-3.4
Lasalgaon(Vinchur) APMC,2024-07-10,2850.0,2922.0,9063.0,7,-2.4
Lasalgaon(Vinchur) APMC,2024-07-11,2850.0,2900.0,8878.0,7,-1.7
Lasalgaon(Vinchur) APMC,2024-07-12,2900.0,2886.0,8849.0,7,0.5
Lasalgaon(Vinchur) APMC,2024-07-13,2900.0,2879.0,8480.0,7,0.7
Lasalgaon(Vinchur) APMC,2024-07-15,2850.0,2864.0,8158.0,7,-0.5
Lasalgaon(Vinchur) APMC,2024-07-16,2800.0,2857.0,7594.0,7,-2.0
Lasalgaon(Vinchur) APMC,2024-07-17,2850.0,2857.0,7506.0,7,-0.3
Lasalgaon(Vinchur) APMC,2024-07-18,2800.0,2850.0,7634.0,7,-1.8
Lasalgaon(Vinchur) APMC,2024-07-19,2750.0,2836.0,7748.0,7,-3.0
Lasalgaon(Vinchur) APMC,2024-07-20,2750.0,2814.0,7856.0,7,-2.3
Lasalgaon(Vinchur) APMC,2024-07-22,2775.0,2796.0,7906.0,7,-0.8
Lasalgaon(Vinchur) APMC,2024-07-23,2775.0,2786.0,8036.0,7,-0.4
Lasalgaon(Vinchur) APMC,2024-07-24,2750.0,2779.0,8250.0,7,-1.0
Lasalgaon(Vinchur) APMC,2024-07-25,2725.0,2761.0,8510.0,7,-1.3
Lasalgaon(Vinchur) APMC,2024-07-26,2675.0,2743.0,8524.0,7,-2.5
Lasalgaon(Vinchur) APMC,2024-07-27,2650.0,2729.0,8213.0,7,-2.9
Lasalgaon(Vinchur) APMC,2024-07-29,2675.0,2718.0,8012.0,7,-1.6
Lasalgaon(Vinchur) APMC,2024-07-30,2700.0,2707.0,8127.0,7,-0.3
Lasalgaon(Vinchur) APMC,2024-07-31,2650.0,2689.0,7975.0,7,-1.5
Lasalgaon(Vinchur) APMC,2024-09-03,4050.0,2875.0,7737.0,7,40.9
Lasalgaon(Vinchur) APMC,2024-09-04,3850.0,3036.0,7297.0,7,26.8
Lasalgaon(Vinchur) APMC,2024-09-05,4000.0,3225.0,6548.0,7,24.0
Lasalgaon(Vinchur) APMC,2024-09-06,3900.0,3404.0,5961.0,7,14.6
Lasalgaon(Vinchur) APMC,2024-09-09,3675.0,3546.0,5182.0,7,3.6
Lasalgaon(Vinchur) APMC,2024-09-10,3950.0,3725.0,4396.0,7,6.0
Lasalgaon(Vinchur) APMC,2024-09-11,3900.0,3904.0,3740.0,7,-0.1
Lasalgaon(Vinchur) APMC,2024-09-12,4100.0,3911.0,3457.0,7,4.8
Lasalgaon(Vinchur) APMC,2024-09-13,4150.0,3954.0,3357.0,7,5.0
Lasalgaon(Vinchur) APMC,2024-09-14,4650.0,4046.0,3376.0,7,14.9
Lasalgaon(Vinchur) APMC,2024-09-16,4700.0,4161.0,3042.0,7,13.0
Lasalgaon(Vinchur) APMC,2024-09-17,4450.0,4271.0,2797.0,7,4.2
Lasalgaon(Vinchur) APMC,2024-09-18,4300.0,4321.0,2628.0,7,-0.5
Lasalgaon(Vinchur) APMC,2024-09-19,4500.0,4407.0,2494.0,7,2.1
Lasalgaon(Vinchur) APMC,2024-09-20,4700.0,4493.0,2278.0,7,4.6
Lasalgaon(Vinchur) APMC,2024-09-21,4700.0,4571.0,2068.0,7,2.8
Lasalgaon(Vinchur) APMC,2024-09-23,4750.0,4586.0,1869.0,7,3.6
Lasalgaon(Vinchur) APMC,2024-09-24,4750.0,4593.0,2119.0,7,3.4
Lasalgaon(Vinchur) APMC,2024-09-26,4600.0,4614.0,2428.0,7,-0.3
Lasalgaon(Vinchur) APMC,2024-09-27,4450.0,4636.0,2564.0,7,-4.0
Lasalgaon(Vinchur) APMC,2024-09-28,4100.0,4579.0,2642.0,7,-10.5
Lasalgaon(Vinchur) APMC,2024-09-30,3800.0,4450.0,2612.0,7,-14.6
Lasalgaon(Vinchur) APMC,2024-10-01,3850.0,4329.0,2414.0,7,-11.1
Lasalgaon(Vinchur) APMC,2024-10-03,4350.0,4271.0,2253.0,7,1.8
Lasalgaon(Vinchur) APMC,2024-10-04,4500.0,4236.0,2044.0,7,6.2
Lasalgaon(Vinchur) APMC,2024-10-05,4400.0,4207.0,1874.0,7,4.6
Lasalgaon(Vinchur) APMC,2024-10-09,4250.0,4179.0,1773.0,7,1.7
Lasalgaon(Vinchur) APMC,2024-10-10,4100.0,4179.0,1644.0,7,-1.9
Lasalgaon(Vinchur) APMC,2024-10-11,4200.0,4236.0,1639.0,7,-0.8
Lasalgaon(Vinchur) APMC,2024-10-12,4000.0,4257.0,1651.0,7,-6.0
Lasalgaon(Vinchur) APMC,2024-10-14,4250.0,4243.0,1684.0,7,0.2
Lasalgaon(Vinchur) APMC,2024-10-15,4000.0,4171.0,1679.0,7,-4.1
Lasalgaon(Vinchur) APMC,2024-10-16,4050.0,4121.0,1563.0,7,-1.7
Lasalgaon(Vinchur) APMC,2024-10-17,4050.0,4093.0,1476.0,7,-1.0
Lasalgaon(Vinchur) APMC,2024-10-18,4000.0,4079.0,1520.0,7,-1.9
Lasalgaon(Vinchur) APMC,2024-10-19,4000.0,4050.0,1529.0,7,-1.2
Lasalgaon(Vinchur) APMC,2024-10-21,4100.0,4064.0,1491.0,7,0.9
Lasalgaon(Vinchur) APMC,2024-10-22,4500.0,4100.0,1447.0,7,9.8
Lasalgaon(Vinchur) APMC,2024-10-23,4550.0,4179.0,1394.0,7,8.9
Lasalgaon(Vinchur) APMC,2024-10-24,4500.0,4243.0,1358.0,7,6.1
Lasalgaon(Vinchur) APMC,2024-10-25,4350.0,4286.0,1352.0,7,1.5
Lasalgaon(Vinchur) APMC,2024-10-26,4400.0,4343.0,1297.0,7,1.3
Lasalgaon(Vinchur) APMC,2024-10-28,4300.0,4386.0,1119.0,7,-2.0
Lasalgaon(Vinchur) APMC,2024-10-29,4350.0,4421.0,1071.0,7,-1.6
Lasalgaon(Vinchur) APMC,2024-11-02,4350.0,4400.0,978.0,7,-1.1
Lasalgaon(Vinchur) APMC,2024-11-04,4711.0,4423.0,878.0,7,6.5
Lasalgaon(Vinchur) APMC,2024-11-05,5400.0,4552.0,842.0,7,18.6
Lasalgaon(Vinchur) APMC,2024-11-06,4000.0,4502.0,828.0,7,-11.1
Lasalgaon(Vinchur) APMC,2024-11-07,5600.0,4673.0,796.0,7,19.8
Lasalgaon(Vinchur) APMC,2024-11-08,5725.0,4877.0,889.0,7,17.4
Lasalgaon(Vinchur) APMC,2024-11-09,3650.0,4777.0,969.0,7,-23.6
Lasalgaon(Vinchur) APMC,2024-11-11,5300.0,4912.0,1254.0,7,7.9
Lasalgaon(Vinchur) APMC,2024-11-12,4300.0,4854.0,1579.0,7,-11.4
Lasalgaon(Vinchur) APMC,2024-11-13,4200.0,4682.0,1951.0,7,-10.3
Lasalgaon(Vinchur) APMC,2024-11-14,4500.0,4754.0,2265.0,7,-5.3
Lasalgaon(Vinchur) APMC,2024-11-15,4200.0,4554.0,2763.0,7,-7.8
Lasalgaon(Vinchur) APMC,2024-11-16,4100.0,4321.0,3184.0,7,-5.1
Lasalgaon(Vinchur) APMC,2024-11-18,4000.0,4371.0,3781.0,7,-8.5
Lasalgaon(Vinchur) APMC,2024-11-19,3650.0,4136.0,3717.0,7,-11.7
Lasalgaon(Vinchur) APMC,2024-11-21,4640.0,4184.0,3952.0,7,10.9
Lasalgaon(Vinchur) APMC,2024-11-22,4100.0,4170.0,4189.0,7,-1.7
Lasalgaon(Vinchur) APMC,2024-11-23,3525.0,4031.0,4412.0,7,-12.5
Lasalgaon(Vinchur) APMC,2024-11-25,4100.0,4016.0,4638.0,7,2.1
Lasalgaon(Vinchur) APMC,2024-11-26,3900.0,3988.0,5053.0,7,-2.2
Lasalgaon(Vinchur) APMC,2024-11-27,4100.0,4002.0,5273.0,7,2.4
Lasalgaon(Vinchur) APMC,2024-12-02,3700.0,4009.0,6216.0,7,-7.7
Lasalgaon(Vinchur) APMC,2024-12-03,3600.0,3861.0,6998.0,7,-6.8
Lasalgaon(Vinchur) APMC,2024-12-04,3700.0,3804.0,7628.0,7,-2.7
Lasalgaon(Vinchur) APMC,2024-12-05,3600.0,3814.0,8043.0,7,-5.6
Lasalgaon(Vinchur) APMC,2024-12-06,3800.0,3771.0,8187.0,7,0.8
Lasalgaon(Vinchur) APMC,2024-12-07,3700.0,3743.0,7545.0,7,-1.1
Lasalgaon(Vinchur) APMC,2024-12-09,3800.0,3700.0,7915.0,7,2.7
Lasalgaon(Vinchur) APMC,2024-12-10,3750.0,3707.0,8073.0,7,1.2
Lasalgaon(Vinchur) APMC,2024-12-11,3600.0,3707.0,7697.0,7,-2.9
Lasalgaon(Vinchur) APMC,2024-12-12,3700.0,3707.0,7344.0,7,-0.2
Lasalgaon(Vinchur) APMC,2024-12-13,3250.0,3657.0,7523.0,7,-11.1
Lasalgaon(Vinchur) APMC,2024-12-14,2650.0,3493.0,8078.0,7,-24.1
Lasalgaon(Vinchur) APMC,2024-12-16,2250.0,3286.0,9351.0,7,-31.5
Lasalgaon(Vinchur) APMC,2024-12-17,2100.0,3043.0,10193.0,7,-31.0
Lasalgaon(Vinchur) APMC,2024-12-18,1800.0,2764.0,10813.0,7,-34.9
Lasalgaon(Vinchur) APMC,2024-12-19,1850.0,2514.0,11338.0,7,-26.4
Lasalgaon(Vinchur) APMC,2024-12-20,1800.0,2243.0,11951.0,7,-19.7
Lasalgaon(Vinchur) APMC,2024-12-21,1851.0,2043.0,12637.0,7,-9.4
Lasalgaon(Vinchur) APMC,2024-12-23,1700.0,1907.0,12438.0,7,-10.9
Lasalgaon(Vinchur) APMC,2024-12-24,1850.0,1850.0,12338.0,7,-0.0
Lasalgaon(Vinchur) APMC,2024-12-25,1800.0,1807.0,10516.0,7,-0.4
Lasalgaon(Vinchur) APMC,2024-12-26,2000.0,1836.0,9695.0,7,8.9
Lasalgaon(Vinchur) APMC,2024-12-27,2200.0,1886.0,9380.0,7,16.7
Lasalgaon(Vinchur) APMC,2024-12-28,2300.0,1957.0,8904.0,7,17.5
Lasalgaon(Vinchur) APMC,2024-12-30,2600.0,2064.0,8208.0,7,26.0
Lasalgaon(Vinchur) APMC,2024-12-31,2600.0,2193.0,8192.0,7,18.6
Lasalgaon(Vinchur) APMC,2025-01-01,2400.0,2271.0,8151.0,7,5.7
Lasalgaon(Vinchur) APMC,2025-01-02,2400.0,2357.0,9222.0,7,1.8
Lasalgaon(Vinchur) APMC,2025-01-03,2400.0,2414.0,9328.0,7,-0.6
Lasalgaon(Vinchur) APMC,2025-01-04,2450.0,2450.0,9554.0,7,0.0
Lasalgaon(Vinchur) APMC,2025-01-06,2500.0,2479.0,10094.0,7,0.9
Lasalgaon(Vinchur) APMC,2025-01-07,2400.0,2450.0,10718.0,7,-2.0
Lasalgaon(Vinchur) APMC,2025-01-08,2350.0,2414.0,11307.0,7,-2.7
Lasalgaon(Vinchur) APMC,2025-01-09,2200.0,2386.0,11743.0,7,-7.8
Lasalgaon(Vinchur) APMC,2025-01-10,1950.0,2321.0,12231.0,7,-16.0
Lasalgaon(Vinchur) APMC,2025-01-11,1750.0,2229.0,12297.0,7,-21.5
Lasalgaon(Vinchur) APMC,2025-01-13,1850.0,2143.0,12897.0,7,-13.7
Lasalgaon(Vinchur) APMC,2025-01-14,1950.0,2064.0,12548.0,7,-5.5
Lasalgaon(Vinchur) APMC,2025-01-16,2000.0,2007.0,12631.0,7,-0.4
Lasalgaon(Vinchur) APMC,2025-01-17,2050.0,1964.0,12701.0,7,4.4
Lasalgaon(Vinchur) APMC,2025-01-18,2250.0,1971.0,12940.0,7,14.1
Lasalgaon(Vinchur) APMC,2025-01-20,2450.0,2043.0,13324.0,7,19.9
Lasalgaon(Vinchur) APMC,2025-01-21,2350.0,2129.0,14076.0,7,10.4
Lasalgaon(Vinchur) APMC,2025-01-22,2350.0,2200.0,14373.0,7,6.8
Lasalgaon(Vinchur) APMC,2025-01-23,2350.0,2257.0,14972.0,7,4.1
Lasalgaon(Vinchur) APMC,2025-01-24,2400.0,2314.0,14817.0,7,3.7
Lasalgaon(Vinchur) APMC,2025-01-25,2400.0,2364.0,13777.0,7,1.5
Lasalgaon(Vinchur) APMC,2025-01-27,2250.0,2364.0,13432.0,7,-4.8
Lasalgaon(Vinchur) APMC,2025-01-28,2250.0,2336.0,12677.0,7,-3.7
Lasalgaon(Vinchur) APMC,2025-01-29,2300.0,2329.0,12047.0,7,-1.2
Lasalgaon(Vinchur) APMC,2025-01-30,2250.0,2314.0,11112.0,7,-2.8
Lasalgaon(Vinchur) APMC,2025-01-31,2200.0,2293.0,10688.0,7,-4.0
Lasalgaon(Vinchur) APMC,2025-02-01,2100.0,2250.0,10407.0,7,-6.7
Lasalgaon(Vinchur) APMC,2025-02-03,2100.0,2207.0,15154.0,7,-4.9
Lasalgaon(Vinchur) APMC,2025-02-04,2250.0,2207.0,14564.0,7,1.9
Lasalgaon(Vinchur) APMC,2025-02-05,2250.0,2207.0,13617.0,7,1.9
Lasalgaon(Vinchur) APMC,2025-02-12,2650.0,2257.0,13195.0,7,17.4
Lasalgaon(Vinchur) APMC,2025-02-13,2900.0,2350.0,12680.0,7,23.4
Lasalgaon(Vinchur) APMC,2025-02-14,3100.0,2479.0,12489.0,7,25.1
Lasalgaon(Vinchur) APMC,2025-02-15,2900.0,2593.0,12123.0,7,11.8
Lasalgaon(Vinchur) APMC,2025-02-17,2750.0,2686.0,7513.0,7,2.4
Lasalgaon(Vinchur) APMC,2025-02-18,2700.0,2750.0,7829.0,7,-1.8
Lasalgaon(Vinchur) APMC,2025-02-19,2500.0,2786.0,7947.0,7,-10.3
Lasalgaon(Vinchur) APMC,2025-02-20,2200.0,2721.0,8363.0,7,-19.2
Lasalgaon(Vinchur) APMC,2025-02-21,2000.0,2593.0,8678.0,7,-22.9
Lasalgaon(Vinchur) APMC,2025-02-22,2350.0,2486.0,8147.0,7,-5.5
Lasalgaon(Vinchur) APMC,2025-02-24,2400.0,2414.0,8280.0,7,-0.6
Lasalgaon(Vinchur) APMC,2025-02-25,2350.0,2357.0,8817.0,7,-0.3
Lasalgaon(Vinchur) APMC,2025-02-27,2300.0,2300.0,8695.0,7,0.0
Lasalgaon(Vinchur) APMC,2025-02-28,2300.0,2271.0,9442.0,7,1.3
Lasalgaon(Vinchur) APMC,2025-03-01,2200.0,2271.0,9305.0,7,-3.1
Lasalgaon(Vinchur) APMC,2025-03-03,2300.0,2314.0,9211.0,7,-0.6
Lasalgaon(Vinchur) APMC,2025-03-04,2250.0,2300.0,9621.0,7,-2.2
Lasalgaon(Vinchur) APMC,2025-03-05,2300.0,2286.0,9510.0,7,0.6
Lasalgaon(Vinchur) APMC,2025-03-06,2300.0,2279.0,8899.0,7,0.9
Lasalgaon(Vinchur) APMC,2025-03-07,2300.0,2279.0,8569.0,7,0.9
Lasalgaon(Vinchur) APMC,2025-03-08,2100.0,2250.0,7796.0,7,-6.7
Lasalgaon(Vinchur) APMC,2025-03-10,1700.0,2179.0,7884.0,7,-22.0
Lasalgaon(Vinchur) APMC,2025-03-11,1580.0,2076.0,7887.0,7,-23.9
Lasalgaon(Vinchur) APMC,2025-03-12,1480.0,1966.0,7854.0,7,-24.7
Lasalgaon(Vinchur) APMC,2025-03-17,1370.0,1833.0,7781.0,7,-25.3
Lasalgaon(Vinchur) APMC,2025-03-18,1350.0,1697.0,7914.0,7,-20.5
Lasalgaon(Vinchur) APMC,2025-03-19,1400.0,1569.0,7584.0,7,-10.7
Lasalgaon(Vinchur) APMC,2025-03-20,1450.0,1476.0,8275.0,7,-1.7
Lasalgaon(Vinchur) APMC,2025-03-21,1400.0,1433.0,8403.0,7,-2.3
Lasalgaon(Vinchur) APMC,2025-03-22,1280.0,1390.0,8160.0,7,-7.9
Lasalgaon(Vinchur) APMC,2025-03-25,1450.0,1386.0,7735.0,7,4.6
Lasalgaon(Vinchur) APMC,2025-03-26,1500.0,1404.0,7394.0,7,6.8
Lasalgaon(Vinchur) APMC,2025-03-27,1300.0,1397.0,7248.0,7,-7.0
Lasalgaon(Vinchur) APMC,2025-04-02,1250.0,1376.0,7617.0,7,-9.1
Lasalgaon(Vinchur) APMC,2025-04-03,1300.0,1354.0,6833.0,7,-4.0
Lasalgaon(Vinchur) APMC,2025-04-04,1141.0,1317.0,6092.0,7,-13.4
Lasalgaon(Vinchur) APMC,2025-04-05,1152.0,1299.0,5204.0,7,-11.3
Lasalgaon(Vinchur) APMC,2025-04-07,1300.0,1278.0,5524.0,7,1.8
Lasalgaon(Vinchur) APMC,2025-04-08,1300.0,1249.0,5949.0,7,4.1
Lasalgaon(Vinchur) APMC,2025-04-09,1270.0,1245.0,6233.0,7,2.0
Lasalgaon(Vinchur) APMC,2025-04-10,1280.0,1249.0,5927.0,7,2.5
Lasalgaon(Vinchur) APMC,2025-04-11,1000.0,1206.0,6787.0,7,-17.1
Lasalgaon(Vinchur) APMC,2025-04-12,1060.0,1195.0,6691.0,7,-11.3
Lasalgaon(Vinchur) APMC,2025-04-14,1160.0,1196.0,7221.0,7,-3.0
Lasalgaon(Vinchur) APMC,2025-04-15,1180.0,1179.0,7427.0,7,0.1
Lasalgaon(Vinchur) APMC,2025-04-16,1200.0,1164.0,7471.0,7,3.1
Lasalgaon(Vinchur) APMC,2025-04-17,1250.0,1161.0,7413.0,7,7.6
Lasalgaon(Vinchur) APMC,2025-04-18,1230.0,1154.0,7559.0,7,6.6
Lasalgaon(Vinchur) APMC,2025-04-19,1230.0,1187.0,7030.0,7,3.6
Lasalgaon(Vinchur) APMC,2025-04-21,1220.0,1210.0,7402.0,7,0.8
Lasalgaon(Vinchur) APMC,2025-04-22,1220.0,1219.0,7869.0,7,0.1
Lasalgaon(Vinchur) APMC,2025-04-23,1260.0,1230.0,7949.0,7,2.4
Lasalgaon(Vinchur) APMC,2025-04-24,1160.0,1224.0,8078.0,7,-5.3
Lasalgaon(Vinchur) APMC,2025-04-25,1230.0,1221.0,8024.0,7,0.7
Lasalgaon(Vinchur) APMC,2025-04-26,1220.0,1220.0,7785.0,7,0.0
Lasalgaon(Vinchur) APMC,2025-04-28,1200.0,1216.0,8651.0,7,-1.3
Lasalgaon(Vinchur) APMC,2025-04-29,1180.0,1210.0,8997.0,7,-2.5
Lasalgaon(Vinchur) APMC,2025-04-30,1100.0,1193.0,8514.0,7,-7.8
Lasalgaon(Vinchur) APMC,2025-05-02,1100.0,1170.0,8660.0,7,-6.0
Lasalgaon(Vinchur) APMC,2025-05-03,1120.0,1164.0,8762.0,7,-3.8
Lasalgaon(Vinchur) APMC,2025-05-05,1130.0,1150.0,9229.0,7,-1.7
Lasalgaon(Vinchur) APMC,2025-05-06,1080.0,1130.0,9997.0,7,-4.4
Lasalgaon(Vinchur) APMC,2025-05-07,1080.0,1113.0,9413.0,7,-3.0
Lasalgaon(Vinchur) APMC,2025-05-08,1100.0,1101.0,9670.0,7,-0.1
Lasalgaon(Vinchur) APMC,2025-05-09,1100.0,1101.0,10679.0,7,-0.1
Lasalgaon(Vinchur) APMC,2025-05-10,1120.0,1104.0,10230.0,7,1.4
Lasalgaon(Vinchur) APMC,2025-05-12,1120.0,1104.0,10954.0,7,1.4
Lasalgaon(Vinchur) APMC,2025-05-13,1120.0,1103.0,10046.0,7,1.6
Lasalgaon(Vinchur) APMC,2025-05-15,1100.0,1106.0,10580.0,7,-0.5
Lasalgaon(Vinchur) APMC,2025-05-16,1150.0,1116.0,11200.0,7,3.1
Lasalgaon(Vinchur) APMC,2025-05-17,1200.0,1130.0,11667.0,7,6.2
Lasalgaon(Vinchur) APMC,2025-05-19,1150.0,1137.0,12892.0,7,1.1
Lasalgaon(Vinchur) APMC,2025-05-20,1150.0,1141.0,12566.0,7,0.8
Lasalgaon(Vinchur) APMC,2025-05-21,1160.0,1147.0,12203.0,7,1.1
Lasalgaon(Vinchur) APMC,2025-05-22,1130.0,1149.0,13339.0,7,-1.6
Lasalgaon(Vinchur) APMC,2025-05-23,1150.0,1156.0,13320.0,7,-0.5
Lasalgaon(Vinchur) APMC,2025-05-24,1150.0,1156.0,12568.0,7,-0.5
Lasalgaon(Vinchur) APMC,2025-05-26,1200.0,1156.0,12719.0,7,3.8
Lasalgaon(Vinchur) APMC,2025-05-27,1300.0,1177.0,12336.0,7,10.4
Lasalgaon(Vinchur) APMC,2025-05-28,1350.0,1206.0,13149.0,7,12.0
Lasalgaon(Vinchur) APMC,2025-05-29,1400.0,1240.0,13219.0,7,12.9
Lasalgaon(Vinchur) APMC,2025-05-30,1400.0,1279.0,14162.0,7,9.5
Lasalgaon(Vinchur) APMC,2025-05-31,1300.0,1300.0,14897.0,7,0.0
Lasalgaon(Vinchur) APMC,2025-06-02,1300.0,1321.0,16228.0,7,-1.6
Lasalgaon(Vinchur) APMC,2025-06-03,1360.0,1344.0,16024.0,7,1.2
Lasalgaon(Vinchur) APMC,2025-06-04,1400.0,1359.0,15479.0,7,3.0
Lasalgaon(Vinchur) APMC,2025-06-05,1440.0,1371.0,15559.0,7,5.0
Lasalgaon(Vinchur) APMC,2025-06-06,1460.0,1380.0,15233.0,7,5.8
Lasalgaon(Vinchur) APMC,2025-06-09,1520.0,1397.0,14622.0,7,8.8
Lasalgaon(Vinchur) APMC,2025-06-10,1550.0,1433.0,14031.0,7,8.2
Lasalgaon(Vinchur) APMC,2025-06-11,1600.0,1476.0,13799.0,7,8.4
Lasalgaon(Vinchur) APMC,2025-06-12,1600.0,1510.0,13727.0,7,6.0
Lasalgaon(Vinchur) APMC,2025-06-13,1600.0,1539.0,13874.0,7,4.0
Lasalgaon(Vinchur) APMC,2025-06-14,1600.0,1561.0,13457.0,7,2.5
Lasalgaon(Vinchur) APMC,2025-06-16,1600.0,1581.0,16829.0,7,1.2
Lasalgaon(Vinchur) APMC,2025-06-17,1550.0,1586.0,17045.0,7,-2.3
Lasalgaon(Vinchur) APMC,2025-06-18,1500.0,1579.0,16977.0,7,-5.0
Lasalgaon(Vinchur) APMC,2025-06-19,1580.0,1576.0,15906.0,7,0.3
Lasalgaon(Vinchur) APMC,2025-06-20,1580.0,1573.0,15752.0,7,0.5
Lasalgaon(Vinchur) APMC,2025-06-21,1550.0,1566.0,15732.0,7,-1.0
Lasalgaon(Vinchur) APMC,2025-06-23,1550.0,1559.0,16737.0,7,-0.5
Lasalgaon(Vinchur) APMC,2025-06-24,1600.0,1559.0,13657.0,7,2.7
Lasalgaon(Vinchur) APMC,2025-06-25,1550.0,1559.0,13242.0,7,-0.5
Lasalgaon(Vinchur) APMC,2025-06-26,1580.0,1570.0,12958.0,7,0.6
Lasalgaon(Vinchur) APMC,2025-06-28,1500.0,1559.0,13314.0,7,-3.8
Lasalgaon(Vinchur) APMC,2025-06-30,1520.0,1550.0,13645.0,7,-1.9
Lasalgaon(Vinchur) APMC,2025-07-01,1550.0,1550.0,14223.0,7,0.0
Lasalgaon(Vinchur) APMC,2025-07-03,1500.0,1543.0,14274.0,7,-2.8
Lasalgaon(Vinchur) APMC,2025-07-04,1500.0,1529.0,14544.0,7,-1.9
Lasalgaon(Vinchur) APMC,2025-07-05,1500.0,1521.0,14060.0,7,-1.4
Lasalgaon(Vinchur) APMC,2025-07-07,1450.0,1503.0,13473.0,7,-3.5
Lasalgaon(Vinchur) APMC,2025-07-08,1500.0,1503.0,13486.0,7,-0.2
Lasalgaon(Vinchur) APMC,2025-07-09,1500.0,1500.0,12972.0,7,0.0
Lasalgaon(Vinchur) APMC,2025-07-10,1460.0,1487.0,11991.0,7,-1.8
Lasalgaon(Vinchur) APMC,2025-07-11,1500.0,1487.0,12020.0,7,0.9
Lasalgaon(Vinchur) APMC,2025-07-12,1450.0,1480.0,11331.0,7,-2.0
Lasalgaon(Vinchur) APMC,2025-07-14,1450.0,1473.0,12139.0,7,-1.6
Lasalgaon(Vinchur) APMC,2025-07-15,1450.0,1473.0,13228.0,7,-1.6
Lasalgaon(Vinchur) APMC,2025-07-16,1500.0,1473.0,13977.0,7,1.8
Lasalgaon(Vinchur) APMC,2025-07-17,1425.0,1462.0,14755.0,7,-2.5
Lasalgaon(Vinchur) APMC,2025-07-18,1400.0,1454.0,15779.0,7,-3.7
Lasalgaon(Vinchur) APMC,2025-07-21,1400.0,1439.0,15940.0,7,-2.7
Lasalgaon(Vinchur) APMC,2025-07-22,1375.0,1429.0,16762.0,7,-3.8
Lasalgaon(Vinchur) APMC,2025-07-23,1370.0,1417.0,16379.0,7,-3.3
Lasalgaon(Vinchur) APMC,2025-07-24,1400.0,1410.0,15511.0,7,-0.7
Lasalgaon(Vinchur) APMC,2025-07-28,1300.0,1381.0,14992.0,7,-5.9
Lasalgaon(Vinchur) APMC,2025-07-29,1300.0,1364.0,13171.0,7,-4.7
Lasalgaon(Vinchur) APMC,2025-07-30,1300.0,1349.0,12086.0,7,-3.7
Lasalgaon(Vinchur) APMC,2025-07-31,1270.0,1331.0,11365.0,7,-4.6
Lasalgaon(Vinchur) APMC,2025-08-01,1300.0,1320.0,11041.0,7,-1.5
Lasalgaon(Vinchur) APMC,2025-08-02,1300.0,1310.0,10753.0,7,-0.8
Lasalgaon(Vinchur) APMC,2025-08-04,1300.0,1296.0,11581.0,7,0.3
Lasalgaon(Vinchur) APMC,2025-08-05,1280.0,1293.0,12137.0,7,-1.0
Lasalgaon(Vinchur) APMC,2025-08-07,1270.0,1289.0,12137.0,7,-1.4
Lasalgaon(Vinchur) APMC,2025-08-11,1330.0,1293.0,11931.0,7,2.9
Lasalgaon(Vinchur) APMC,2025-08-12,1450.0,1319.0,11570.0,7,10.0
Lasalgaon(Vinchur) APMC,2025-08-13,1650.0,1369.0,11273.0,7,20.6
Lasalgaon(Vinchur) APMC,2025-08-14,1600.0,1411.0,11674.0,7,13.4
Lasalgaon(Vinchur) APMC,2025-08-16,1600.0,1454.0,10572.0,7,10.0
Lasalgaon(Vinchur) APMC,2025-08-18,1600.0,1500.0,8909.0,7,6.7
Lasalgaon(Vinchur) APMC,2025-08-19,1580.0,1544.0,8767.0,7,2.3
Lasalgaon(Vinchur) APMC,2025-08-20,1550.0,1576.0,8848.0,7,-1.6
Lasalgaon(Vinchur) APMC,2025-08-21,1500.0,1583.0,9422.0,7,-5.2
Lasalgaon(Vinchur) APMC,2025-08-23,1450.0,1554.0,8855.0,7,-6.7
Lasalgaon(Vinchur) APMC,2025-08-25,1450.0,1533.0,9028.0,7,-5.4
Lasalgaon(Vinchur) APMC,2025-08-26,1450.0,1511.0,8501.0,7,-4.1
Lasalgaon(Vinchur) APMC,2025-08-27,1370.0,1479.0,8645.0,7,-7.3
Lasalgaon(Vinchur) APMC,2025-08-28,1350.0,1446.0,9772.0,7,-6.6
Lasalgaon(Vinchur) APMC,2025-08-29,1350.0,1417.0,9035.0,7,-4.7
Lasalgaon(Vinchur) APMC,2025-08-30,1300.0,1389.0,7750.0,7,-6.4
Lasalgaon(Vinchur) APMC,2025-09-01,1350.0,1374.0,8627.0,7,-1.8
Lasalgaon(Vinchur) APMC,2025-09-02,1350.0,1360.0,8228.0,7,-0.7
Lasalgaon(Vinchur) APMC,2025-09-03,1300.0,1339.0,9275.0,7,-2.9
Lasalgaon(Vinchur) APMC,2025-09-04,1300.0,1329.0,10081.0,7,-2.2
Lasalgaon(Vinchur) APMC,2025-09-05,1300.0,1321.0,9751.0,7,-1.6
Lasalgaon(Vinchur) APMC,2025-09-06,1270.0,1310.0,9604.0,7,-3.1
Lasalgaon(Vinchur) APMC,2025-09-08,1270.0,1306.0,10489.0,7,-2.7
Lasalgaon(Vinchur) APMC,2025-09-09,1275.0,1295.0,10287.0,7,-1.5
Lasalgaon(Vinchur) APMC,2025-09-10,1275.0,1284.0,10183.0,7,-0.7
Lasalgaon(Vinchur) APMC,2025-09-11,1150.0,1263.0,10234.0,7,-8.9
Lasalgaon(Vinchur) APMC,2025-09-12,1150.0,1241.0,10292.0,7,-7.4
Lasalgaon(Vinchur) APMC,2025-09-13,1050.0,1206.0,9900.0,7,-12.9
Lasalgaon(Vinchur) APMC,2025-09-15,1100.0,1181.0,10267.0,7,-6.9
Lasalgaon(Vinchur) APMC,2025-09-16,1210.0,1173.0,9701.0,7,3.2
Lasalgaon(Vinchur) APMC,2025-09-17,1200.0,1162.0,9140.0,7,3.3
Lasalgaon(Vinchur) APMC,2025-09-18,1150.0,1144.0,8764.0,7,0.5
Lasalgaon(Vinchur) APMC,2025-09-19,1125.0,1141.0,8454.0,7,-1.4
Lasalgaon(Vinchur) APMC,2025-09-20,1080.0,1131.0,8046.0,7,-4.5
Lasalgaon(Vinchur) APMC,2025-09-23,1075.0,1134.0,8328.0,7,-5.2
Lasalgaon(Vinchur) APMC,2025-09-24,1100.0,1134.0,9067.0,7,-3.0
Lasalgaon(Vinchur) APMC,2025-09-26,1100.0,1119.0,8749.0,7,-1.7
Lasalgaon(Vinchur) APMC,2025-09-27,1120.0,1107.0,8402.0,7,1.2
Lasalgaon(Vinchur) APMC,2025-09-29,1100.0,1100.0,7629.0,7,0.0
Lasalgaon(Vinchur) APMC,2025-09-30,1150.0,1104.0,7270.0,7,4.2
Lasalgaon(Vinchur) APMC,2025-10-01,1150.0,1114.0,6385.0,7,3.3
Lasalgaon(Vinchur) APMC,2025-10-02,1175.0,1128.0,5829.0,7,4.2
Lasalgaon(Vinchur) APMC,2025-10-03,1200.0,1142.0,5291.0,7,5.1
Lasalgaon(Vinchur) APMC,2025-10-04,1150.0,1149.0,6194.0,7,0.1
Lasalgaon(Vinchur) APMC,2025-10-06,1100.0,1146.0,7279.0,7,-4.0
Lasalgaon(Vinchur) APMC,2025-10-07,1080.0,1144.0,8441.0,7,-5.6
Lasalgaon(Vinchur) APMC,2025-10-08,1050.0,1129.0,9032.0,7,-7.0
Lasalgaon(Vinchur) APMC,2025-10-09,1030.0,1112.0,10227.0,7,-7.4
Lasalgaon(Vinchur) APMC,2025-10-13,1040.0,1093.0,11335.0,7,-4.8
Lasalgaon(Vinchur) APMC,2025-10-14,1050.0,1071.0,12081.0,7,-2.0
Lasalgaon(Vinchur) APMC,2025-10-15,1040.0,1056.0,12663.0,7,-1.5
Lasalgaon(Vinchur) APMC,2025-10-22,970.0,1037.0,11372.0,7,-6.5
Lasalgaon(Vinchur) APMC,2025-10-27,1250.0,1061.0,10124.0,7,17.8
Lasalgaon(Vinchur) APMC,2025-10-28,1350.0,1104.0,9497.0,7,22.3
Lasalgaon(Vinchur) APMC,2025-10-29,1400.0,1157.0,9023.0,7,21.0
Lasalgaon(Vinchur) APMC,2025-10-30,1550.0,1230.0,8381.0,7,26.0
Lasalgaon(Vinchur) APMC,2025-10-31,1620.0,1311.0,8051.0,7,23.5
Lasalgaon(Vinchur) APMC,2025-11-01,1600.0,1391.0,7219.0,7,15.0
Lasalgaon(Vinchur) APMC,2025-11-03,1550.0,1474.0,8100.0,7,5.1
Lasalgaon(Vinchur) APMC,2025-11-05,1520.0,1513.0,8976.0,7,0.5
Lasalgaon(Vinchur) APMC,2025-11-07,1650.0,1556.0,9472.0,7,6.1
Lasalgaon(Vinchur) APMC,2025-11-08,1520.0,1573.0,9293.0,7,-3.4
Lasalgaon(Vinchur) APMC,2025-11-10,1550.0,1573.0,9581.0,7,-1.5
Lasalgaon(Vinchur) APMC,2025-11-11,1500.0,1556.0,9519.0,7,-3.6
Lasalgaon(Vinchur) APMC,2025-11-12,1450.0,1534.0,9610.0,7,-5.5
Lasalgaon(Vinchur) APMC,2025-11-13,1400.0,1513.0,9193.0,7,-7.5
Lasalgaon(Vinchur) APMC,2025-11-14,1475.0,1506.0,8934.0,7,-2.1
Lasalgaon(Vinchur) APMC,2025-11-15,1450.0,1478.0,8359.0,7,-1.9
Lasalgaon(Vinchur) APMC,2025-11-17,1410.0,1462.0,8600.0,7,-3.6
Lasalgaon(Vinchur) APMC,2025-11-18,1400.0,1441.0,7702.0,7,-2.8
Lasalgaon(Vinchur) APMC,2025-11-19,1370.0,1422.0,7649.0,7,-3.7
Lasalgaon(Vinchur) APMC,2025-11-20,1350.0,1408.0,7653.0,7,-4.1
Lasalgaon(Vinchur) APMC,2025-11-21,1110.0,1366.0,7859.0,7,-18.8
Lasalgaon(Vinchur) APMC,2025-11-22,1150.0,1320.0,7523.0,7,-12.9
Lasalgaon(Vinchur) APMC,2025-11-24,1150.0,1277.0,7747.0,7,-10.0
Lasalgaon(Vinchur) APMC,2025-11-25,1120.0,1236.0,7888.0,7,-9.4
Lasalgaon(Vinchur) APMC,2025-11-27,950.0,1171.0,8748.0,7,-18.9
Lasalgaon(Vinchur) APMC,2025-11-28,980.0,1116.0,8667.0,7,-12.2
Lasalgaon(Vinchur) APMC,2025-11-29,975.0,1062.0,8396.0,7,-8.2
Lasalgaon(Vinchur) APMC,2025-12-01,1000.0,1046.0,8091.0,7,-4.4
Lasalgaon(Vinchur) APMC,2025-12-02,1110.0,1041.0,8263.0,7,6.7
Lasalgaon(Vinchur) APMC,2025-12-03,1210.0,1049.0,8077.0,7,15.3
Lasalgaon(Vinchur) APMC,2025-12-04,1210.0,1062.0,7708.0,7,13.9
Lasalgaon(Vinchur) APMC,2025-12-05,1200.0,1098.0,6719.0,7,9.3
Lasalgaon(Vinchur) APMC,2025-12-06,1500.0,1172.0,5497.0,7,28.0
Lasalgaon(Vinchur) APMC,2025-12-08,1500.0,1247.0,4439.0,7,20.3
Lasalgaon(Vinchur) APMC,2025-12-09,1600.0,1333.0,3998.0,7,20.0
Lasalgaon(Vinchur) APMC,2025-12-10,2700.0,1560.0,3134.0,7,73.1
Lasalgaon(Vinchur) APMC,2025-12-11,1800.0,1644.0,2849.0,7,9.5
Lasalgaon(Vinchur) APMC,2025-12-12,2411.0,1816.0,2260.0,7,32.8
Lasalgaon(Vinchur) APMC,2025-12-13,2350.0,1980.0,2089.0,7,18.7
Lasalgaon(Vinchur) APMC,2025-12-15,2350.0,2102.0,2854.0,7,11.8
Lasalgaon(Vinchur) APMC,2025-12-16,1900.0,2159.0,3354.0,7,-12.0
Lasalgaon(Vinchur) APMC,2025-12-17,1850.0,2194.0,3309.0,7,-15.7
Lasalgaon(Vinchur) APMC,2025-12-18,2250.0,2130.0,4371.0,7,5.6
Lasalgaon(Vinchur) APMC,2025-12-19,1800.0,2130.0,4044.0,7,-15.5
Lasalgaon(Vinchur) APMC,2025-12-20,1500.0,2000.0,4104.0,7,-25.0
Lasalgaon(Vinchur) APMC,2025-12-22,1500.0,1879.0,4214.0,7,-20.2
Lasalgaon(Vinchur) APMC,2025-12-23,1750.0,1793.0,4611.0,7,-2.4
Lasalgaon(Vinchur) APMC,2025-12-24,1850.0,1786.0,5363.0,7,3.6
Lasalgaon(Vinchur) APMC,2025-12-25,1100.0,1679.0,4933.0,7,-34.5
Lasalgaon(Vinchur) APMC,2025-12-26,1875.0,1625.0,5200.0,7,15.4
Lasalgaon(Vinchur) APMC,2025-12-27,1810.0,1626.0,5803.0,7,11.3
Lasalgaon(Vinchur) APMC,2025-12-29,2050.0,1705.0,6795.0,7,20.2
Lasalgaon(Vinchur) APMC,2025-12-30,1950.0,1769.0,8291.0,7,10.2
Lasalgaon(Vinchur) APMC,2025-12-31,1850.0,1784.0,8771.0,7,3.7
Lasalgaon(Vinchur) APMC,2026-01-01,1800.0,1776.0,8934.0,7,1.3
Lasalgaon(Vinchur) APMC,2026-01-02,1780.0,1874.0,10590.0,7,-5.0
Lasalgaon(Vinchur) APMC,2026-01-03,1750.0,1856.0,10899.0,7,-5.7
Lasalgaon(Vinchur) APMC,2026-01-05,1550.0,1819.0,11967.0,7,-14.8
Lasalgaon(Vinchur) APMC,2026-01-06,1550.0,1747.0,12364.0,7,-11.3
Lasalgaon(Vinchur) APMC,2026-01-07,1550.0,1690.0,12371.0,7,-8.3
Lasalgaon(Vinchur) APMC,2026-01-08,1575.0,1651.0,12373.0,7,-4.6
Lasalgaon(Vinchur) APMC,2026-01-09,1550.0,1615.0,12765.0,7,-4.0
Lasalgaon(Vinchur) APMC,2026-01-10,1460.0,1569.0,12134.0,7,-7.0
Lasalgaon(Vinchur) APMC,2026-01-12,1500.0,1534.0,12332.0,7,-2.2
Lasalgaon(Vinchur) APMC,2026-01-13,1450.0,1519.0,12381.0,7,-4.6
Lasalgaon(Vinchur) APMC,2026-01-14,1420.0,1501.0,12078.0,7,-5.4
Lasalgaon(Vinchur) APMC,2026-01-16,1425.0,1483.0,12578.0,7,-3.9
Lasalgaon(Vinchur) APMC,2026-01-17,1500.0,1472.0,12821.0,7,1.9
Lasalgaon(Vinchur) APMC,2026-01-19,1550.0,1472.0,13398.0,7,5.3
Lasalgaon(Vinchur) APMC,2026-01-20,1475.0,1474.0,14890.0,7,0.0
Lasalgaon(Vinchur) APMC,2026-01-21,1450.0,1467.0,15705.0,7,-1.2
Lasalgaon(Vinchur) APMC,2026-01-22,1450.0,1467.0,14818.0,7,-1.2
Lasalgaon(Vinchur) APMC,2026-01-23,1450.0,1471.0,16510.0,7,-1.5
Lasalgaon(Vinchur) APMC,2026-01-24,1350.0,1461.0,16425.0,7,-7.6
Lasalgaon(Vinchur) APMC,2026-01-27,1300.0,1432.0,17506.0,7,-9.2
Lasalgaon(Vinchur) APMC,2026-01-28,1325.0,1400.0,17251.0,7,-5.4
Lasalgaon(Vinchur) APMC,2026-01-29,1260.0,1369.0,17495.0,7,-8.0
Lasalgaon(Vinchur) APMC,2026-01-30,1150.0,1326.0,18231.0,7,-13.3
Lasalgaon(Vinchur) APMC,2026-01-31,1080.0,1274.0,18994.0,7,-15.2
Lasalgaon(Vinchur) APMC,2026-02-02,1100.0,1224.0,18681.0,7,-10.1
Lasalgaon(Vinchur) APMC,2026-02-03,1125.0,1191.0,19086.0,7,-5.6
Lasalgaon(Vinchur) APMC,2026-02-04,1100.0,1163.0,18902.0,7,-5.4
Lasalgaon(Vinchur) APMC,2026-02-05,1050.0,1124.0,19344.0,7,-6.5
Lasalgaon(Vinchur) APMC,2026-02-06,1025.0,1090.0,18948.0,7,-6.0
Lasalgaon(Vinchur) APMC,2026-02-07,1100.0,1083.0,16850.0,7,1.6
Lasalgaon(Vinchur) APMC,2026-02-09,1225.0,1104.0,17328.0,7,11.0
Lasalgaon(Vinchur) APMC,2026-02-10,1225.0,1121.0,15696.0,7,9.2
Lasalgaon(Vinchur) APMC,2026-02-11,1180.0,1129.0,15607.0,7,4.5
Lasalgaon(Vinchur) APMC,2026-02-12,1200.0,1144.0,15293.0,7,4.9
Lasalgaon(Vinchur) APMC,2026-02-13,1150.0,1158.0,15526.0,7,-0.7
Lasalgaon(Vinchur) APMC,2026-02-14,1100.0,1169.0,14941.0,7,-5.9
Lasalgaon(Vinchur) APMC,2026-02-16,1100.0,1169.0,16201.0,7,-5.9
Lasalgaon(Vinchur) APMC,2026-02-17,1100.0,1151.0,16528.0,7,-4.4
Lasalgaon(Vinchur) APMC,2026-02-18,1100.0,1133.0,18646.0,7,-2.9
Lasalgaon(Vinchur) APMC,2026-02-19,1100.0,1121.0,17728.0,7,-1.9
Lasalgaon(Vinchur) APMC,2026-02-20,1100.0,1107.0,18450.0,7,-0.6
Lasalgaon(Vinchur) APMC,2026-02-21,1100.0,1100.0,18227.0,7,0.0
Lasalgaon(Vinchur) APMC,2026-02-23,1060.0,1094.0,19496.0,7,-3.1
Lasalgaon(Vinchur) APMC,2026-02-25,930.0,1070.0,19710.0,7,-13.1
Lasalgaon(Vinchur) APMC,2026-02-26,1000.0,1056.0,19307.0,7,-5.3
Lasalgaon(Vinchur) APMC,2026-02-27,1000.0,1041.0,18682.0,7,-4.0
Lasalgaon(Vinchur) APMC,2026-03-05,950.0,1020.0,18862.0,7,-6.9
Lasalgaon(Vinchur) APMC,2026-03-06,950.0,999.0,17892.0,7,-4.9
Lasalgaon(Vinchur) APMC,2026-03-07,900.0,970.0,17492.0,7,-7.2
Lasalgaon(Vinchur) APMC,2026-03-09,900.0,947.0,16730.0,7,-5.0
Lasalgaon(Vinchur) APMC,2026-03-10,900.0,943.0,16170.0,7,-4.5
Lasalgaon(Vinchur) APMC,2026-03-11,925.0,932.0,16160.0,7,-0.8
Lasalgaon(Vinchur) APMC,2026-03-12,925.0,921.0,15640.0,7,0.4
Lasalgaon(Vinchur) APMC,2026-03-13,950.0,921.0,16062.0,7,3.1
Lasalgaon(Vinchur) APMC,2026-03-14,950.0,921.0,14970.0,7,3.1
Lasalgaon(Vinchur) APMC,2026-03-16,950.0,929.0,14667.0,7,2.3
Lasalgaon(Vinchur) APMC,2026-03-17,900.0,929.0,14100.0,7,-3.1
Lasalgaon(Vinchur) APMC,2026-03-18,900.0,929.0,13590.0,7,-3.1
Lasalgaon(Vinchur) APMC,2026-03-19,900.0,925.0,12212.0,7,-2.7
Lasalgaon(Vinchur) APMC,2026-03-20,875.0,918.0,11498.0,7,-4.7
Lasalgaon(Vinchur) APMC,2026-03-23,1225.0,957.0,9546.0,7,28.0
Lasalgaon(Vinchur) APMC,2026-03-24,1175.0,989.0,8768.0,7,18.8
Lasalgaon(Vinchur) APMC,2026-03-25,900.0,982.0,7243.0,7,-8.4
Lasalgaon(Vinchur) APMC,2026-03-27,900.0,982.0,6766.0,7,-8.4
Lasalgaon(Vinchur) APMC,2026-04-02,1100.0,1011.0,5238.0,7,8.8
Lasalgaon(Vinchur) APMC,2026-04-03,1000.0,1025.0,4578.0,7,-2.4
Lasalgaon(Vinchur) APMC,2026-04-04,950.0,1036.0,3502.0,7,-8.3
Lasalgaon(Vinchur) APMC,2026-04-06,900.0,989.0,3730.0,7,-9.0
Lasalgaon(Vinchur) APMC,2026-04-07,850.0,943.0,3750.0,7,-9.8
Lasalgaon(Vinchur) APMC,2026-04-08,1100.0,971.0,4097.0,7,13.2
Lasalgaon(Vinchur) APMC,2026-04-09,1100.0,1000.0,3447.0,7,10.0
Lasalgaon(Vinchur) APMC,2026-04-10,1100.0,1000.0,3767.0,7,10.0
Lasalgaon(Vinchur) APMC,2026-04-11,1100.0,1014.0,3852.0,7,8.5
Lasalgaon(Vinchur) APMC,2026-04-13,800.0,993.0,3501.0,7,-19.4
Lasalgaon(Vinchur) APMC,2026-04-14,1125.0,1025.0,3477.0,7,9.8
Lasalgaon(Vinchur) APMC,2026-04-15,1075.0,1057.0,4557.0,7,1.7
Lasalgaon(Vinchur) APMC,2026-04-16,700.0,1000.0,3824.0,7,-30.0
Lasalgaon(Vinchur) APMC,2026-04-17,600.0,929.0,3126.0,7,-35.4
Lasalgaon(Vinchur) APMC,2026-04-20,950.0,907.0,3356.0,7,4.7
Lasalgaon(Vinchur) APMC,2026-04-21,1000.0,893.0,3662.0,7,12.0
Lasalgaon(Vinchur) APMC,2026-04-22,1000.0,921.0,4580.0,7,8.5
Lasalgaon(Vinchur) APMC,2026-04-23,1000.0,904.0,5398.0,7,10.7
Lasalgaon(Vinchur) APMC,2026-04-24,1000.0,893.0,5284.0,7,12.0
Lasalgaon(Vinchur) APMC,2026-04-25,1000.0,936.0,6000.0,7,6.9
Lasalgaon(Vinchur) APMC,2026-04-27,1000.0,993.0,7243.0,7,0.7
Lasalgaon(Vinchur) APMC,2026-04-28,1000.0,1000.0,7466.0,7,0.0
Lasalgaon(Vinchur) APMC,2026-04-29,1000.0,1000.0,7806.0,7,0.0
Lasalgaon(Vinchur) APMC,2026-04-30,1050.0,1007.0,8139.0,7,4.3
Lasalgaon(Vinchur) APMC,2026-05-02,1100.0,1021.0,8538.0,7,7.7
Lasalgaon(Vinchur) APMC,2026-05-04,1100.0,1036.0,9014.0,7,6.2
Lasalgaon(Vinchur) APMC,2026-05-05,1100.0,1050.0,10296.0,7,4.8
Lasalgaon(Vinchur) APMC,2026-05-06,1050.0,1057.0,10770.0,7,-0.7
Lasalgaon(Vinchur) APMC,2026-05-07,1050.0,1064.0,11264.0,7,-1.3
Lasalgaon(Vinchur) APMC,2026-05-08,1000.0,1064.0,11943.0,7,-6.0
Lasalgaon(Vinchur) APMC,2026-05-09,1000.0,1057.0,11567.0,7,-5.4
Lasalgaon(Vinchur) APMC,2026-05-11,1000.0,1043.0,11511.0,7,-4.1
Lasalgaon(Vinchur) APMC,2026-05-12,1100.0,1043.0,11103.0,7,5.5
Lasalgaon(Vinchur) APMC,2026-05-13,1100.0,1043.0,10342.0,7,5.5
Lasalgaon(Vinchur) APMC,2026-05-14,1075.0,1046.0,9584.0,7,2.7
Lasalgaon(Vinchur) APMC,2026-05-15,1100.0,1054.0,9183.0,7,4.4
Lasalgaon(Vinchur) APMC,2026-05-16,1000.0,1054.0,8346.0,7,-5.1
Lasalgaon(Vinchur) APMC,2026-05-18,1000.0,1054.0,8814.0,7,-5.1
Lasalgaon(Vinchur) APMC,2026-05-19,1100.0,1068.0,8625.0,7,3.0
Lasalgaon(Vinchur) APMC,2026-05-20,1125.0,1071.0,8370.0,7,5.0
Lasalgaon(Vinchur) APMC,2026-05-21,1125.0,1075.0,8165.0,7,4.7
Lasalgaon(Vinchur) APMC,2026-05-22,1200.0,1093.0,8403.0,7,9.8
Lasalgaon(Vinchur) APMC,2026-05-23,1225.0,1111.0,7954.0,7,10.3
Lasalgaon(Vinchur) APMC,2026-05-25,1250.0,1146.0,7906.0,7,9.0
Lasalgaon(Vinchur) APMC,2026-05-26,1350.0,1196.0,7714.0,7,12.8
Lasalgaon(Vinchur) APMC,2026-05-27,1350.0,1232.0,7646.0,7,9.6
Lasalgaon(Vinchur) APMC,2026-05-28,1325.0,1261.0,7756.0,7,5.1
Lasalgaon(Vinchur) APMC,2026-05-29,1300.0,1286.0,8236.0,7,1.1
Lasalgaon(Vinchur) APMC,2026-05-30,1300.0,1300.0,7940.0,7,0.0
Lasalgaon(Vinchur) APMC,2026-06-01,1325.0,1314.0,8613.0,7,0.8
Lasalgaon(Vinchur) APMC,2026-06-02,1400.0,1336.0,9121.0,7,4.8
Lasalgaon(Vinchur) APMC,2026-06-03,1400.0,1343.0,9523.0,7,4.3
Lasalgaon(Vinchur) APMC,2026-06-04,1450.0,1357.0,9584.0,7,6.8
Lasalgaon(Vinchur) APMC,2026-06-05,1500.0,1382.0,9780.0,7,8.5
Lasalgaon(Vinchur) APMC,2026-06-06,1550.0,1418.0,9418.0,7,9.3
Lasalgaon(Vinchur) APMC,2026-06-08,1600.0,1461.0,9998.0,7,9.5
Lasalgaon(Vinchur) APMC,2026-06-09,1525.0,1489.0,9517.0,7,2.4
Lasalgaon(Vinchur) APMC,2026-06-10,1550.0,1511.0,9649.0,7,2.6
Lasalgaon(Vinchur) APMC,2026-06-11,1500.0,1525.0,9592.0,7,-1.6
Lasalgaon(Vinchur) APMC,2026-06-12,1450.0,1525.0,9579.0,7,-4.9
Lasalgaon(Vinchur) APMC,2026-06-13,1500.0,1525.0,8740.0,7,-1.6
Lasalgaon(Vinchur) APMC,2026-06-15,1450.0,1511.0,8803.0,7,-4.0
Lasalgaon(Vinchur) APMC,2026-06-16,1600.0,1511.0,8561.0,7,5.9
Lasalgaon(Vinchur) APMC,2026-06-17,1750.0,1543.0,9152.0,7,13.4
Lasalgaon(Vinchur) APMC,2026-06-18,1750.0,1571.0,9325.0,7,11.4
Lasalgaon(Vinchur) APMC,2026-06-19,1700.0,1600.0,9404.0,7,6.3
Lasalgaon(Vinchur) APMC,2026-06-20,1650.0,1629.0,9146.0,7,1.3
Lasalgaon(Vinchur) APMC,2026-06-22,1750.0,1664.0,10093.0,7,5.2
Lasalgaon(Vinchur) APMC,2026-06-23,1950.0,1736.0,10307.0,7,12.3
Lasalgaon(Vinchur) APMC,2026-06-24,2100.0,1807.0,10490.0,7,16.2
Lasalgaon(Vinchur) APMC,2026-06-25,2100.0,1857.0,10906.0,7,13.1
Lasalgaon(Vinchur) APMC,2026-06-26,2100.0,1907.0,11444.0,7,10.1
Lasalgaon(Vinchur) APMC,2026-06-29,2200.0,1979.0,11623.0,7,11.2
Lasalgaon(Vinchur) APMC,2026-06-30,2200.0,2057.0,12340.0,7,6.9
Mangal Wedha APMC,2024-06-01,2210.0,2210.0,8.0,1,0.0
Mangal Wedha APMC,2024-06-02,1800.0,2005.0,30.0,2,-10.2
Mangal Wedha APMC,2024-06-03,2000.0,2003.0,82.0,3,-0.2
Mangal Wedha APMC,2024-06-05,1900.0,1978.0,103.0,4,-3.9
Mangal Wedha APMC,2024-06-07,2000.0,1982.0,111.0,5,0.9
Mangal Wedha APMC,2024-06-08,2000.0,1985.0,95.0,6,0.8
Mangal Wedha APMC,2024-06-10,3000.0,2130.0,93.0,7,40.8
Mangal Wedha APMC,2024-06-12,3000.0,2243.0,115.0,7,33.8
Mangal Wedha APMC,2024-06-13,3000.0,2414.0,110.0,7,24.3
Mangal Wedha APMC,2024-06-14,3100.0,2571.0,105.0,7,20.6
Mangal Wedha APMC,2024-06-15,2410.0,2644.0,82.0,7,-8.9
Mangal Wedha APMC,2024-06-17,2750.0,2751.0,100.0,7,-0.1
Mangal Wedha APMC,2024-06-19,2800.0,2866.0,116.0,7,-2.3
Mangal Wedha APMC,2024-06-20,2500.0,2794.0,110.0,7,-10.5
Mangal Wedha APMC,2024-06-21,3000.0,2794.0,106.0,7,7.4
Mangal Wedha APMC,2024-06-24,2800.0,2766.0,136.0,7,1.2
Mangal Wedha APMC,2024-06-26,2800.0,2723.0,141.0,7,2.8
Mangal Wedha APMC,2024-06-28,2770.0,2774.0,156.0,7,-0.2
Mangal Wedha APMC,2024-06-29,2500.0,2739.0,119.0,7,-8.7
Mangal Wedha APMC,2024-06-30,1500.0,2553.0,101.0,7,-41.2
Mangal Wedha APMC,2024-07-01,2820.0,2599.0,117.0,7,8.5
Mangal Wedha APMC,2024-07-03,2850.0,2577.0,116.0,7,10.6
Mangal Wedha APMC,2024-07-05,2850.0,2584.0,95.0,7,10.3
Mangal Wedha APMC,2024-07-08,2650.0,2563.0,89.0,7,3.4
Mangal Wedha APMC,2024-07-10,2660.0,2547.0,92.0,7,4.4
Mangal Wedha APMC,2024-07-11,1800.0,2447.0,92.0,7,-26.4
Mangal Wedha APMC,2024-07-13,2500.0,2590.0,92.0,7,-3.5
Mangal Wedha APMC,2024-07-15,3000.0,2616.0,84.0,7,14.7
Mangal Wedha APMC,2024-07-17,3000.0,2637.0,74.0,7,13.8
Mangal Wedha APMC,2024-07-18,3160.0,2681.0,63.0,7,17.8
Mangal Wedha APMC,2024-07-19,2950.0,2724.0,62.0,7,8.3
Mangal Wedha APMC,2024-07-22,2900.0,2759.0,70.0,7,5.1
Mangal Wedha APMC,2024-07-24,2900.0,2916.0,79.0,7,-0.5
Mangal Wedha APMC,2024-07-25,2400.0,2901.0,79.0,7,-17.3
Mangal Wedha APMC,2024-07-26,3000.0,2901.0,80.0,7,3.4
Mangal Wedha APMC,2024-07-27,3000.0,2901.0,71.0,7,3.4
Mangal Wedha APMC,2024-07-28,3000.0,2879.0,72.0,7,4.2
Mangal Wedha APMC,2024-07-29,3000.0,2886.0,69.0,7,4.0
Mangal Wedha APMC,2024-07-31,3000.0,2900.0,58.0,7,3.4
Mangal Wedha APMC,2024-09-02,4000.0,3057.0,59.0,7,30.8
Mangal Wedha APMC,2024-09-04,4500.0,3357.0,70.0,7,34.0
Mangal Wedha APMC,2024-09-05,4400.0,3557.0,57.0,7,23.7
Mangal Wedha APMC,2024-09-06,4200.0,3729.0,68.0,7,12.6
Mangal Wedha APMC,2024-09-07,4210.0,3901.0,69.0,7,7.9
Mangal Wedha APMC,2024-09-09,4100.0,4059.0,65.0,7,1.0
Mangal Wedha APMC,2024-09-11,4410.0,4260.0,51.0,7,3.5
Mangal Wedha APMC,2024-09-13,4400.0,4317.0,56.0,7,1.9
Mangal Wedha APMC,2024-09-14,3810.0,4219.0,46.0,7,-9.7
Mangal Wedha APMC,2024-09-15,2800.0,3990.0,46.0,7,-29.8
Mangal Wedha APMC,2024-09-16,5200.0,4133.0,44.0,7,25.8
Mangal Wedha APMC,2024-09-18,5100.0,4260.0,54.0,7,19.7
Mangal Wedha APMC,2024-09-19,3000.0,4103.0,41.0,7,-26.9
Mangal Wedha APMC,2024-09-20,3510.0,3974.0,58.0,7,-11.7
Mangal Wedha APMC,2024-09-21,2500.0,3703.0,49.0,7,-32.5
Mangal Wedha APMC,2024-09-22,1850.0,3423.0,48.0,7,-46.0
Mangal Wedha APMC,2024-09-23,4200.0,3623.0,65.0,7,15.9
Mangal Wedha APMC,2024-09-25,3300.0,3351.0,80.0,7,-1.5
Mangal Wedha APMC,2024-09-27,3300.0,3094.0,85.0,7,6.6
Mangal Wedha APMC,2024-09-28,3000.0,3094.0,89.0,7,-3.0
Mangal Wedha APMC,2024-09-29,2300.0,2921.0,70.0,7,-21.3
Mangal Wedha APMC,2024-09-30,3000.0,2993.0,91.0,7,0.2
Mangal Wedha APMC,2024-10-02,2600.0,3100.0,117.0,7,-16.1
Mangal Wedha APMC,2024-10-03,2500.0,2857.0,100.0,7,-12.5
Mangal Wedha APMC,2024-10-04,2600.0,2757.0,113.0,7,-5.7
Mangal Wedha APMC,2024-10-05,2400.0,2629.0,114.0,7,-8.7
Mangal Wedha APMC,2024-10-06,2000.0,2486.0,113.0,7,-19.5
Mangal Wedha APMC,2024-10-09,2400.0,2500.0,191.0,7,-4.0
Mangal Wedha APMC,2024-10-10,2300.0,2400.0,166.0,7,-4.2
Mangal Wedha APMC,2024-10-11,2500.0,2386.0,212.0,7,4.8
Mangal Wedha APMC,2024-10-12,1800.0,2286.0,227.0,7,-21.3
Mangal Wedha APMC,2024-10-14,2600.0,2286.0,279.0,7,13.7
Mangal Wedha APMC,2024-10-16,2700.0,2329.0,354.0,7,16.0
Mangal Wedha APMC,2024-10-17,2700.0,2429.0,378.0,7,11.2
Mangal Wedha APMC,2024-10-18,2800.0,2486.0,354.0,7,12.6
Mangal Wedha APMC,2024-10-19,2800.0,2557.0,389.0,7,9.5
Mangal Wedha APMC,2024-10-20,2800.0,2600.0,321.0,7,7.7
Mangal Wedha APMC,2024-10-21,2700.0,2729.0,420.0,7,-1.0
Mangal Wedha APMC,2024-10-23,3000.0,2786.0,455.0,7,7.7
Mangal Wedha APMC,2024-10-24,2600.0,2771.0,411.0,7,-6.2
Mangal Wedha APMC,2024-10-25,2200.0,2700.0,539.0,7,-18.5
Mangal Wedha APMC,2024-10-26,2500.0,2657.0,543.0,7,-5.9
Mangal Wedha APMC,2024-10-27,2000.0,2543.0,519.0,7,-21.3
Mangal Wedha APMC,2024-10-28,2450.0,2493.0,725.0,7,-1.7
Mangal Wedha APMC,2024-10-30,1400.0,2307.0,623.0,7,-39.3
Mangal Wedha APMC,2024-10-31,2100.0,2179.0,501.0,7,-3.6
Mangal Wedha APMC,2024-11-01,2300.0,2136.0,545.0,7,7.7
Mangal Wedha APMC,2024-11-02,2400.0,2164.0,444.0,7,10.9
Mangal Wedha APMC,2024-11-03,2410.0,2151.0,410.0,7,12.0
Mangal Wedha APMC,2024-11-06,3410.0,2353.0,504.0,7,44.9
Mangal Wedha APMC,2024-11-07,3400.0,2489.0,334.0,7,36.6
Mangal Wedha APMC,2024-11-08,3500.0,2789.0,416.0,7,25.5
Mangal Wedha APMC,2024-11-09,2900.0,2903.0,491.0,7,-0.1
Mangal Wedha APMC,2024-11-10,3000.0,3003.0,420.0,7,-0.1
Mangal Wedha APMC,2024-11-11,2900.0,3074.0,475.0,7,-5.7
Mangal Wedha APMC,2024-11-13,2800.0,3130.0,584.0,7,-10.5
Mangal Wedha APMC,2024-11-14,2700.0,3029.0,580.0,7,-10.8
Mangal Wedha APMC,2024-11-15,2200.0,2857.0,721.0,7,-23.0
Mangal Wedha APMC,2024-11-16,2100.0,2657.0,693.0,7,-21.0
Mangal Wedha APMC,2024-11-17,2400.0,2586.0,633.0,7,-7.2
Mangal Wedha APMC,2024-11-18,2700.0,2543.0,722.0,7,6.2
Mangal Wedha APMC,2024-11-21,3000.0,2557.0,662.0,7,17.3
Mangal Wedha APMC,2024-11-22,3500.0,2657.0,614.0,7,31.7
Mangal Wedha APMC,2024-11-23,3500.0,2771.0,557.0,7,26.3
Mangal Wedha APMC,2024-11-24,4000.0,3029.0,383.0,7,32.1
Mangal Wedha APMC,2024-11-25,3000.0,3157.0,393.0,7,-5.0
Mangal Wedha APMC,2024-11-27,4000.0,3386.0,421.0,7,18.1
Mangal Wedha APMC,2024-11-28,4100.0,3586.0,328.0,7,14.3
Mangal Wedha APMC,2024-12-02,3300.0,3629.0,343.0,7,-9.1
Mangal Wedha APMC,2024-12-04,3500.0,3629.0,286.0,7,-3.5
Mangal Wedha APMC,2024-12-05,4500.0,3771.0,256.0,7,19.3
Mangal Wedha APMC,2024-12-06,4500.0,3843.0,261.0,7,17.1
Mangal Wedha APMC,2024-12-07,4400.0,4043.0,195.0,7,8.8
Mangal Wedha APMC,2024-12-08,4500.0,4114.0,159.0,7,9.4
Mangal Wedha APMC,2024-12-09,4500.0,4171.0,170.0,7,7.9
Mangal Wedha APMC,2024-12-11,4510.0,4344.0,125.0,7,3.8
Mangal Wedha APMC,2024-12-12,4100.0,4430.0,106.0,7,-7.4
Mangal Wedha APMC,2024-12-13,4400.0,4416.0,117.0,7,-0.4
Mangal Wedha APMC,2024-12-14,3900.0,4330.0,116.0,7,-9.9
Mangal Wedha APMC,2024-12-15,3600.0,4216.0,109.0,7,-14.6
Mangal Wedha APMC,2024-12-16,3400.0,4059.0,137.0,7,-16.2
Mangal Wedha APMC,2024-12-18,2500.0,3773.0,139.0,7,-33.7
Mangal Wedha APMC,2024-12-19,2400.0,3471.0,128.0,7,-30.9
Mangal Wedha APMC,2024-12-20,2300.0,3214.0,143.0,7,-28.4
Mangal Wedha APMC,2024-12-21,2510.0,2944.0,155.0,7,-14.8
Mangal Wedha APMC,2024-12-22,1500.0,2601.0,142.0,7,-42.3
Mangal Wedha APMC,2024-12-23,2300.0,2416.0,167.0,7,-4.8
Mangal Wedha APMC,2024-12-25,2400.0,2273.0,140.0,7,5.6
Mangal Wedha APMC,2024-12-26,2350.0,2251.0,113.0,7,4.4
Mangal Wedha APMC,2024-12-27,3000.0,2337.0,120.0,7,28.4
Mangal Wedha APMC,2024-12-28,3000.0,2437.0,108.0,7,23.1
Mangal Wedha APMC,2024-12-29,2740.0,2470.0,73.0,7,10.9
Mangal Wedha APMC,2024-12-30,3000.0,2684.0,84.0,7,11.8
Mangal Wedha APMC,2025-01-01,2810.0,2757.0,80.0,7,1.9
Mangal Wedha APMC,2025-01-02,2840.0,2820.0,70.0,7,0.7
Mangal Wedha APMC,2025-01-03,2500.0,2841.0,73.0,7,-12.0
Mangal Wedha APMC,2025-01-04,2800.0,2813.0,72.0,7,-0.5
Mangal Wedha APMC,2025-01-05,2500.0,2741.0,63.0,7,-8.8
Mangal Wedha APMC,2025-01-06,2800.0,2750.0,83.0,7,1.8
Mangal Wedha APMC,2025-01-08,2400.0,2664.0,82.0,7,-9.9
Mangal Wedha APMC,2025-01-09,2420.0,2609.0,72.0,7,-7.2
Mangal Wedha APMC,2025-01-10,2600.0,2574.0,75.0,7,1.0
Mangal Wedha APMC,2025-01-11,2600.0,2589.0,86.0,7,0.4
Mangal Wedha APMC,2025-01-12,2500.0,2546.0,76.0,7,-1.8
Mangal Wedha APMC,2025-01-13,2300.0,2517.0,97.0,7,-8.6
Mangal Wedha APMC,2025-01-15,2100.0,2417.0,81.0,7,-13.1
Mangal Wedha APMC,2025-01-16,2410.0,2419.0,78.0,7,-0.4
Mangal Wedha APMC,2025-01-17,2200.0,2387.0,75.0,7,-7.8
Mangal Wedha APMC,2025-01-18,2400.0,2359.0,79.0,7,1.8
Mangal Wedha APMC,2025-01-19,2200.0,2301.0,65.0,7,-4.4
Mangal Wedha APMC,2025-01-20,2400.0,2287.0,83.0,7,4.9
Mangal Wedha APMC,2025-01-22,2810.0,2360.0,70.0,7,19.1
Mangal Wedha APMC,2025-01-23,2480.0,2414.0,69.0,7,2.7
Mangal Wedha APMC,2025-01-24,2800.0,2470.0,69.0,7,13.4
Mangal Wedha APMC,2025-01-25,2500.0,2513.0,67.0,7,-0.5
Mangal Wedha APMC,2025-01-26,2370.0,2509.0,59.0,7,-5.5
Mangal Wedha APMC,2025-01-27,2600.0,2566.0,81.0,7,1.3
Mangal Wedha APMC,2025-01-29,2500.0,2580.0,72.0,7,-3.1
Mangal Wedha APMC,2025-01-30,2400.0,2521.0,63.0,7,-4.8
Mangal Wedha APMC,2025-01-31,2400.0,2510.0,71.0,7,-4.4
Mangal Wedha APMC,2025-02-01,2000.0,2396.0,66.0,7,-16.5
Mangal Wedha APMC,2025-02-02,2400.0,2381.0,61.0,7,0.8
Mangal Wedha APMC,2025-02-03,2100.0,2343.0,165.0,7,-10.4
Mangal Wedha APMC,2025-02-05,2000.0,2257.0,152.0,7,-11.4
Mangal Wedha APMC,2025-02-06,2000.0,2186.0,156.0,7,-8.5
Mangal Wedha APMC,2025-02-07,2200.0,2157.0,163.0,7,2.0
Mangal Wedha APMC,2025-02-08,2100.0,2114.0,162.0,7,-0.7
Mangal Wedha APMC,2025-02-09,2400.0,2171.0,164.0,7,10.5
Mangal Wedha APMC,2025-02-13,2000.0,2114.0,166.0,7,-5.4
Mangal Wedha APMC,2025-02-14,2200.0,2129.0,63.0,7,3.4
Mangal Wedha APMC,2025-02-15,2600.0,2214.0,61.0,7,17.4
Mangal Wedha APMC,2025-02-17,2600.0,2300.0,65.0,7,13.0
Mangal Wedha APMC,2025-02-19,2600.0,2357.0,61.0,7,10.3
Mangal Wedha APMC,2025-02-20,2500.0,2414.0,55.0,7,3.6
Mangal Wedha APMC,2025-02-21,2700.0,2457.0,64.0,7,9.9
Mangal Wedha APMC,2025-02-22,2400.0,2514.0,71.0,7,-4.5
Mangal Wedha APMC,2025-02-24,2500.0,2557.0,90.0,7,-2.2
Mangal Wedha APMC,2025-02-26,2550.0,2550.0,88.0,7,0.0
Mangal Wedha APMC,2025-02-27,2300.0,2507.0,85.0,7,-8.3
Mangal Wedha APMC,2025-02-28,2250.0,2457.0,101.0,7,-8.4
Mangal Wedha APMC,2025-03-01,2350.0,2436.0,102.0,7,-3.5
Mangal Wedha APMC,2025-03-02,2090.0,2349.0,94.0,7,-11.0
Mangal Wedha APMC,2025-03-03,2000.0,2291.0,108.0,7,-12.7
Mangal Wedha APMC,2025-03-05,2000.0,2220.0,93.0,7,-9.9
Mangal Wedha APMC,2025-03-07,2100.0,2156.0,112.0,7,-2.6
Mangal Wedha APMC,2025-03-08,2000.0,2113.0,100.0,7,-5.3
Mangal Wedha APMC,2025-03-09,1800.0,2049.0,77.0,7,-12.1
Mangal Wedha APMC,2025-03-10,2000.0,1999.0,111.0,7,0.1
Mangal Wedha APMC,2025-03-12,1600.0,1929.0,194.0,7,-17.0
Mangal Wedha APMC,2025-03-13,1400.0,1843.0,180.0,7,-24.0
Mangal Wedha APMC,2025-03-14,1500.0,1771.0,191.0,7,-15.3
Mangal Wedha APMC,2025-03-15,1600.0,1700.0,175.0,7,-5.9
Mangal Wedha APMC,2025-03-16,1750.0,1664.0,179.0,7,5.2
Mangal Wedha APMC,2025-03-17,1650.0,1643.0,218.0,7,0.4
Mangal Wedha APMC,2025-03-19,1510.0,1573.0,202.0,7,-4.0
Mangal Wedha APMC,2025-03-20,1400.0,1544.0,128.0,7,-9.3
Mangal Wedha APMC,2025-03-21,1400.0,1544.0,131.0,7,-9.3
Mangal Wedha APMC,2025-03-22,1400.0,1530.0,121.0,7,-8.5
Mangal Wedha APMC,2025-03-23,1600.0,1530.0,113.0,7,4.6
Mangal Wedha APMC,2025-03-24,1400.0,1480.0,138.0,7,-5.4
Mangal Wedha APMC,2025-03-26,1600.0,1473.0,109.0,7,8.6
Mangal Wedha APMC,2025-03-27,1700.0,1500.0,87.0,7,13.3
Mangal Wedha APMC,2025-03-28,1425.0,1504.0,83.0,7,-5.2
Mangal Wedha APMC,2025-03-29,1400.0,1504.0,74.0,7,-6.9
Mangal Wedha APMC,2025-03-31,1400.0,1504.0,79.0,7,-6.9
Mangal Wedha APMC,2025-04-02,1300.0,1461.0,88.0,7,-11.0
Mangal Wedha APMC,2025-04-03,1350.0,1454.0,60.0,7,-7.1
Mangal Wedha APMC,2025-04-04,1440.0,1431.0,64.0,7,0.6
Mangal Wedha APMC,2025-04-05,1360.0,1382.0,64.0,7,-1.6
Mangal Wedha APMC,2025-04-06,1400.0,1379.0,56.0,7,1.6
Mangal Wedha APMC,2025-04-07,1400.0,1379.0,85.0,7,1.6
Mangal Wedha APMC,2025-04-09,1300.0,1364.0,91.0,7,-4.7
Mangal Wedha APMC,2025-04-10,1400.0,1379.0,102.0,7,1.6
Mangal Wedha APMC,2025-04-11,1210.0,1359.0,111.0,7,-10.9
Mangal Wedha APMC,2025-04-12,1160.0,1319.0,99.0,7,-12.0
Mangal Wedha APMC,2025-04-13,1100.0,1281.0,107.0,7,-14.2
Mangal Wedha APMC,2025-04-14,1000.0,1224.0,152.0,7,-18.3
Mangal Wedha APMC,2025-04-16,1000.0,1167.0,134.0,7,-14.3
Mangal Wedha APMC,2025-04-17,1000.0,1124.0,124.0,7,-11.1
Mangal Wedha APMC,2025-04-18,950.0,1060.0,113.0,7,-10.4
Mangal Wedha APMC,2025-04-19,1000.0,1030.0,124.0,7,-2.9
Mangal Wedha APMC,2025-04-20,1000.0,1007.0,133.0,7,-0.7
Mangal Wedha APMC,2025-04-21,1000.0,993.0,161.0,7,0.7
Mangal Wedha APMC,2025-04-23,850.0,971.0,119.0,7,-12.5
Mangal Wedha APMC,2025-04-24,1000.0,971.0,106.0,7,2.9
Mangal Wedha APMC,2025-04-25,1000.0,971.0,111.0,7,2.9
Mangal Wedha APMC,2025-04-26,1000.0,979.0,106.0,7,2.2
Mangal Wedha APMC,2025-04-27,900.0,964.0,83.0,7,-6.7
Mangal Wedha APMC,2025-04-28,1000.0,964.0,116.0,7,3.7
Mangal Wedha APMC,2025-04-30,1000.0,964.0,106.0,7,3.7
Mangal Wedha APMC,2025-05-01,700.0,943.0,102.0,7,-25.8
Mangal Wedha APMC,2025-05-02,1000.0,943.0,118.0,7,6.1
Mangal Wedha APMC,2025-05-03,750.0,907.0,109.0,7,-17.3
Mangal Wedha APMC,2025-05-04,900.0,893.0,107.0,7,0.8
Mangal Wedha APMC,2025-05-05,1000.0,907.0,122.0,7,10.2
Mangal Wedha APMC,2025-05-07,800.0,879.0,98.0,7,-8.9
Mangal Wedha APMC,2025-05-08,700.0,836.0,87.0,7,-16.2
Mangal Wedha APMC,2025-05-09,800.0,850.0,103.0,7,-5.9
Mangal Wedha APMC,2025-05-10,800.0,821.0,84.0,7,-2.6
Mangal Wedha APMC,2025-05-11,900.0,843.0,82.0,7,6.8
Mangal Wedha APMC,2025-05-12,700.0,814.0,87.0,7,-14.0
Mangal Wedha APMC,2025-05-16,1000.0,814.0,74.0,7,22.8
Mangal Wedha APMC,2025-05-17,1000.0,843.0,62.0,7,18.6
Mangal Wedha APMC,2025-05-18,810.0,859.0,51.0,7,-5.7
Mangal Wedha APMC,2025-05-19,850.0,866.0,57.0,7,-1.8
Mangal Wedha APMC,2025-05-21,800.0,866.0,60.0,7,-7.6
Mangal Wedha APMC,2025-05-22,1000.0,880.0,57.0,7,13.6
Mangal Wedha APMC,2025-05-23,1010.0,924.0,60.0,7,9.3
Mangal Wedha APMC,2025-05-24,1300.0,967.0,60.0,7,34.4
Mangal Wedha APMC,2025-05-26,1370.0,1020.0,58.0,7,34.3
Mangal Wedha APMC,2025-05-28,1350.0,1097.0,57.0,7,23.0
Mangal Wedha APMC,2025-05-29,1600.0,1204.0,41.0,7,32.9
Mangal Wedha APMC,2025-05-30,1500.0,1304.0,54.0,7,15.0
Mangal Wedha APMC,2025-05-31,1300.0,1347.0,58.0,7,-3.5
Mangal Wedha APMC,2025-06-02,1400.0,1403.0,62.0,7,-0.2
Mangal Wedha APMC,2025-06-04,1500.0,1431.0,63.0,7,4.8
Mangal Wedha APMC,2025-06-05,1450.0,1443.0,68.0,7,0.5
Mangal Wedha APMC,2025-06-06,1300.0,1436.0,72.0,7,-9.5
Mangal Wedha APMC,2025-06-07,1300.0,1393.0,75.0,7,-6.7
Mangal Wedha APMC,2025-06-08,600.0,1264.0,59.0,7,-52.5
Mangal Wedha APMC,2025-06-09,1300.0,1264.0,69.0,7,2.8
Mangal Wedha APMC,2025-06-11,1200.0,1236.0,68.0,7,-2.9
Mangal Wedha APMC,2025-06-12,1350.0,1214.0,67.0,7,11.2
Mangal Wedha APMC,2025-06-13,1500.0,1221.0,69.0,7,22.8
Mangal Wedha APMC,2025-06-15,1020.0,1181.0,64.0,7,-13.7
Mangal Wedha APMC,2025-06-16,1500.0,1210.0,69.0,7,24.0
Mangal Wedha APMC,2025-06-18,1400.0,1324.0,80.0,7,5.7
Mangal Wedha APMC,2025-06-19,1100.0,1296.0,65.0,7,-15.1
Mangal Wedha APMC,2025-06-20,1300.0,1310.0,61.0,7,-0.8
Mangal Wedha APMC,2025-06-21,1200.0,1289.0,59.0,7,-6.9
Mangal Wedha APMC,2025-06-23,1500.0,1289.0,69.0,7,16.4
Mangal Wedha APMC,2025-06-25,1350.0,1336.0,79.0,7,1.1
Mangal Wedha APMC,2025-06-26,400.0,1179.0,66.0,7,-66.1
Mangal Wedha APMC,2025-06-27,1500.0,1193.0,66.0,7,25.7
Mangal Wedha APMC,2025-06-28,600.0,1121.0,65.0,7,-46.5
Mangal Wedha APMC,2025-06-30,1400.0,1136.0,76.0,7,23.3
Mangal Wedha APMC,2025-07-04,1500.0,1179.0,78.0,7,27.3
Mangal Wedha APMC,2025-07-05,1500.0,1179.0,56.0,7,27.3
Mangal Wedha APMC,2025-07-06,800.0,1100.0,42.0,7,-27.3
Mangal Wedha APMC,2025-07-07,1750.0,1293.0,52.0,7,35.4
Mangal Wedha APMC,2025-07-09,1800.0,1336.0,56.0,7,34.8
Mangal Wedha APMC,2025-07-10,1500.0,1464.0,68.0,7,2.4
Mangal Wedha APMC,2025-07-11,1760.0,1516.0,65.0,7,16.1
Mangal Wedha APMC,2025-07-13,1700.0,1544.0,64.0,7,10.1
Mangal Wedha APMC,2025-07-14,1500.0,1544.0,100.0,7,-2.9
Mangal Wedha APMC,2025-07-16,1400.0,1630.0,112.0,7,-14.1
Mangal Wedha APMC,2025-07-17,1500.0,1594.0,104.0,7,-5.9
Mangal Wedha APMC,2025-07-18,1400.0,1537.0,102.0,7,-8.9
Mangal Wedha APMC,2025-07-19,1450.0,1530.0,94.0,7,-5.2
Mangal Wedha APMC,2025-07-20,1250.0,1457.0,80.0,7,-14.2
Mangal Wedha APMC,2025-07-21,1400.0,1414.0,93.0,7,-1.0
Mangal Wedha APMC,2025-07-23,1400.0,1400.0,61.0,7,0.0
Mangal Wedha APMC,2025-07-24,1500.0,1414.0,50.0,7,6.1
Mangal Wedha APMC,2025-07-25,1500.0,1414.0,56.0,7,6.1
Mangal Wedha APMC,2025-07-28,1600.0,1443.0,56.0,7,10.9
Mangal Wedha APMC,2025-07-30,1300.0,1421.0,78.0,7,-8.5
Mangal Wedha APMC,2025-07-31,1500.0,1457.0,78.0,7,2.9
Mangal Wedha APMC,2025-08-01,1500.0,1471.0,64.0,7,1.9
Mangal Wedha APMC,2025-08-02,1400.0,1471.0,61.0,7,-4.9
Mangal Wedha APMC,2025-08-04,1500.0,1471.0,74.0,7,1.9
Mangal Wedha APMC,2025-08-06,1500.0,1471.0,71.0,7,1.9
Mangal Wedha APMC,2025-08-07,1400.0,1443.0,63.0,7,-3.0
Mangal Wedha APMC,2025-08-10,1600.0,1486.0,37.0,7,7.7
Mangal Wedha APMC,2025-08-11,1500.0,1486.0,53.0,7,1.0
Mangal Wedha APMC,2025-08-13,1400.0,1471.0,63.0,7,-4.9
Mangal Wedha APMC,2025-08-14,1600.0,1500.0,63.0,7,6.7
Mangal Wedha APMC,2025-08-15,1400.0,1486.0,69.0,7,-5.8
Mangal Wedha APMC,2025-08-16,1450.0,1479.0,65.0,7,-1.9
Mangal Wedha APMC,2025-08-18,1500.0,1493.0,64.0,7,0.5
Mangal Wedha APMC,2025-08-20,1400.0,1464.0,79.0,7,-4.4
Mangal Wedha APMC,2025-08-21,1400.0,1450.0,62.0,7,-3.4
Mangal Wedha APMC,2025-08-22,1500.0,1464.0,66.0,7,2.4
Mangal Wedha APMC,2025-08-23,1550.0,1457.0,66.0,7,6.4
Mangal Wedha APMC,2025-08-25,1400.0,1457.0,93.0,7,-3.9
Mangal Wedha APMC,2025-08-27,1400.0,1450.0,100.0,7,-3.4
Mangal Wedha APMC,2025-08-29,1400.0,1436.0,115.0,7,-2.5
Mangal Wedha APMC,2025-08-31,1270.0,1417.0,100.0,7,-10.4
Mangal Wedha APMC,2025-09-01,1200.0,1389.0,126.0,7,-13.6
Mangal Wedha APMC,2025-09-03,1400.0,1374.0,121.0,7,1.9
Mangal Wedha APMC,2025-09-04,1375.0,1349.0,122.0,7,1.9
Mangal Wedha APMC,2025-09-05,1300.0,1335.0,105.0,7,-2.6
Mangal Wedha APMC,2025-09-06,1300.0,1321.0,100.0,7,-1.6
Mangal Wedha APMC,2025-09-07,800.0,1235.0,78.0,7,-35.2
Mangal Wedha APMC,2025-09-08,1300.0,1239.0,114.0,7,4.9
Mangal Wedha APMC,2025-09-10,1300.0,1254.0,122.0,7,3.7
Mangal Wedha APMC,2025-09-11,500.0,1125.0,111.0,7,-55.6
Mangal Wedha APMC,2025-09-12,1000.0,1071.0,136.0,7,-6.7
Mangal Wedha APMC,2025-09-15,1000.0,1029.0,141.0,7,-2.8
Mangal Wedha APMC,2025-09-17,1100.0,1000.0,156.0,7,10.0
Mangal Wedha APMC,2025-09-19,950.0,1021.0,169.0,7,-7.0
Mangal Wedha APMC,2025-09-20,1000.0,979.0,134.0,7,2.2
Mangal Wedha APMC,2025-09-22,1300.0,979.0,105.0,7,32.8
Mangal Wedha APMC,2025-09-24,1100.0,1064.0,128.0,7,3.4
Mangal Wedha APMC,2025-09-25,1400.0,1121.0,103.0,7,24.8
Mangal Wedha APMC,2025-09-26,1500.0,1193.0,93.0,7,25.7
Mangal Wedha APMC,2025-09-29,1500.0,1250.0,82.0,7,20.0
Mangal Wedha APMC,2025-10-01,1600.0,1343.0,81.0,7,19.1
Mangal Wedha APMC,2025-10-02,1000.0,1343.0,80.0,7,-25.5
Mangal Wedha APMC,2025-10-03,1510.0,1373.0,81.0,7,10.0
Mangal Wedha APMC,2025-10-04,1600.0,1444.0,61.0,7,10.8
Mangal Wedha APMC,2025-10-05,1400.0,1444.0,60.0,7,-3.1
Mangal Wedha APMC,2025-10-06,1100.0,1387.0,69.0,7,-20.7
Mangal Wedha APMC,2025-10-08,1500.0,1387.0,73.0,7,8.1
Mangal Wedha APMC,2025-10-09,1100.0,1316.0,65.0,7,-16.4
Mangal Wedha APMC,2025-10-12,700.0,1273.0,67.0,7,-45.0
Mangal Wedha APMC,2025-10-13,1200.0,1229.0,91.0,7,-2.3
Mangal Wedha APMC,2025-10-15,1200.0,1171.0,101.0,7,2.4
Mangal Wedha APMC,2025-10-16,600.0,1057.0,101.0,7,-43.2
Mangal Wedha APMC,2025-10-17,800.0,1014.0,92.0,7,-21.1
Mangal Wedha APMC,2025-10-18,600.0,886.0,83.0,7,-32.3
Mangal Wedha APMC,2025-10-20,1000.0,871.0,84.0,7,14.8
Mangal Wedha APMC,2025-10-22,1100.0,929.0,86.0,7,18.5
Mangal Wedha APMC,2025-10-24,1700.0,1000.0,58.0,7,70.0
Mangal Wedha APMC,2025-10-26,1600.0,1057.0,53.0,7,51.4
Mangal Wedha APMC,2025-10-27,1700.0,1214.0,63.0,7,40.0
Mangal Wedha APMC,2025-10-29,1500.0,1314.0,70.0,7,14.1
Mangal Wedha APMC,2025-10-30,1100.0,1386.0,70.0,7,-20.6
Mangal Wedha APMC,2025-10-31,1200.0,1414.0,106.0,7,-15.2
Mangal Wedha APMC,2025-11-01,1100.0,1414.0,106.0,7,-22.2
Mangal Wedha APMC,2025-11-02,1140.0,1334.0,106.0,7,-14.6
Mangal Wedha APMC,2025-11-03,1000.0,1249.0,132.0,7,-19.9
Mangal Wedha APMC,2025-11-05,1100.0,1163.0,138.0,7,-5.4
Mangal Wedha APMC,2025-11-06,860.0,1071.0,113.0,7,-19.7
Mangal Wedha APMC,2025-11-07,1000.0,1057.0,130.0,7,-5.4
Mangal Wedha APMC,2025-11-08,1000.0,1029.0,95.0,7,-2.8
Mangal Wedha APMC,2025-11-09,600.0,957.0,97.0,7,-37.3
Mangal Wedha APMC,2025-11-10,950.0,930.0,109.0,7,2.2
Mangal Wedha APMC,2025-11-12,900.0,916.0,88.0,7,-1.7
Mangal Wedha APMC,2025-11-13,500.0,830.0,68.0,7,-39.8
Mangal Wedha APMC,2025-11-14,1000.0,850.0,76.0,7,17.6
Mangal Wedha APMC,2025-11-15,1360.0,901.0,56.0,7,50.9
Mangal Wedha APMC,2025-11-16,800.0,873.0,53.0,7,-8.3
Mangal Wedha APMC,2025-11-17,1000.0,930.0,70.0,7,7.5
Mangal Wedha APMC,2025-11-19,1100.0,951.0,70.0,7,15.6
Mangal Wedha APMC,2025-11-20,600.0,909.0,56.0,7,-34.0
Mangal Wedha APMC,2025-11-21,800.0,951.0,65.0,7,-15.9
Mangal Wedha APMC,2025-11-22,800.0,923.0,56.0,7,-13.3
Mangal Wedha APMC,2025-11-23,800.0,843.0,55.0,7,-5.1
Mangal Wedha APMC,2025-11-24,1000.0,871.0,80.0,7,14.8
Mangal Wedha APMC,2025-11-26,1200.0,900.0,75.0,7,33.3
Mangal Wedha APMC,2025-11-27,520.0,817.0,63.0,7,-36.4
Mangal Wedha APMC,2025-11-28,1000.0,874.0,74.0,7,14.4
Mangal Wedha APMC,2025-11-29,450.0,824.0,63.0,7,-45.4
Mangal Wedha APMC,2025-12-01,1000.0,853.0,80.0,7,17.3
Mangal Wedha APMC,2025-12-03,900.0,867.0,128.0,7,3.8
Mangal Wedha APMC,2025-12-04,610.0,811.0,103.0,7,-24.8
Mangal Wedha APMC,2025-12-05,1120.0,800.0,97.0,7,40.0
Mangal Wedha APMC,2025-12-06,1000.0,869.0,99.0,7,15.1
Mangal Wedha APMC,2025-12-08,960.0,863.0,108.0,7,11.3
Mangal Wedha APMC,2025-12-10,1020.0,944.0,116.0,7,8.0
Mangal Wedha APMC,2025-12-11,500.0,873.0,97.0,7,-42.7
Mangal Wedha APMC,2025-12-12,1400.0,944.0,62.0,7,48.3
Mangal Wedha APMC,2025-12-13,1350.0,1050.0,62.0,7,28.6
Mangal Wedha APMC,2025-12-15,1800.0,1147.0,69.0,7,56.9
Mangal Wedha APMC,2025-12-18,1700.0,1247.0,75.0,7,36.3
Mangal Wedha APMC,2025-12-19,2000.0,1396.0,76.0,7,43.3
Mangal Wedha APMC,2025-12-21,1000.0,1393.0,69.0,7,-28.2
Mangal Wedha APMC,2025-12-22,1500.0,1536.0,108.0,7,-2.3
Mangal Wedha APMC,2025-12-24,900.0,1464.0,118.0,7,-38.5
Mangal Wedha APMC,2025-12-25,900.0,1400.0,119.0,7,-35.7
Mangal Wedha APMC,2025-12-26,800.0,1257.0,127.0,7,-36.4
Mangal Wedha APMC,2025-12-27,960.0,1151.0,119.0,7,-16.6
Mangal Wedha APMC,2025-12-28,700.0,966.0,99.0,7,-27.5
Mangal Wedha APMC,2025-12-29,1300.0,1009.0,118.0,7,28.9
Mangal Wedha APMC,2025-12-31,1200.0,966.0,98.0,7,24.3
Mangal Wedha APMC,2026-01-01,1100.0,994.0,77.0,7,10.6
Mangal Wedha APMC,2026-01-02,1200.0,1037.0,85.0,7,15.7
Mangal Wedha APMC,2026-01-03,1470.0,1133.0,67.0,7,29.8
Mangal Wedha APMC,2026-01-09,1150.0,1160.0,97.0,7,-0.9
Mangal Wedha APMC,2026-01-10,1500.0,1274.0,96.0,7,17.7
Mangal Wedha APMC,2026-01-11,1100.0,1246.0,79.0,7,-11.7
Mangal Wedha APMC,2026-01-12,1300.0,1260.0,100.0,7,3.2
Mangal Wedha APMC,2026-01-14,1300.0,1289.0,111.0,7,0.9
Mangal Wedha APMC,2026-01-15,1300.0,1303.0,102.0,7,-0.2
Mangal Wedha APMC,2026-01-16,1250.0,1271.0,112.0,7,-1.7
Mangal Wedha APMC,2026-01-17,1200.0,1279.0,79.0,7,-6.1
Mangal Wedha APMC,2026-01-18,1300.0,1250.0,79.0,7,4.0
Mangal Wedha APMC,2026-01-19,1300.0,1279.0,114.0,7,1.7
Mangal Wedha APMC,2026-01-21,1600.0,1321.0,93.0,7,21.1
Mangal Wedha APMC,2026-01-22,1250.0,1314.0,80.0,7,-4.9
Mangal Wedha APMC,2026-01-23,1500.0,1343.0,91.0,7,11.7
Mangal Wedha APMC,2026-01-24,1300.0,1350.0,77.0,7,-3.7
Mangal Wedha APMC,2026-01-25,1300.0,1364.0,79.0,7,-4.7
Mangal Wedha APMC,2026-01-26,1400.0,1379.0,104.0,7,1.6
Mangal Wedha APMC,2026-01-28,1350.0,1386.0,99.0,7,-2.6
Mangal Wedha APMC,2026-01-30,1200.0,1329.0,94.0,7,-9.7
Mangal Wedha APMC,2026-01-31,1200.0,1321.0,97.0,7,-9.2
Mangal Wedha APMC,2026-02-01,1100.0,1264.0,88.0,7,-13.0
Mangal Wedha APMC,2026-02-02,950.0,1214.0,134.0,7,-21.8
Mangal Wedha APMC,2026-02-04,1000.0,1171.0,152.0,7,-14.6
Mangal Wedha APMC,2026-02-05,1100.0,1129.0,128.0,7,-2.5
Mangal Wedha APMC,2026-02-06,1050.0,1086.0,115.0,7,-3.3
Mangal Wedha APMC,2026-02-07,1100.0,1071.0,101.0,7,2.7
Mangal Wedha APMC,2026-02-08,1350.0,1093.0,97.0,7,23.5
Mangal Wedha APMC,2026-02-09,1300.0,1121.0,104.0,7,15.9
Mangal Wedha APMC,2026-02-11,1300.0,1171.0,82.0,7,11.0
Mangal Wedha APMC,2026-02-12,1300.0,1214.0,63.0,7,7.1
Mangal Wedha APMC,2026-02-13,1200.0,1229.0,98.0,7,-2.3
Mangal Wedha APMC,2026-02-15,1400.0,1279.0,80.0,7,9.5
Mangal Wedha APMC,2026-02-16,1000.0,1264.0,103.0,7,-20.9
Mangal Wedha APMC,2026-02-18,800.0,1186.0,148.0,7,-32.5
Mangal Wedha APMC,2026-02-19,1100.0,1157.0,140.0,7,-4.9
Mangal Wedha APMC,2026-02-20,800.0,1086.0,157.0,7,-26.3
Mangal Wedha APMC,2026-02-21,1000.0,1043.0,160.0,7,-4.1
Mangal Wedha APMC,2026-02-23,1000.0,1014.0,150.0,7,-1.4
Mangal Wedha APMC,2026-02-25,900.0,943.0,177.0,7,-4.5
Mangal Wedha APMC,2026-02-26,1100.0,957.0,154.0,7,14.9
Mangal Wedha APMC,2026-02-27,1000.0,986.0,119.0,7,1.4
Mangal Wedha APMC,2026-02-28,900.0,957.0,117.0,7,-6.0
Mangal Wedha APMC,2026-03-01,900.0,971.0,73.0,7,-7.4
Mangal Wedha APMC,2026-03-02,1100.0,986.0,87.0,7,11.6
Mangal Wedha APMC,2026-03-04,840.0,963.0,68.0,7,-12.8
Mangal Wedha APMC,2026-03-05,900.0,963.0,43.0,7,-6.5
Mangal Wedha APMC,2026-03-06,1200.0,977.0,57.0,7,22.8
Mangal Wedha APMC,2026-03-08,1000.0,977.0,46.0,7,2.3
Mangal Wedha APMC,2026-03-09,700.0,949.0,51.0,7,-26.2
Mangal Wedha APMC,2026-03-11,1200.0,991.0,53.0,7,21.0
Mangal Wedha APMC,2026-03-12,1400.0,1034.0,38.0,7,35.4
Mangal Wedha APMC,2026-03-13,1100.0,1071.0,39.0,7,2.7
Mangal Wedha APMC,2026-03-14,1200.0,1114.0,40.0,7,7.7
Mangal Wedha APMC,2026-03-15,1010.0,1087.0,26.0,7,-7.1
Mangal Wedha APMC,2026-03-16,1100.0,1101.0,61.0,7,-0.1
Mangal Wedha APMC,2026-03-18,1100.0,1159.0,89.0,7,-5.1
Mangal Wedha APMC,2026-03-19,1000.0,1130.0,89.0,7,-11.5
Mangal Wedha APMC,2026-03-20,1100.0,1087.0,106.0,7,1.2
Mangal Wedha APMC,2026-03-22,1000.0,1073.0,98.0,7,-6.8
Mangal Wedha APMC,2026-03-23,900.0,1030.0,143.0,7,-12.6
Mangal Wedha APMC,2026-03-25,1000.0,1029.0,157.0,7,-2.8
Mangal Wedha APMC,2026-03-27,850.0,993.0,136.0,7,-14.4
Mangal Wedha APMC,2026-03-28,900.0,964.0,101.0,7,-6.7
Mangal Wedha APMC,2026-03-29,1000.0,964.0,102.0,7,3.7
Mangal Wedha APMC,2026-03-30,1000.0,950.0,104.0,7,5.3
Mangal Wedha APMC,2026-04-01,900.0,936.0,125.0,7,-3.8
Mangal Wedha APMC,2026-04-02,900.0,936.0,82.0,7,-3.8
Mangal Wedha APMC,2026-04-03,900.0,921.0,76.0,7,-2.3
Mangal Wedha APMC,2026-04-04,900.0,929.0,65.0,7,-3.1
Mangal Wedha APMC,2026-04-05,900.0,929.0,68.0,7,-3.1
Mangal Wedha APMC,2026-04-06,900.0,914.0,71.0,7,-1.6
Mangal Wedha APMC,2026-04-08,900.0,900.0,55.0,7,0.0
Mangal Wedha APMC,2026-04-09,450.0,836.0,33.0,7,-46.2
Mangal Wedha APMC,2026-04-10,1100.0,864.0,30.0,7,27.3
Mangal Wedha APMC,2026-04-11,900.0,864.0,24.0,7,4.1
Mangal Wedha APMC,2026-04-13,1000.0,879.0,52.0,7,13.8
Mangal Wedha APMC,2026-04-15,800.0,864.0,74.0,7,-7.4
Mangal Wedha APMC,2026-04-16,900.0,864.0,69.0,7,4.1
Mangal Wedha APMC,2026-04-17,800.0,850.0,96.0,7,-5.9
Mangal Wedha APMC,2026-04-18,700.0,886.0,100.0,7,-21.0
Mangal Wedha APMC,2026-04-19,1000.0,871.0,100.0,7,14.8
Mangal Wedha APMC,2026-04-20,700.0,843.0,146.0,7,-16.9
Mangal Wedha APMC,2026-04-22,900.0,829.0,131.0,7,8.6
Mangal Wedha APMC,2026-04-23,700.0,814.0,113.0,7,-14.0
Mangal Wedha APMC,2026-04-24,900.0,814.0,135.0,7,10.5
Mangal Wedha APMC,2026-04-25,600.0,786.0,107.0,7,-23.6
Mangal Wedha APMC,2026-04-26,700.0,786.0,104.0,7,-10.9
Mangal Wedha APMC,2026-04-27,800.0,757.0,114.0,7,5.7
Mangal Wedha APMC,2026-04-29,800.0,771.0,76.0,7,3.7
Mangal Wedha APMC,2026-04-30,400.0,700.0,60.0,7,-42.9
Mangal Wedha APMC,2026-05-01,800.0,714.0,57.0,7,12.0
Mangal Wedha APMC,2026-05-02,810.0,701.0,39.0,7,15.5
Mangal Wedha APMC,2026-05-03,1000.0,759.0,35.0,7,31.8
Mangal Wedha APMC,2026-05-04,1000.0,801.0,54.0,7,24.8
Mangal Wedha APMC,2026-05-06,900.0,816.0,51.0,7,10.3
Mangal Wedha APMC,2026-05-07,700.0,801.0,47.0,7,-12.7
Mangal Wedha APMC,2026-05-08,700.0,844.0,53.0,7,-17.1
Mangal Wedha APMC,2026-05-09,950.0,866.0,61.0,7,9.7
Mangal Wedha APMC,2026-05-10,700.0,850.0,57.0,7,-17.6
Mangal Wedha APMC,2026-05-11,850.0,829.0,74.0,7,2.6
Mangal Wedha APMC,2026-05-13,1100.0,843.0,55.0,7,30.5
Mangal Wedha APMC,2026-05-14,550.0,793.0,49.0,7,-30.6
Mangal Wedha APMC,2026-05-15,800.0,807.0,45.0,7,-0.9
Mangal Wedha APMC,2026-05-16,900.0,836.0,64.0,7,7.7
Mangal Wedha APMC,2026-05-17,600.0,786.0,53.0,7,-23.6
Mangal Wedha APMC,2026-05-18,900.0,814.0,69.0,7,10.5
Mangal Wedha APMC,2026-05-20,800.0,807.0,57.0,7,-0.9
Mangal Wedha APMC,2026-05-21,900.0,779.0,56.0,7,15.6
Mangal Wedha APMC,2026-05-22,800.0,814.0,68.0,7,-1.8
Mangal Wedha APMC,2026-05-23,900.0,829.0,71.0,7,8.6
Mangal Wedha APMC,2026-05-24,1120.0,860.0,46.0,7,30.2
Mangal Wedha APMC,2026-05-25,920.0,906.0,64.0,7,1.6
Mangal Wedha APMC,2026-05-27,1000.0,920.0,54.0,7,8.7
Mangal Wedha APMC,2026-05-28,1000.0,949.0,49.0,7,5.4
Mangal Wedha APMC,2026-05-29,1000.0,963.0,56.0,7,3.9
Mangal Wedha APMC,2026-05-30,1220.0,1023.0,44.0,7,19.3
Mangal Wedha APMC,2026-05-31,1250.0,1073.0,42.0,7,16.5
Mangal Wedha APMC,2026-06-01,1400.0,1113.0,53.0,7,25.8
Mangal Wedha APMC,2026-06-03,1400.0,1181.0,56.0,7,18.5
Mangal Wedha APMC,2026-06-05,1300.0,1224.0,69.0,7,6.2
Mangal Wedha APMC,2026-06-06,1500.0,1296.0,71.0,7,15.8
Mangal Wedha APMC,2026-06-07,1550.0,1374.0,65.0,7,12.8
Mangal Wedha APMC,2026-06-08,1400.0,1400.0,93.0,7,0.0
Mangal Wedha APMC,2026-06-10,1400.0,1421.0,116.0,7,-1.5
Mangal Wedha APMC,2026-06-11,1200.0,1393.0,108.0,7,-13.8
Mangal Wedha APMC,2026-06-12,1130.0,1354.0,100.0,7,-16.6
Mangal Wedha APMC,2026-06-13,1300.0,1354.0,84.0,7,-4.0
Mangal Wedha APMC,2026-06-14,1400.0,1340.0,84.0,7,4.5
Mangal Wedha APMC,2026-06-15,1300.0,1304.0,97.0,7,-0.3
Mangal Wedha APMC,2026-06-17,1350.0,1297.0,82.0,7,4.1
Mangal Wedha APMC,2026-06-19,1360.0,1291.0,67.0,7,5.3
Mangal Wedha APMC,2026-06-20,1400.0,1320.0,69.0,7,6.1
Mangal Wedha APMC,2026-06-22,1410.0,1360.0,77.0,7,3.7
Mangal Wedha APMC,2026-06-24,1930.0,1450.0,78.0,7,33.1
Mangal Wedha APMC,2026-06-25,1900.0,1521.0,78.0,7,24.9
Mangal Wedha APMC,2026-06-26,2400.0,1679.0,76.0,7,43.0
Mangal Wedha APMC,2026-06-27,2400.0,1829.0,65.0,7,31.2
Mangal Wedha APMC,2026-06-28,1910.0,1907.0,55.0,7,0.1
Mangal Wedha APMC,2026-06-29,2400.0,2050.0,104.0,7,17.1
Nasik APMC,2024-06-01,1650.0,1650.0,5025.0,1,0.0
Nasik APMC,2024-06-03,1700.0,1675.0,5401.0,2,1.5
Nasik APMC,2024-06-04,1800.0,1717.0,4269.0,3,4.9
Nasik APMC,2024-06-05,1950.0,1775.0,3952.0,4,9.9
Nasik APMC,2024-06-06,2000.0,1820.0,3769.0,5,9.9
Nasik APMC,2024-06-07,2050.0,1858.0,3569.0,6,10.3
Nasik APMC,2024-06-08,2300.0,1921.0,3455.0,7,19.7
Nasik APMC,2024-06-10,2600.0,2057.0,3382.0,7,26.4
Nasik APMC,2024-06-11,2150.0,2121.0,3166.0,7,1.3
Nasik APMC,2024-06-12,2150.0,2171.0,3503.0,7,-1.0
Nasik APMC,2024-06-13,2250.0,2214.0,3523.0,7,1.6
Nasik APMC,2024-06-14,2350.0,2264.0,3429.0,7,3.8
Nasik APMC,2024-06-15,2500.0,2329.0,3453.0,7,7.4
Nasik APMC,2024-06-17,2500.0,2357.0,3337.0,7,6.1
Nasik APMC,2024-06-19,2700.0,2371.0,3077.0,7,13.9
Nasik APMC,2024-06-21,2800.0,2464.0,2781.0,7,13.6
Nasik APMC,2024-06-22,2600.0,2529.0,2553.0,7,2.8
Nasik APMC,2024-06-24,2750.0,2600.0,2463.0,7,5.8
Nasik APMC,2024-06-25,2700.0,2650.0,2462.0,7,1.9
Nasik APMC,2024-06-26,2600.0,2664.0,2349.0,7,-2.4
Nasik APMC,2024-06-27,2700.0,2693.0,2348.0,7,0.3
Nasik APMC,2024-06-28,2650.0,2686.0,2233.0,7,-1.3
Nasik APMC,2024-06-29,2600.0,2657.0,2153.0,7,-2.2
Nasik APMC,2024-07-01,2750.0,2679.0,2112.0,7,2.7
Nasik APMC,2024-07-02,2700.0,2671.0,2090.0,7,1.1
Nasik APMC,2024-07-03,2650.0,2664.0,2173.0,7,-0.5
Nasik APMC,2024-07-04,2600.0,2664.0,2213.0,7,-2.4
Nasik APMC,2024-07-05,2600.0,2650.0,2191.0,7,-1.9
Nasik APMC,2024-07-06,2500.0,2629.0,2199.0,7,-4.9
Nasik APMC,2024-07-08,2700.0,2643.0,2258.0,7,2.2
Nasik APMC,2024-07-09,2550.0,2614.0,2131.0,7,-2.5
Nasik APMC,2024-07-10,2600.0,2600.0,2007.0,7,0.0
Nasik APMC,2024-07-11,2650.0,2600.0,1798.0,7,1.9
Nasik APMC,2024-07-12,2600.0,2600.0,1708.0,7,0.0
Nasik APMC,2024-07-13,2650.0,2607.0,1689.0,7,1.6
Nasik APMC,2024-07-15,2700.0,2636.0,1778.0,7,2.4
Nasik APMC,2024-07-16,2675.0,2632.0,1715.0,7,1.6
Nasik APMC,2024-07-17,2600.0,2639.0,1702.0,7,-1.5
Nasik APMC,2024-07-18,2725.0,2657.0,1725.0,7,2.6
Nasik APMC,2024-07-19,2750.0,2671.0,1752.0,7,2.9
Nasik APMC,2024-07-20,2700.0,2686.0,1829.0,7,0.5
Nasik APMC,2024-07-22,2675.0,2689.0,1941.0,7,-0.5
Nasik APMC,2024-07-23,2650.0,2682.0,1874.0,7,-1.2
Nasik APMC,2024-07-24,2300.0,2629.0,1982.0,7,-12.5
Nasik APMC,2024-07-25,2500.0,2614.0,2054.0,7,-4.4
Nasik APMC,2024-07-26,2450.0,2575.0,2039.0,7,-4.9
Nasik APMC,2024-07-27,2400.0,2525.0,2081.0,7,-5.0
Nasik APMC,2024-07-29,2500.0,2496.0,2030.0,7,0.1
Nasik APMC,2024-07-30,2600.0,2486.0,1922.0,7,4.6
Nasik APMC,2024-07-31,2600.0,2479.0,1930.0,7,4.9
Nasik APMC,2024-09-02,3750.0,2686.0,1852.0,7,39.6
Nasik APMC,2024-09-03,4250.0,2936.0,1842.0,7,44.8
Nasik APMC,2024-09-04,3750.0,3121.0,1977.0,7,20.1
Nasik APMC,2024-09-05,3800.0,3321.0,2055.0,7,14.4
Nasik APMC,2024-09-06,3800.0,3507.0,2227.0,7,8.4
Nasik APMC,2024-09-07,3700.0,3664.0,2225.0,7,1.0
Nasik APMC,2024-09-09,3600.0,3807.0,2267.0,7,-5.4
Nasik APMC,2024-09-10,3600.0,3786.0,2326.0,7,-4.9
Nasik APMC,2024-09-11,3750.0,3714.0,2305.0,7,1.0
Nasik APMC,2024-09-12,3800.0,3721.0,2177.0,7,2.1
Nasik APMC,2024-09-13,4000.0,3750.0,2042.0,7,6.7
Nasik APMC,2024-09-14,4500.0,3850.0,1877.0,7,16.9
Nasik APMC,2024-09-16,4300.0,3936.0,1895.0,7,9.3
Nasik APMC,2024-09-18,4300.0,4036.0,1860.0,7,6.5
Nasik APMC,2024-09-19,4350.0,4143.0,1788.0,7,5.0
Nasik APMC,2024-09-20,4650.0,4271.0,1747.0,7,8.9
Nasik APMC,2024-09-21,4300.0,4343.0,1823.0,7,-1.0
Nasik APMC,2024-09-23,4700.0,4443.0,1919.0,7,5.8
Nasik APMC,2024-09-24,4500.0,4443.0,1931.0,7,1.3
Nasik APMC,2024-09-25,4550.0,4479.0,1883.0,7,1.6
Nasik APMC,2024-09-26,3850.0,4414.0,1843.0,7,-12.8
Nasik APMC,2024-09-27,4400.0,4421.0,1849.0,7,-0.5
Nasik APMC,2024-09-28,4000.0,4329.0,1937.0,7,-7.6
Nasik APMC,2024-09-30,3800.0,4257.0,1821.0,7,-10.7
Nasik APMC,2024-10-01,3900.0,4143.0,1681.0,7,-5.9
Nasik APMC,2024-10-02,3950.0,4064.0,1540.0,7,-2.8
Nasik APMC,2024-10-03,3150.0,3864.0,1468.0,7,-18.5
Nasik APMC,2024-10-04,3800.0,3857.0,1293.0,7,-1.5
Nasik APMC,2024-10-05,2500.0,3586.0,1223.0,7,-30.3
Nasik APMC,2024-10-07,2900.0,3429.0,1064.0,7,-15.4
Nasik APMC,2024-10-09,4000.0,3457.0,1025.0,7,15.7
Nasik APMC,2024-10-10,4100.0,3486.0,950.0,7,17.6
Nasik APMC,2024-10-11,3000.0,3350.0,920.0,7,-10.4
Nasik APMC,2024-10-12,4100.0,3486.0,1019.0,7,17.6
Nasik APMC,2024-10-14,3200.0,3400.0,1087.0,7,-5.9
Nasik APMC,2024-10-15,4250.0,3650.0,1069.0,7,16.4
Nasik APMC,2024-10-16,3100.0,3679.0,1059.0,7,-15.7
Nasik APMC,2024-10-17,4250.0,3714.0,1040.0,7,14.4
Nasik APMC,2024-10-18,3200.0,3586.0,1114.0,7,-10.8
Nasik APMC,2024-10-19,3400.0,3643.0,1228.0,7,-6.7
Nasik APMC,2024-10-21,4250.0,3664.0,1180.0,7,16.0
Nasik APMC,2024-10-22,3500.0,3707.0,1133.0,7,-5.6
Nasik APMC,2024-10-23,3400.0,3586.0,1111.0,7,-5.2
Nasik APMC,2024-10-24,3300.0,3614.0,1080.0,7,-8.7
Nasik APMC,2024-10-25,4750.0,3686.0,1040.0,7,28.9
Nasik APMC,2024-10-26,4100.0,3814.0,1024.0,7,7.5
Nasik APMC,2024-10-28,3750.0,3864.0,909.0,7,-3.0
Nasik APMC,2024-10-29,3450.0,3750.0,978.0,7,-8.0
Nasik APMC,2024-10-30,3400.0,3736.0,1001.0,7,-9.0
Nasik APMC,2024-11-01,4250.0,3857.0,952.0,7,10.2
Nasik APMC,2024-11-02,4000.0,3957.0,967.0,7,1.1
Nasik APMC,2024-11-08,5000.0,3993.0,922.0,7,25.2
Nasik APMC,2024-11-09,4500.0,4050.0,853.0,7,11.1
Nasik APMC,2024-11-11,5900.0,4357.0,889.0,7,35.4
Nasik APMC,2024-11-13,4400.0,4493.0,766.0,7,-2.1
Nasik APMC,2024-11-14,5301.0,4764.0,756.0,7,11.3
Nasik APMC,2024-11-15,5000.0,4872.0,780.0,7,2.6
Nasik APMC,2024-11-16,5200.0,5043.0,842.0,7,3.1
Nasik APMC,2024-11-18,4500.0,4972.0,914.0,7,-9.5
Nasik APMC,2024-11-19,4250.0,4936.0,957.0,7,-13.9
Nasik APMC,2024-11-21,5400.0,4864.0,936.0,7,11.0
Nasik APMC,2024-11-22,5100.0,4964.0,916.0,7,2.7
Nasik APMC,2024-11-23,5000.0,4921.0,915.0,7,1.6
Nasik APMC,2024-11-25,4200.0,4807.0,960.0,7,-12.6
Nasik APMC,2024-11-26,4300.0,4679.0,953.0,7,-8.1
Nasik APMC,2024-11-27,4100.0,4621.0,975.0,7,-11.3
Nasik APMC,2024-11-28,3850.0,4564.0,989.0,7,-15.6
Nasik APMC,2024-11-30,4200.0,4393.0,1175.0,7,-4.4
Nasik APMC,2024-12-02,4000.0,4236.0,1380.0,7,-5.6
Nasik APMC,2024-12-03,3850.0,4071.0,1461.0,7,-5.4
Nasik APMC,2024-12-04,3800.0,4014.0,1566.0,7,-5.3
Nasik APMC,2024-12-07,3250.0,3864.0,1537.0,7,-15.9
Nasik APMC,2024-12-09,3900.0,3836.0,1631.0,7,1.7
Nasik APMC,2024-12-10,4000.0,3857.0,1664.0,7,3.7
Nasik APMC,2024-12-11,3900.0,3814.0,1550.0,7,2.2
Nasik APMC,2024-12-12,3500.0,3743.0,1468.0,7,-6.5
Nasik APMC,2024-12-13,3400.0,3679.0,1586.0,7,-7.6
Nasik APMC,2024-12-14,2800.0,3536.0,1805.0,7,-20.8
Nasik APMC,2024-12-16,2050.0,3364.0,2129.0,7,-39.1
Nasik APMC,2024-12-17,2170.0,3117.0,2441.0,7,-30.4
Nasik APMC,2024-12-18,1900.0,2817.0,2689.0,7,-32.6
Nasik APMC,2024-12-19,1800.0,2517.0,2954.0,7,-28.5
Nasik APMC,2024-12-20,1700.0,2260.0,3108.0,7,-24.8
Nasik APMC,2024-12-21,1600.0,2003.0,3123.0,7,-20.1
Nasik APMC,2024-12-23,1600.0,1831.0,2961.0,7,-12.6
Nasik APMC,2024-12-24,1851.0,1803.0,2826.0,7,2.7
Nasik APMC,2024-12-25,1800.0,1750.0,2478.0,7,2.8
Nasik APMC,2024-12-26,1900.0,1750.0,2319.0,7,8.6
Nasik APMC,2024-12-27,1850.0,1757.0,2107.0,7,5.3
Nasik APMC,2024-12-28,1900.0,1786.0,2020.0,7,6.4
Nasik APMC,2024-12-30,2450.0,1907.0,1997.0,7,28.5
Nasik APMC,2024-12-31,2600.0,2050.0,1935.0,7,26.8
Nasik APMC,2025-01-01,2300.0,2114.0,1875.0,7,8.8
Nasik APMC,2025-01-02,2200.0,2171.0,2013.0,7,1.3
Nasik APMC,2025-01-03,2250.0,2221.0,2052.0,7,1.3
Nasik APMC,2025-01-04,2300.0,2286.0,2251.0,7,0.6
Nasik APMC,2025-01-06,2250.0,2336.0,2411.0,7,-3.7
Nasik APMC,2025-01-07,2300.0,2314.0,2481.0,7,-0.6
Nasik APMC,2025-01-08,2350.0,2279.0,2734.0,7,3.1
Nasik APMC,2025-01-09,1900.0,2221.0,2868.0,7,-14.5
Nasik APMC,2025-01-10,1800.0,2164.0,3095.0,7,-16.8
Nasik APMC,2025-01-11,2050.0,2136.0,3438.0,7,-4.0
Nasik APMC,2025-01-13,1500.0,2021.0,3563.0,7,-25.8
Nasik APMC,2025-01-14,1975.0,1982.0,3365.0,7,-0.4
Nasik APMC,2025-01-15,1511.0,1869.0,3179.0,7,-19.2
Nasik APMC,2025-01-16,1600.0,1762.0,2926.0,7,-9.2
Nasik APMC,2025-01-17,2300.0,1819.0,2845.0,7,26.4
Nasik APMC,2025-01-18,2500.0,1919.0,2673.0,7,30.2
Nasik APMC,2025-01-20,2250.0,1948.0,2521.0,7,15.5
Nasik APMC,2025-01-21,2350.0,2069.0,2374.0,7,13.6
Nasik APMC,2025-01-22,2150.0,2094.0,2505.0,7,2.7
Nasik APMC,2025-01-23,2100.0,2179.0,2648.0,7,-3.6
Nasik APMC,2025-01-24,2600.0,2321.0,2747.0,7,12.0
Nasik APMC,2025-01-25,2250.0,2314.0,2814.0,7,-2.8
Nasik APMC,2025-01-27,1900.0,2229.0,2708.0,7,-14.7
Nasik APMC,2025-01-28,2050.0,2200.0,2571.0,7,-6.8
Nasik APMC,2025-01-29,2100.0,2164.0,2636.0,7,-3.0
Nasik APMC,2025-01-30,2200.0,2171.0,2627.0,7,1.3
Nasik APMC,2025-01-31,2300.0,2200.0,2727.0,7,4.5
Nasik APMC,2025-02-01,2250.0,2150.0,2846.0,7,4.7
Nasik APMC,2025-02-03,1850.0,2093.0,4080.0,7,-11.6
Nasik APMC,2025-02-04,2100.0,2121.0,4213.0,7,-1.0
Nasik APMC,2025-02-05,2050.0,2121.0,4193.0,7,-3.4
Nasik APMC,2025-02-06,2111.0,2123.0,4054.0,7,-0.6
Nasik APMC,2025-02-07,2101.0,2109.0,4070.0,7,-0.4
Nasik APMC,2025-02-08,2250.0,2102.0,3909.0,7,7.1
Nasik APMC,2025-02-13,2650.0,2159.0,3660.0,7,22.8
Nasik APMC,2025-02-14,2790.0,2293.0,2269.0,7,21.7
Nasik APMC,2025-02-15,2900.0,2407.0,2142.0,7,20.5
Nasik APMC,2025-02-17,2600.0,2486.0,2058.0,7,4.6
Nasik APMC,2025-02-18,2650.0,2563.0,2085.0,7,3.4
Nasik APMC,2025-02-20,2600.0,2634.0,2295.0,7,-1.3
Nasik APMC,2025-02-21,2450.0,2663.0,2409.0,7,-8.0
Nasik APMC,2025-02-22,2650.0,2663.0,2642.0,7,-0.5
Nasik APMC,2025-02-24,2500.0,2621.0,2960.0,7,-4.6
Nasik APMC,2025-02-25,2550.0,2571.0,3153.0,7,-0.8
Nasik APMC,2025-02-26,2250.0,2521.0,3162.0,7,-10.8
Nasik APMC,2025-02-27,2300.0,2471.0,3081.0,7,-6.9
Nasik APMC,2025-02-28,2400.0,2443.0,2821.0,7,-1.8
Nasik APMC,2025-03-01,2450.0,2443.0,2820.0,7,0.3
Nasik APMC,2025-03-03,2400.0,2407.0,2613.0,7,-0.3
Nasik APMC,2025-03-04,2450.0,2400.0,2498.0,7,2.1
Nasik APMC,2025-03-05,2350.0,2371.0,2465.0,7,-0.9
Nasik APMC,2025-03-06,2500.0,2407.0,2620.0,7,3.9
Nasik APMC,2025-03-07,2350.0,2414.0,2734.0,7,-2.7
Nasik APMC,2025-03-08,2200.0,2386.0,2993.0,7,-7.8
Nasik APMC,2025-03-10,1800.0,2293.0,3214.0,7,-21.5
Nasik APMC,2025-03-11,1650.0,2186.0,3663.0,7,-24.5
Nasik APMC,2025-03-12,1600.0,2064.0,3691.0,7,-22.5
Nasik APMC,2025-03-14,1400.0,1929.0,3340.0,7,-27.4
Nasik APMC,2025-03-15,1500.0,1786.0,3099.0,7,-16.0
Nasik APMC,2025-03-17,1550.0,1671.0,3042.0,7,-7.3
Nasik APMC,2025-03-18,1250.0,1536.0,2855.0,7,-18.6
Nasik APMC,2025-03-19,1300.0,1464.0,2428.0,7,-11.2
Nasik APMC,2025-03-20,1350.0,1421.0,2331.0,7,-5.0
Nasik APMC,2025-03-21,1300.0,1379.0,2294.0,7,-5.7
Nasik APMC,2025-03-22,1350.0,1371.0,2748.0,7,-1.6
Nasik APMC,2025-03-24,1300.0,1343.0,2919.0,7,-3.2
Nasik APMC,2025-03-25,1400.0,1321.0,2874.0,7,5.9
Nasik APMC,2025-03-26,1375.0,1339.0,2631.0,7,2.7
Nasik APMC,2025-03-27,1500.0,1368.0,2667.0,7,9.7
Nasik APMC,2025-03-28,1600.0,1404.0,2398.0,7,14.0
Nasik APMC,2025-03-29,1500.0,1432.0,2439.0,7,4.7
Nasik APMC,2025-04-01,1300.0,1425.0,2454.0,7,-8.8
Nasik APMC,2025-04-02,1200.0,1411.0,2463.0,7,-14.9
Nasik APMC,2025-04-04,1275.0,1393.0,2498.0,7,-8.5
Nasik APMC,2025-04-05,1300.0,1382.0,2688.0,7,-5.9
Nasik APMC,2025-04-07,1200.0,1339.0,2939.0,7,-10.4
Nasik APMC,2025-04-08,1050.0,1261.0,3054.0,7,-16.7
Nasik APMC,2025-04-09,1000.0,1189.0,2995.0,7,-15.9
Nasik APMC,2025-04-10,1250.0,1182.0,2828.0,7,5.7
Nasik APMC,2025-04-11,1200.0,1182.0,2861.0,7,1.5
Nasik APMC,2025-04-12,1151.0,1164.0,2994.0,7,-1.2
Nasik APMC,2025-04-16,1000.0,1122.0,2960.0,7,-10.8
Nasik APMC,2025-04-17,950.0,1086.0,2795.0,7,-12.5
Nasik APMC,2025-04-18,850.0,1057.0,2592.0,7,-19.6
Nasik APMC,2025-04-19,1050.0,1064.0,2493.0,7,-1.4
Nasik APMC,2025-04-22,1050.0,1036.0,2312.0,7,1.4
Nasik APMC,2025-04-23,1000.0,1007.0,2313.0,7,-0.7
Nasik APMC,2025-04-24,1050.0,993.0,2255.0,7,5.8
Nasik APMC,2025-04-25,950.0,986.0,2269.0,7,-3.6
Nasik APMC,2025-04-26,850.0,971.0,2414.0,7,-12.5
Nasik APMC,2025-04-28,950.0,986.0,2887.0,7,-3.6
Nasik APMC,2025-04-29,850.0,957.0,3158.0,7,-11.2
Nasik APMC,2025-05-02,600.0,893.0,3512.0,7,-32.8
Nasik APMC,2025-05-03,750.0,857.0,3579.0,7,-12.5
Nasik APMC,2025-05-05,820.0,824.0,3841.0,7,-0.5
Nasik APMC,2025-05-06,850.0,810.0,4036.0,7,4.9
Nasik APMC,2025-05-07,900.0,817.0,4090.0,7,10.1
Nasik APMC,2025-05-08,750.0,789.0,3817.0,7,-4.9
Nasik APMC,2025-05-09,800.0,781.0,3785.0,7,2.4
Nasik APMC,2025-05-10,900.0,824.0,3742.0,7,9.2
Nasik APMC,2025-05-12,850.0,839.0,4112.0,7,1.4
Nasik APMC,2025-05-13,800.0,836.0,4118.0,7,-4.3
Nasik APMC,2025-05-15,750.0,821.0,4266.0,7,-8.7
Nasik APMC,2025-05-16,775.0,804.0,4341.0,7,-3.6
Nasik APMC,2025-05-17,800.0,811.0,4447.0,7,-1.3
Nasik APMC,2025-05-19,775.0,807.0,4920.0,7,-4.0
Nasik APMC,2025-05-20,750.0,786.0,5013.0,7,-4.5
Nasik APMC,2025-05-21,800.0,779.0,4755.0,7,2.8
Nasik APMC,2025-05-22,750.0,771.0,4727.0,7,-2.8
Nasik APMC,2025-05-23,720.0,767.0,4562.0,7,-6.1
Nasik APMC,2025-05-24,700.0,756.0,4353.0,7,-7.5
Nasik APMC,2025-05-26,950.0,778.0,4502.0,7,22.1
Nasik APMC,2025-05-27,800.0,781.0,3996.0,7,2.4
Nasik APMC,2025-05-28,950.0,810.0,3919.0,7,17.3
Nasik APMC,2025-05-29,1000.0,839.0,3817.0,7,19.3
Nasik APMC,2025-05-30,950.0,867.0,3797.0,7,9.6
Nasik APMC,2025-05-31,1300.0,950.0,3996.0,7,36.8
Nasik APMC,2025-06-02,1000.0,993.0,4695.0,7,0.7
Nasik APMC,2025-06-03,950.0,993.0,4974.0,7,-4.3
Nasik APMC,2025-06-05,850.0,1000.0,4917.0,7,-15.0
Nasik APMC,2025-06-06,1050.0,1014.0,4749.0,7,3.5
Nasik APMC,2025-06-07,1100.0,1029.0,4611.0,7,6.9
Nasik APMC,2025-06-09,900.0,1021.0,4602.0,7,-11.9
Nasik APMC,2025-06-11,1200.0,1007.0,4331.0,7,19.1
Nasik APMC,2025-06-12,1211.0,1037.0,3774.0,7,16.7
Nasik APMC,2025-06-13,1450.0,1109.0,3373.0,7,30.8
Nasik APMC,2025-06-14,1300.0,1173.0,3399.0,7,10.8
Nasik APMC,2025-06-16,1500.0,1237.0,3592.0,7,21.2
Nasik APMC,2025-06-17,1200.0,1252.0,3788.0,7,-4.1
Nasik APMC,2025-06-18,1100.0,1280.0,3675.0,7,-14.1
Nasik APMC,2025-06-19,1050.0,1259.0,3539.0,7,-16.6
Nasik APMC,2025-06-20,1300.0,1271.0,3591.0,7,2.2
Nasik APMC,2025-06-21,1150.0,1229.0,3598.0,7,-6.4
Nasik APMC,2025-06-23,1250.0,1221.0,3822.0,7,2.3
Nasik APMC,2025-06-24,1050.0,1157.0,3822.0,7,-9.3
Nasik APMC,2025-06-25,1150.0,1150.0,3904.0,7,0.0
Nasik APMC,2025-06-26,1200.0,1164.0,3929.0,7,3.1
Nasik APMC,2025-06-28,1100.0,1171.0,4150.0,7,-6.1
Nasik APMC,2025-06-30,1150.0,1150.0,4284.0,7,0.0
Nasik APMC,2025-07-01,1100.0,1143.0,4300.0,7,-3.8
Nasik APMC,2025-07-03,900.0,1093.0,4026.0,7,-17.6
Nasik APMC,2025-07-04,800.0,1057.0,3873.0,7,-24.3
Nasik APMC,2025-07-07,850.0,1014.0,3716.0,7,-16.2
Nasik APMC,2025-07-08,1100.0,1000.0,3714.0,7,10.0
Nasik APMC,2025-07-09,1200.0,1014.0,3678.0,7,18.3
Nasik APMC,2025-07-10,1300.0,1036.0,3399.0,7,25.5
Nasik APMC,2025-07-11,1250.0,1057.0,3255.0,7,18.2
Nasik APMC,2025-07-12,1100.0,1086.0,3323.0,7,1.3
Nasik APMC,2025-07-14,1300.0,1157.0,3494.0,7,12.3
Nasik APMC,2025-07-15,1100.0,1193.0,3632.0,7,-7.8
Nasik APMC,2025-07-16,1050.0,1186.0,3599.0,7,-11.4
Nasik APMC,2025-07-17,900.0,1143.0,3535.0,7,-21.3
Nasik APMC,2025-07-18,750.0,1064.0,3836.0,7,-29.5
Nasik APMC,2025-07-19,850.0,1007.0,3945.0,7,-15.6
Nasik APMC,2025-07-21,1100.0,1007.0,3939.0,7,9.2
Nasik APMC,2025-07-22,1000.0,964.0,3884.0,7,3.7
Nasik APMC,2025-07-24,820.0,924.0,3574.0,7,-11.3
Nasik APMC,2025-07-25,800.0,889.0,3430.0,7,-10.0
Nasik APMC,2025-07-28,950.0,896.0,3479.0,7,6.1
Nasik APMC,2025-07-29,850.0,910.0,3098.0,7,-6.6
Nasik APMC,2025-07-30,800.0,903.0,2836.0,7,-11.4
Nasik APMC,2025-07-31,750.0,853.0,2673.0,7,-12.1
Nasik APMC,2025-08-01,725.0,814.0,2487.0,7,-10.9
Nasik APMC,2025-08-02,750.0,804.0,2596.0,7,-6.7
Nasik APMC,2025-08-04,850.0,811.0,2704.0,7,4.8
Nasik APMC,2025-08-05,830.0,794.0,2717.0,7,4.6
Nasik APMC,2025-08-06,900.0,801.0,2839.0,7,12.4
Nasik APMC,2025-08-07,875.0,811.0,3022.0,7,7.8
Nasik APMC,2025-08-08,750.0,811.0,3259.0,7,-7.6
Nasik APMC,2025-08-11,900.0,836.0,3248.0,7,7.6
Nasik APMC,2025-08-12,950.0,865.0,3132.0,7,9.8
Nasik APMC,2025-08-13,1250.0,922.0,2944.0,7,35.6
Nasik APMC,2025-08-14,1200.0,975.0,2750.0,7,23.1
Nasik APMC,2025-08-16,1300.0,1032.0,2946.0,7,26.0
Nasik APMC,2025-08-19,1351.0,1100.0,3008.0,7,22.8
Nasik APMC,2025-08-20,1150.0,1157.0,2803.0,7,-0.6
Nasik APMC,2025-08-22,1300.0,1214.0,2847.0,7,7.0
Nasik APMC,2025-08-23,1100.0,1236.0,3136.0,7,-11.0
Nasik APMC,2025-08-25,1201.0,1229.0,3516.0,7,-2.3
Nasik APMC,2025-08-26,1100.0,1215.0,3957.0,7,-9.4
Nasik APMC,2025-08-27,1075.0,1182.0,3632.0,7,-9.1
Nasik APMC,2025-08-28,1050.0,1139.0,3543.0,7,-7.8
Nasik APMC,2025-08-29,1000.0,1118.0,3674.0,7,-10.6
Nasik APMC,2025-09-01,850.0,1054.0,3839.0,7,-19.3
Nasik APMC,2025-09-02,900.0,1025.0,3788.0,7,-12.2
Nasik APMC,2025-09-03,800.0,968.0,3635.0,7,-17.3
Nasik APMC,2025-09-04,850.0,932.0,3349.0,7,-8.8
Nasik APMC,2025-09-05,800.0,893.0,3412.0,7,-10.4
Nasik APMC,2025-09-08,800.0,857.0,3540.0,7,-6.7
Nasik APMC,2025-09-09,1000.0,857.0,3596.0,7,16.7
Nasik APMC,2025-09-10,1050.0,886.0,3473.0,7,18.5
Nasik APMC,2025-09-11,1000.0,900.0,3413.0,7,11.1
Nasik APMC,2025-09-12,1000.0,929.0,3411.0,7,7.7
Nasik APMC,2025-09-13,1011.0,952.0,3474.0,7,6.2
Nasik APMC,2025-09-15,1000.0,980.0,3452.0,7,2.0
Nasik APMC,2025-09-16,1020.0,1012.0,3260.0,7,0.8
Nasik APMC,2025-09-17,900.0,997.0,3098.0,7,-9.8
Nasik APMC,2025-09-18,850.0,969.0,3164.0,7,-12.3
Nasik APMC,2025-09-19,850.0,947.0,3061.0,7,-10.3
Nasik APMC,2025-09-20,825.0,922.0,3005.0,7,-10.5
Nasik APMC,2025-09-22,850.0,899.0,2869.0,7,-5.5
Nasik APMC,2025-09-23,860.0,879.0,2774.0,7,-2.2
Nasik APMC,2025-09-24,850.0,855.0,2823.0,7,-0.6
Nasik APMC,2025-09-25,1000.0,869.0,2807.0,7,15.0
Nasik APMC,2025-09-26,1050.0,898.0,2725.0,7,16.9
Nasik APMC,2025-09-27,900.0,905.0,2730.0,7,-0.6
Nasik APMC,2025-09-29,850.0,909.0,2602.0,7,-6.4
Nasik APMC,2025-09-30,820.0,904.0,2451.0,7,-9.3
Nasik APMC,2025-10-02,850.0,903.0,2354.0,7,-5.9
Nasik APMC,2025-10-03,1100.0,939.0,2085.0,7,17.2
Nasik APMC,2025-10-04,1200.0,967.0,2130.0,7,24.1
Nasik APMC,2025-10-06,1100.0,974.0,2333.0,7,12.9
Nasik APMC,2025-10-07,1150.0,1010.0,2521.0,7,13.9
Nasik APMC,2025-10-08,900.0,1017.0,2777.0,7,-11.5
Nasik APMC,2025-10-09,850.0,1021.0,3062.0,7,-16.8
Nasik APMC,2025-10-11,800.0,1014.0,3545.0,7,-21.1
Nasik APMC,2025-10-13,750.0,964.0,3902.0,7,-22.2
Nasik APMC,2025-10-14,800.0,907.0,4008.0,7,-11.8
Nasik APMC,2025-10-15,801.0,864.0,3914.0,7,-7.3
Nasik APMC,2025-10-16,780.0,812.0,3755.0,7,-3.9
Nasik APMC,2025-10-18,850.0,804.0,3503.0,7,5.7
Nasik APMC,2025-10-28,1250.0,862.0,3267.0,7,45.1
Nasik APMC,2025-10-29,1300.0,933.0,2825.0,7,39.3
Nasik APMC,2025-10-30,1250.0,1004.0,2544.0,7,24.4
Nasik APMC,2025-10-31,1300.0,1076.0,2317.0,7,20.8
Nasik APMC,2025-11-01,1301.0,1147.0,2161.0,7,13.4
Nasik APMC,2025-11-03,1300.0,1222.0,2203.0,7,6.4
Nasik APMC,2025-11-07,1300.0,1286.0,2165.0,7,1.1
Nasik APMC,2025-11-08,1400.0,1307.0,2213.0,7,7.1
Nasik APMC,2025-11-10,1350.0,1314.0,2229.0,7,2.7
Nasik APMC,2025-11-11,1375.0,1332.0,2310.0,7,3.2
Nasik APMC,2025-11-12,1300.0,1332.0,2212.0,7,-2.4
Nasik APMC,2025-11-13,1275.0,1329.0,2104.0,7,-4.0
Nasik APMC,2025-11-14,1250.0,1321.0,1943.0,7,-5.4
Nasik APMC,2025-11-15,1300.0,1321.0,1953.0,7,-1.6
Nasik APMC,2025-11-17,1200.0,1293.0,1860.0,7,-7.2
Nasik APMC,2025-11-18,1150.0,1264.0,1807.0,7,-9.0
Nasik APMC,2025-11-19,1300.0,1254.0,1700.0,7,3.7
Nasik APMC,2025-11-20,1250.0,1246.0,1758.0,7,0.3
Nasik APMC,2025-11-21,1000.0,1207.0,1738.0,7,-17.2
Nasik APMC,2025-11-22,1100.0,1186.0,1736.0,7,-7.2
Nasik APMC,2025-11-24,1150.0,1164.0,1660.0,7,-1.2
Nasik APMC,2025-11-25,1050.0,1143.0,1608.0,7,-8.1
Nasik APMC,2025-11-26,1000.0,1121.0,1576.0,7,-10.8
Nasik APMC,2025-11-27,900.0,1064.0,1517.0,7,-15.4
Nasik APMC,2025-11-28,920.0,1017.0,1383.0,7,-9.6
Nasik APMC,2025-11-29,850.0,996.0,1397.0,7,-14.6
Nasik APMC,2025-12-01,850.0,960.0,1330.0,7,-11.5
Nasik APMC,2025-12-02,800.0,910.0,1344.0,7,-12.1
Nasik APMC,2025-12-03,850.0,881.0,1321.0,7,-3.6
Nasik APMC,2025-12-04,800.0,853.0,1295.0,7,-6.2
Nasik APMC,2025-12-05,800.0,839.0,1228.0,7,-4.6
Nasik APMC,2025-12-06,850.0,829.0,1234.0,7,2.6
Nasik APMC,2025-12-08,900.0,836.0,1168.0,7,7.7
Nasik APMC,2025-12-09,950.0,850.0,1101.0,7,11.8
Nasik APMC,2025-12-10,1050.0,886.0,980.0,7,18.5
Nasik APMC,2025-12-11,1100.0,921.0,908.0,7,19.4
Nasik APMC,2025-12-12,1450.0,1014.0,813.0,7,43.0
Nasik APMC,2025-12-13,1100.0,1057.0,821.0,7,4.1
Nasik APMC,2025-12-15,1600.0,1164.0,746.0,7,37.4
Nasik APMC,2025-12-16,1350.0,1229.0,657.0,7,9.9
Nasik APMC,2025-12-17,1850.0,1357.0,571.0,7,36.3
Nasik APMC,2025-12-18,1800.0,1464.0,553.0,7,22.9
Nasik APMC,2025-12-19,1700.0,1550.0,573.0,7,9.7
Nasik APMC,2025-12-20,1400.0,1543.0,719.0,7,-9.3
Nasik APMC,2025-12-22,1200.0,1557.0,702.0,7,-22.9
Nasik APMC,2025-12-23,1250.0,1507.0,776.0,7,-17.1
Nasik APMC,2025-12-24,1350.0,1507.0,783.0,7,-10.4
Nasik APMC,2025-12-25,1500.0,1457.0,816.0,7,2.9
Nasik APMC,2025-12-27,1200.0,1371.0,773.0,7,-12.5
Nasik APMC,2025-12-29,1850.0,1393.0,903.0,7,32.8
Nasik APMC,2025-12-30,1800.0,1450.0,936.0,7,24.1
Nasik APMC,2025-12-31,1350.0,1471.0,862.0,7,-8.3
Nasik APMC,2026-01-01,1700.0,1536.0,1057.0,7,10.7
Nasik APMC,2026-01-02,1800.0,1600.0,1299.0,7,12.5
Nasik APMC,2026-01-03,1700.0,1629.0,1663.0,7,4.4
Nasik APMC,2026-01-05,1650.0,1693.0,2102.0,7,-2.5
Nasik APMC,2026-01-06,1500.0,1643.0,2212.0,7,-8.7
Nasik APMC,2026-01-07,1400.0,1586.0,2327.0,7,-11.7
Nasik APMC,2026-01-08,1375.0,1589.0,2655.0,7,-13.5
Nasik APMC,2026-01-09,1400.0,1546.0,2668.0,7,-9.5
Nasik APMC,2026-01-10,1450.0,1496.0,2729.0,7,-3.1
Nasik APMC,2026-01-12,1250.0,1432.0,2662.0,7,-12.7
Nasik APMC,2026-01-13,1300.0,1382.0,2625.0,7,-5.9
Nasik APMC,2026-01-16,1200.0,1339.0,2531.0,7,-10.4
Nasik APMC,2026-01-17,1250.0,1318.0,2549.0,7,-5.1
Nasik APMC,2026-01-19,1350.0,1314.0,2685.0,7,2.7
Nasik APMC,2026-01-20,1300.0,1300.0,2754.0,7,0.0
Nasik APMC,2026-01-21,1350.0,1286.0,2842.0,7,5.0
Nasik APMC,2026-01-22,1300.0,1293.0,3031.0,7,0.6
Nasik APMC,2026-01-23,1250.0,1286.0,3247.0,7,-2.8
Nasik APMC,2026-01-24,1300.0,1300.0,3672.0,7,0.0
Nasik APMC,2026-01-27,1200.0,1293.0,3803.0,7,-7.2
Nasik APMC,2026-01-28,1100.0,1257.0,3919.0,7,-12.5
Nasik APMC,2026-01-30,1100.0,1229.0,4339.0,7,-10.5
Nasik APMC,2026-02-04,1050.0,1186.0,4462.0,7,-11.4
Nasik APMC,2026-02-05,1100.0,1157.0,4392.0,7,-4.9
Nasik APMC,2026-02-06,1150.0,1143.0,4205.0,7,0.6
Nasik APMC,2026-02-07,1100.0,1114.0,4008.0,7,-1.3
Nasik APMC,2026-02-09,1100.0,1100.0,3953.0,7,0.0
Nasik APMC,2026-02-10,1300.0,1129.0,3768.0,7,15.2
Nasik APMC,2026-02-11,1100.0,1129.0,3373.0,7,-2.5
Nasik APMC,2026-02-12,1150.0,1143.0,3256.0,7,0.6
Nasik APMC,2026-02-13,1100.0,1143.0,3243.0,7,-3.8
Nasik APMC,2026-02-14,1150.0,1143.0,3287.0,7,0.6
Nasik APMC,2026-02-16,1100.0,1143.0,3132.0,7,-3.8
Nasik APMC,2026-02-17,1050.0,1136.0,3074.0,7,-7.5
Nasik APMC,2026-02-18,1150.0,1114.0,3249.0,7,3.2
Nasik APMC,2026-02-20,1200.0,1129.0,3617.0,7,6.3
Nasik APMC,2026-02-21,1350.0,1157.0,3758.0,7,16.7
Nasik APMC,2026-02-23,1100.0,1157.0,3952.0,7,-4.9
Nasik APMC,2026-02-24,1150.0,1157.0,4112.0,7,-0.6
Nasik APMC,2026-02-25,800.0,1114.0,4372.0,7,-28.2
Nasik APMC,2026-02-26,1000.0,1107.0,4590.0,7,-9.7
Nasik APMC,2026-02-27,1050.0,1093.0,4437.0,7,-3.9
Nasik APMC,2026-02-28,950.0,1057.0,4283.0,7,-10.1
Nasik APMC,2026-03-02,1000.0,1007.0,4061.0,7,-0.7
Nasik APMC,2026-03-03,950.0,986.0,3563.0,7,-3.6
Nasik APMC,2026-03-04,900.0,950.0,3248.0,7,-5.3
Nasik APMC,2026-03-05,800.0,950.0,3035.0,7,-15.8
Nasik APMC,2026-03-07,850.0,929.0,2868.0,7,-8.5
Nasik APMC,2026-03-09,800.0,893.0,2697.0,7,-10.4
Nasik APMC,2026-03-10,821.0,874.0,2358.0,7,-6.1
Nasik APMC,2026-03-11,775.0,842.0,2187.0,7,-8.0
Nasik APMC,2026-03-12,800.0,821.0,2365.0,7,-2.5
Nasik APMC,2026-03-13,755.0,800.0,2350.0,7,-5.6
Nasik APMC,2026-03-14,850.0,807.0,2342.0,7,5.3
Nasik APMC,2026-03-16,850.0,807.0,2324.0,7,5.3
Nasik APMC,2026-03-17,820.0,810.0,2448.0,7,1.2
Nasik APMC,2026-03-18,800.0,807.0,2565.0,7,-0.9
Nasik APMC,2026-03-20,750.0,804.0,2849.0,7,-6.7
Nasik APMC,2026-03-23,850.0,811.0,3144.0,7,4.8
Nasik APMC,2026-03-24,800.0,817.0,3281.0,7,-2.1
Nasik APMC,2026-03-26,750.0,803.0,3227.0,7,-6.6
Nasik APMC,2026-03-28,811.0,797.0,3090.0,7,1.7
Nasik APMC,2026-03-30,900.0,809.0,3044.0,7,11.3
Nasik APMC,2026-03-31,800.0,809.0,2823.0,7,-1.1
Nasik APMC,2026-04-01,750.0,809.0,2542.0,7,-7.3
Nasik APMC,2026-04-02,800.0,802.0,2176.0,7,-0.2
Nasik APMC,2026-04-03,1100.0,844.0,1880.0,7,30.3
Nasik APMC,2026-04-04,1150.0,902.0,1826.0,7,27.6
Nasik APMC,2026-04-06,1050.0,936.0,1989.0,7,12.2
Nasik APMC,2026-04-07,1100.0,964.0,2102.0,7,14.1
Nasik APMC,2026-04-08,1000.0,993.0,2307.0,7,0.7
Nasik APMC,2026-04-09,950.0,1021.0,2412.0,7,-7.0
Nasik APMC,2026-04-10,900.0,1036.0,2460.0,7,-13.1
Nasik APMC,2026-04-13,811.0,994.0,2723.0,7,-18.4
Nasik APMC,2026-04-15,800.0,944.0,3035.0,7,-15.3
Nasik APMC,2026-04-16,775.0,905.0,3030.0,7,-14.4
Nasik APMC,2026-04-17,780.0,859.0,3024.0,7,-9.2
Nasik APMC,2026-04-18,750.0,824.0,3200.0,7,-8.9
Nasik APMC,2026-04-20,750.0,795.0,3243.0,7,-5.7
Nasik APMC,2026-04-21,720.0,769.0,3207.0,7,-6.4
Nasik APMC,2026-04-22,700.0,754.0,2975.0,7,-7.1
Nasik APMC,2026-04-23,700.0,739.0,2606.0,7,-5.3
Nasik APMC,2026-04-24,750.0,736.0,2424.0,7,1.9
Nasik APMC,2026-04-25,730.0,729.0,2296.0,7,0.2
Nasik APMC,2026-04-27,750.0,729.0,2070.0,7,2.9
Nasik APMC,2026-04-28,800.0,736.0,1948.0,7,8.7
Nasik APMC,2026-04-29,750.0,740.0,1920.0,7,1.4
Nasik APMC,2026-04-30,775.0,751.0,1980.0,7,3.2
Nasik APMC,2026-05-02,800.0,765.0,2280.0,7,4.6
Nasik APMC,2026-05-04,1100.0,815.0,2568.0,7,35.0
Nasik APMC,2026-05-05,1050.0,861.0,2866.0,7,22.0
Nasik APMC,2026-05-06,1000.0,896.0,3064.0,7,11.6
Nasik APMC,2026-05-07,900.0,911.0,3286.0,7,-1.2
Nasik APMC,2026-05-08,850.0,925.0,3616.0,7,-8.1
Nasik APMC,2026-05-09,800.0,929.0,3859.0,7,-13.8
Nasik APMC,2026-05-11,850.0,936.0,3997.0,7,-9.2
Nasik APMC,2026-05-12,800.0,893.0,4092.0,7,-10.4
Nasik APMC,2026-05-13,850.0,864.0,3851.0,7,-1.7
Nasik APMC,2026-05-14,850.0,843.0,3669.0,7,0.8
Nasik APMC,2026-05-15,800.0,829.0,3576.0,7,-3.4
Nasik APMC,2026-05-16,775.0,818.0,3509.0,7,-5.2
Nasik APMC,2026-05-18,800.0,818.0,3767.0,7,-2.2
Nasik APMC,2026-05-19,750.0,804.0,3838.0,7,-6.7
Nasik APMC,2026-05-20,850.0,811.0,3949.0,7,4.8
Nasik APMC,2026-05-21,830.0,808.0,4232.0,7,2.7
Nasik APMC,2026-05-22,800.0,801.0,4481.0,7,-0.1
Nasik APMC,2026-05-23,820.0,804.0,4694.0,7,2.0
Nasik APMC,2026-05-28,900.0,821.0,4662.0,7,9.6
Nasik APMC,2026-05-29,851.0,829.0,4399.0,7,2.7
Nasik APMC,2026-05-30,1250.0,900.0,4177.0,7,38.9
Nasik APMC,2026-06-01,1400.0,979.0,4183.0,7,43.0
Nasik APMC,2026-06-02,1300.0,1046.0,4221.0,7,24.3
Nasik APMC,2026-06-03,1450.0,1139.0,4356.0,7,27.3
Nasik APMC,2026-06-04,1400.0,1222.0,4385.0,7,14.6
Nasik APMC,2026-06-05,1350.0,1286.0,4654.0,7,5.0
Nasik APMC,2026-06-06,1320.0,1353.0,4909.0,7,-2.4
Nasik APMC,2026-06-08,1450.0,1381.0,5162.0,7,5.0
Nasik APMC,2026-06-09,1350.0,1374.0,5097.0,7,-1.8
Nasik APMC,2026-06-10,1450.0,1396.0,5092.0,7,3.9
Nasik APMC,2026-06-11,1400.0,1389.0,4891.0,7,0.8
Nasik APMC,2026-06-12,1430.0,1393.0,4832.0,7,2.7
Nasik APMC,2026-06-13,1350.0,1393.0,4543.0,7,-3.1
Nasik APMC,2026-06-15,1300.0,1390.0,4306.0,7,-6.5
Nasik APMC,2026-06-16,1350.0,1376.0,4082.0,7,-1.9
Nasik APMC,2026-06-18,1600.0,1411.0,3829.0,7,13.4
Nasik APMC,2026-06-19,1700.0,1447.0,3619.0,7,17.5
Nasik APMC,2026-06-20,1800.0,1504.0,3503.0,7,19.7
Nasik APMC,2026-06-22,1650.0,1536.0,3494.0,7,7.4
Nasik APMC,2026-06-23,1800.0,1600.0,3547.0,7,12.5
Nasik APMC,2026-06-24,1850.0,1679.0,3498.0,7,10.2
Nasik APMC,2026-06-25,1900.0,1757.0,3505.0,7,8.1
Nasik APMC,2026-06-26,1850.0,1793.0,3732.0,7,3.2
Nasik APMC,2026-06-27,1950.0,1829.0,3859.0,7,6.6
Nasik APMC,2026-06-30,1950.0,1850.0,4172.0,7,5.4
Pimpalgaon Baswant APMC,2024-06-01,2000.0,2000.0,13544.0,1,0.0
Pimpalgaon Baswant APMC,2024-06-03,2100.0,2050.0,15215.0,2,2.4
Pimpalgaon Baswant APMC,2024-06-04,2051.0,2050.0,12904.0,3,0.0
Pimpalgaon Baswant APMC,2024-06-05,2225.0,2094.0,12447.0,4,6.3
Pimpalgaon Baswant APMC,2024-06-06,2351.0,2145.0,12702.0,5,9.6
Pimpalgaon Baswant APMC,2024-06-07,2451.0,2196.0,12698.0,6,11.6
Pimpalgaon Baswant APMC,2024-06-08,2550.0,2247.0,11939.0,7,13.5
Pimpalgaon Baswant APMC,2024-06-10,2650.0,2340.0,12635.0,7,13.3
Pimpalgaon Baswant APMC,2024-06-11,2500.0,2397.0,13048.0,7,4.3
Pimpalgaon Baswant APMC,2024-06-12,2400.0,2447.0,14179.0,7,-1.9
Pimpalgaon Baswant APMC,2024-06-13,2500.0,2486.0,14654.0,7,0.6
Pimpalgaon Baswant APMC,2024-06-14,2625.0,2525.0,14494.0,7,4.0
Pimpalgaon Baswant APMC,2024-06-15,2700.0,2561.0,14397.0,7,5.4
Pimpalgaon Baswant APMC,2024-06-17,2750.0,2589.0,14885.0,7,6.2
Pimpalgaon Baswant APMC,2024-06-18,2850.0,2618.0,14697.0,7,8.9
Pimpalgaon Baswant APMC,2024-06-19,3050.0,2696.0,14186.0,7,13.1
Pimpalgaon Baswant APMC,2024-06-20,3150.0,2804.0,14071.0,7,12.4
Pimpalgaon Baswant APMC,2024-06-21,3100.0,2889.0,15357.0,7,7.3
Pimpalgaon Baswant APMC,2024-06-22,3050.0,2950.0,16371.0,7,3.4
Pimpalgaon Baswant APMC,2024-06-24,3250.0,3029.0,17229.0,7,7.3
Pimpalgaon Baswant APMC,2024-06-25,3250.0,3100.0,18257.0,7,4.8
Pimpalgaon Baswant APMC,2024-06-26,3000.0,3121.0,18643.0,7,-3.9
Pimpalgaon Baswant APMC,2024-06-27,2900.0,3100.0,18771.0,7,-6.5
Pimpalgaon Baswant APMC,2024-06-28,2850.0,3057.0,18500.0,7,-6.8
Pimpalgaon Baswant APMC,2024-06-29,3000.0,3043.0,16543.0,7,-1.4
Pimpalgaon Baswant APMC,2024-07-01,3100.0,3050.0,16052.0,7,1.6
Pimpalgaon Baswant APMC,2024-07-02,2950.0,3007.0,16152.0,7,-1.9
Pimpalgaon Baswant APMC,2024-07-03,2950.0,2964.0,15971.0,7,-0.5
Pimpalgaon Baswant APMC,2024-07-04,2900.0,2950.0,15602.0,7,-1.7
Pimpalgaon Baswant APMC,2024-07-05,2900.0,2950.0,15408.0,7,-1.7
Pimpalgaon Baswant APMC,2024-07-06,2850.0,2950.0,15013.0,7,-3.4
Pimpalgaon Baswant APMC,2024-07-08,2850.0,2929.0,16218.0,7,-2.7
Pimpalgaon Baswant APMC,2024-07-09,2850.0,2893.0,15580.0,7,-1.5
Pimpalgaon Baswant APMC,2024-07-10,2900.0,2886.0,14302.0,7,0.5
Pimpalgaon Baswant APMC,2024-07-11,2850.0,2871.0,13837.0,7,-0.7
Pimpalgaon Baswant APMC,2024-07-12,2800.0,2857.0,13307.0,7,-2.0
Pimpalgaon Baswant APMC,2024-07-13,2850.0,2850.0,12429.0,7,0.0
Pimpalgaon Baswant APMC,2024-07-15,2800.0,2843.0,13081.0,7,-1.5
Pimpalgaon Baswant APMC,2024-07-16,2800.0,2836.0,12547.0,7,-1.3
Pimpalgaon Baswant APMC,2024-07-18,2750.0,2821.0,12919.0,7,-2.5
Pimpalgaon Baswant APMC,2024-07-19,2700.0,2793.0,13510.0,7,-3.3
Pimpalgaon Baswant APMC,2024-07-20,2700.0,2771.0,13413.0,7,-2.6
Pimpalgaon Baswant APMC,2024-07-22,2750.0,2764.0,13027.0,7,-0.5
Pimpalgaon Baswant APMC,2024-07-23,2775.0,2754.0,13456.0,7,0.8
Pimpalgaon Baswant APMC,2024-07-24,2750.0,2746.0,12942.0,7,0.1
Pimpalgaon Baswant APMC,2024-07-25,2725.0,2736.0,12556.0,7,-0.4
Pimpalgaon Baswant APMC,2024-07-26,2680.0,2726.0,12299.0,7,-1.7
Pimpalgaon Baswant APMC,2024-07-27,2650.0,2719.0,11743.0,7,-2.5
Pimpalgaon Baswant APMC,2024-07-29,2750.0,2726.0,11586.0,7,0.9
Pimpalgaon Baswant APMC,2024-07-30,2725.0,2722.0,11714.0,7,0.1
Pimpalgaon Baswant APMC,2024-07-31,2750.0,2719.0,11448.0,7,1.2
Pimpalgaon Baswant APMC,2024-09-03,3900.0,2883.0,11751.0,7,35.3
Pimpalgaon Baswant APMC,2024-09-04,3900.0,3051.0,11954.0,7,27.8
Pimpalgaon Baswant APMC,2024-09-05,4000.0,3239.0,12300.0,7,23.5
Pimpalgaon Baswant APMC,2024-09-06,3900.0,3418.0,12881.0,7,14.1
Pimpalgaon Baswant APMC,2024-09-09,3751.0,3561.0,13442.0,7,5.3
Pimpalgaon Baswant APMC,2024-09-10,3750.0,3707.0,12853.0,7,1.2
Pimpalgaon Baswant APMC,2024-09-11,3900.0,3872.0,12650.0,7,0.7
Pimpalgaon Baswant APMC,2024-09-12,4100.0,3900.0,11995.0,7,5.1
Pimpalgaon Baswant APMC,2024-09-13,4050.0,3922.0,11572.0,7,3.3
Pimpalgaon Baswant APMC,2024-09-14,4400.0,3979.0,10627.0,7,10.6
Pimpalgaon Baswant APMC,2024-09-16,4700.0,4093.0,9632.0,7,14.8
Pimpalgaon Baswant APMC,2024-09-18,4500.0,4200.0,8538.0,7,7.1
Pimpalgaon Baswant APMC,2024-09-19,4750.0,4343.0,8523.0,7,9.4
Pimpalgaon Baswant APMC,2024-09-20,4825.0,4475.0,8489.0,7,7.8
Pimpalgaon Baswant APMC,2024-09-21,4651.0,4554.0,8249.0,7,2.1
Pimpalgaon Baswant APMC,2024-09-23,4700.0,4647.0,7916.0,7,1.1
Pimpalgaon Baswant APMC,2024-09-24,4800.0,4704.0,8005.0,7,2.0
Pimpalgaon Baswant APMC,2024-09-26,4700.0,4704.0,8729.0,7,-0.1
Pimpalgaon Baswant APMC,2024-09-27,4500.0,4704.0,8889.0,7,-4.3
Pimpalgaon Baswant APMC,2024-09-28,4351.0,4647.0,8764.0,7,-6.4
Pimpalgaon Baswant APMC,2024-09-30,4100.0,4543.0,8476.0,7,-9.8
Pimpalgaon Baswant APMC,2024-10-01,4200.0,4479.0,8169.0,7,-6.2
Pimpalgaon Baswant APMC,2024-10-03,4400.0,4436.0,7687.0,7,-0.8
Pimpalgaon Baswant APMC,2024-10-04,4600.0,4407.0,7061.0,7,4.4
Pimpalgaon Baswant APMC,2024-10-05,4500.0,4379.0,6024.0,7,2.8
Pimpalgaon Baswant APMC,2024-10-09,4150.0,4329.0,5618.0,7,-4.1
Pimpalgaon Baswant APMC,2024-10-10,4300.0,4321.0,5322.0,7,-0.5
Pimpalgaon Baswant APMC,2024-10-11,4400.0,4364.0,5105.0,7,0.8
Pimpalgaon Baswant APMC,2024-10-12,4200.0,4364.0,5012.0,7,-3.8
Pimpalgaon Baswant APMC,2024-10-14,4350.0,4357.0,5108.0,7,-0.2
Pimpalgaon Baswant APMC,2024-10-15,4100.0,4286.0,5410.0,7,-4.3
Pimpalgaon Baswant APMC,2024-10-16,4150.0,4236.0,5431.0,7,-2.0
Pimpalgaon Baswant APMC,2024-10-17,4200.0,4243.0,5193.0,7,-1.0
Pimpalgaon Baswant APMC,2024-10-18,4300.0,4243.0,5372.0,7,1.3
Pimpalgaon Baswant APMC,2024-10-19,4300.0,4229.0,5346.0,7,1.7
Pimpalgaon Baswant APMC,2024-10-21,4351.0,4250.0,5500.0,7,2.4
Pimpalgaon Baswant APMC,2024-10-22,4500.0,4272.0,5612.0,7,5.3
Pimpalgaon Baswant APMC,2024-10-23,4600.0,4343.0,5469.0,7,5.9
Pimpalgaon Baswant APMC,2024-10-24,4600.0,4407.0,5590.0,7,4.4
Pimpalgaon Baswant APMC,2024-10-25,4450.0,4443.0,5895.0,7,0.2
Pimpalgaon Baswant APMC,2024-10-26,4400.0,4457.0,5804.0,7,-1.3
Pimpalgaon Baswant APMC,2024-10-28,4500.0,4486.0,5984.0,7,0.3
Pimpalgaon Baswant APMC,2024-11-04,4600.0,4521.0,5339.0,7,1.7
Pimpalgaon Baswant APMC,2024-11-05,5251.0,4629.0,4732.0,7,13.4
Pimpalgaon Baswant APMC,2024-11-06,3500.0,4472.0,4275.0,7,-21.7
Pimpalgaon Baswant APMC,2024-11-07,5800.0,4643.0,3892.0,7,24.9
Pimpalgaon Baswant APMC,2024-11-08,5850.0,4843.0,3465.0,7,20.8
Pimpalgaon Baswant APMC,2024-11-09,4000.0,4786.0,3296.0,7,-16.4
Pimpalgaon Baswant APMC,2024-11-11,4000.0,4714.0,3148.0,7,-15.2
Pimpalgaon Baswant APMC,2024-11-12,3800.0,4600.0,3595.0,7,-17.4
Pimpalgaon Baswant APMC,2024-11-13,3500.0,4350.0,4000.0,7,-19.5
Pimpalgaon Baswant APMC,2024-11-14,5500.0,4636.0,4154.0,7,18.6
Pimpalgaon Baswant APMC,2024-11-15,4051.0,4386.0,4230.0,7,-7.6
Pimpalgaon Baswant APMC,2024-11-16,3900.0,4107.0,4287.0,7,-5.0
Pimpalgaon Baswant APMC,2024-11-18,5550.0,4329.0,4463.0,7,28.2
Pimpalgaon Baswant APMC,2024-11-19,5400.0,4529.0,4395.0,7,19.2
Pimpalgaon Baswant APMC,2024-11-21,5700.0,4800.0,4160.0,7,18.7
Pimpalgaon Baswant APMC,2024-11-22,4200.0,4900.0,4106.0,7,-14.3
Pimpalgaon Baswant APMC,2024-11-23,5650.0,4922.0,3944.0,7,14.8
Pimpalgaon Baswant APMC,2024-11-25,5700.0,5157.0,4134.0,7,10.5
Pimpalgaon Baswant APMC,2024-11-26,5851.0,5436.0,4313.0,7,7.6
Pimpalgaon Baswant APMC,2024-11-27,5700.0,5457.0,4169.0,7,4.4
Pimpalgaon Baswant APMC,2024-11-28,4100.0,5272.0,4062.0,7,-22.2
Pimpalgaon Baswant APMC,2024-11-30,6001.0,5315.0,4622.0,7,12.9
Pimpalgaon Baswant APMC,2024-12-02,5711.0,5530.0,5744.0,7,3.3
Pimpalgaon Baswant APMC,2024-12-03,5600.0,5523.0,7126.0,7,1.4
Pimpalgaon Baswant APMC,2024-12-04,3500.0,5209.0,8243.0,7,-32.8
Pimpalgaon Baswant APMC,2024-12-05,3601.0,4888.0,8975.0,7,-26.3
Pimpalgaon Baswant APMC,2024-12-06,3800.0,4616.0,10264.0,7,-17.7
Pimpalgaon Baswant APMC,2024-12-07,4600.0,4688.0,11172.0,7,-1.9
Pimpalgaon Baswant APMC,2024-12-09,3850.0,4380.0,12370.0,7,-12.1
Pimpalgaon Baswant APMC,2024-12-10,4675.0,4232.0,12830.0,7,10.5
Pimpalgaon Baswant APMC,2024-12-11,3650.0,3954.0,12805.0,7,-7.7
Pimpalgaon Baswant APMC,2024-12-12,3700.0,3982.0,13117.0,7,-7.1
Pimpalgaon Baswant APMC,2024-12-13,3250.0,3932.0,14555.0,7,-17.3
Pimpalgaon Baswant APMC,2024-12-14,2650.0,3768.0,15088.0,7,-29.7
Pimpalgaon Baswant APMC,2024-12-16,2400.0,3454.0,16939.0,7,-30.5
Pimpalgaon Baswant APMC,2024-12-17,2100.0,3204.0,18042.0,7,-34.4
Pimpalgaon Baswant APMC,2024-12-18,2000.0,2821.0,18797.0,7,-29.1
Pimpalgaon Baswant APMC,2024-12-19,1900.0,2571.0,20175.0,7,-26.1
Pimpalgaon Baswant APMC,2024-12-20,1900.0,2314.0,21089.0,7,-17.9
Pimpalgaon Baswant APMC,2024-12-21,1750.0,2100.0,20686.0,7,-16.7
Pimpalgaon Baswant APMC,2024-12-23,1800.0,1979.0,21449.0,7,-9.0
Pimpalgaon Baswant APMC,2024-12-24,1750.0,1886.0,20787.0,7,-7.2
Pimpalgaon Baswant APMC,2024-12-25,1750.0,1836.0,19674.0,7,-4.7
Pimpalgaon Baswant APMC,2024-12-26,2050.0,1843.0,19112.0,7,11.2
Pimpalgaon Baswant APMC,2024-12-27,2200.0,1886.0,18255.0,7,16.7
Pimpalgaon Baswant APMC,2024-12-28,2201.0,1929.0,16877.0,7,14.1
Pimpalgaon Baswant APMC,2024-12-30,2400.0,2022.0,16729.0,7,18.7
Pimpalgaon Baswant APMC,2024-12-31,2550.0,2129.0,16395.0,7,19.8
Pimpalgaon Baswant APMC,2025-01-01,2300.0,2207.0,16523.0,7,4.2
Pimpalgaon Baswant APMC,2025-01-02,2350.0,2293.0,17189.0,7,2.5
Pimpalgaon Baswant APMC,2025-01-03,2300.0,2329.0,17404.0,7,-1.2
Pimpalgaon Baswant APMC,2025-01-04,2400.0,2357.0,17628.0,7,1.8
Pimpalgaon Baswant APMC,2025-01-06,2351.0,2379.0,19487.0,7,-1.2
Pimpalgaon Baswant APMC,2025-01-07,2400.0,2379.0,20694.0,7,0.9
Pimpalgaon Baswant APMC,2025-01-08,2300.0,2343.0,21476.0,7,-1.8
Pimpalgaon Baswant APMC,2025-01-09,2300.0,2343.0,22335.0,7,-1.8
Pimpalgaon Baswant APMC,2025-01-10,2150.0,2314.0,23299.0,7,-7.1
Pimpalgaon Baswant APMC,2025-01-11,1800.0,2243.0,23980.0,7,-19.8
Pimpalgaon Baswant APMC,2025-01-13,1800.0,2157.0,25034.0,7,-16.6
Pimpalgaon Baswant APMC,2025-01-14,1950.0,2100.0,24057.0,7,-7.1
Pimpalgaon Baswant APMC,2025-01-16,2000.0,2043.0,22957.0,7,-2.1
Pimpalgaon Baswant APMC,2025-01-17,2100.0,2014.0,21789.0,7,4.3
Pimpalgaon Baswant APMC,2025-01-18,2200.0,2000.0,20420.0,7,10.0
Pimpalgaon Baswant APMC,2025-01-20,2350.0,2029.0,19383.0,7,15.8
Pimpalgaon Baswant APMC,2025-01-21,2400.0,2114.0,19029.0,7,13.5
Pimpalgaon Baswant APMC,2025-01-22,2250.0,2179.0,18313.0,7,3.3
Pimpalgaon Baswant APMC,2025-01-23,2250.0,2221.0,18532.0,7,1.3
Pimpalgaon Baswant APMC,2025-01-24,2250.0,2257.0,18388.0,7,-0.3
Pimpalgaon Baswant APMC,2025-01-25,2200.0,2271.0,17621.0,7,-3.1
Pimpalgaon Baswant APMC,2025-01-27,2250.0,2279.0,18039.0,7,-1.3
Pimpalgaon Baswant APMC,2025-01-28,2251.0,2264.0,17978.0,7,-0.6
Pimpalgaon Baswant APMC,2025-01-29,2200.0,2236.0,17741.0,7,-1.6
Pimpalgaon Baswant APMC,2025-01-30,2150.0,2222.0,17624.0,7,-3.2
Pimpalgaon Baswant APMC,2025-01-31,2150.0,2207.0,17296.0,7,-2.6
Pimpalgaon Baswant APMC,2025-02-01,2100.0,2186.0,24370.0,7,-3.9
Pimpalgaon Baswant APMC,2025-02-03,2050.0,2164.0,25139.0,7,-5.3
Pimpalgaon Baswant APMC,2025-02-04,2100.0,2143.0,24713.0,7,-2.0
Pimpalgaon Baswant APMC,2025-02-05,2100.0,2121.0,24448.0,7,-1.0
Pimpalgaon Baswant APMC,2025-02-06,2150.0,2114.0,24090.0,7,1.7
Pimpalgaon Baswant APMC,2025-02-07,2250.0,2129.0,23578.0,7,5.7
Pimpalgaon Baswant APMC,2025-02-08,2200.0,2136.0,23285.0,7,3.0
Pimpalgaon Baswant APMC,2025-02-12,2600.0,2207.0,15761.0,7,17.8
Pimpalgaon Baswant APMC,2025-02-13,2850.0,2321.0,15126.0,7,22.8
Pimpalgaon Baswant APMC,2025-02-14,2900.0,2436.0,14875.0,7,19.1
Pimpalgaon Baswant APMC,2025-02-15,2950.0,2557.0,14688.0,7,15.4
Pimpalgaon Baswant APMC,2025-02-17,2750.0,2643.0,15567.0,7,4.1
Pimpalgaon Baswant APMC,2025-02-18,2500.0,2679.0,17004.0,7,-6.7
Pimpalgaon Baswant APMC,2025-02-19,2100.0,2664.0,16783.0,7,-21.2
Pimpalgaon Baswant APMC,2025-02-20,2150.0,2600.0,18315.0,7,-17.3
Pimpalgaon Baswant APMC,2025-02-21,2175.0,2504.0,19403.0,7,-13.1
Pimpalgaon Baswant APMC,2025-02-22,2150.0,2396.0,19985.0,7,-10.3
Pimpalgaon Baswant APMC,2025-02-24,2275.0,2300.0,21057.0,7,-1.1
Pimpalgaon Baswant APMC,2025-02-25,2300.0,2236.0,20852.0,7,2.9
Pimpalgaon Baswant APMC,2025-02-27,2250.0,2200.0,19747.0,7,2.3
Pimpalgaon Baswant APMC,2025-02-28,2200.0,2214.0,21479.0,7,-0.6
Pimpalgaon Baswant APMC,2025-03-01,2000.0,2193.0,20858.0,7,-8.8
Pimpalgaon Baswant APMC,2025-03-03,2050.0,2175.0,20881.0,7,-5.7
Pimpalgaon Baswant APMC,2025-03-04,2150.0,2175.0,20960.0,7,-1.1
Pimpalgaon Baswant APMC,2025-03-05,2000.0,2136.0,20111.0,7,-6.4
Pimpalgaon Baswant APMC,2025-03-06,2200.0,2121.0,19283.0,7,3.7
Pimpalgaon Baswant APMC,2025-03-07,2260.0,2123.0,18637.0,7,6.5
Pimpalgaon Baswant APMC,2025-03-08,1800.0,2066.0,16886.0,7,-12.9
Pimpalgaon Baswant APMC,2025-03-10,1650.0,2016.0,20351.0,7,-18.1
Pimpalgaon Baswant APMC,2025-03-11,1300.0,1909.0,19245.0,7,-31.9
Pimpalgaon Baswant APMC,2025-03-12,1400.0,1801.0,18365.0,7,-22.3
Pimpalgaon Baswant APMC,2025-03-13,1500.0,1730.0,17286.0,7,-13.3
Pimpalgaon Baswant APMC,2025-03-14,1500.0,1630.0,15604.0,7,-8.0
Pimpalgaon Baswant APMC,2025-03-15,1400.0,1507.0,14833.0,7,-7.1
Pimpalgaon Baswant APMC,2025-03-17,1525.0,1468.0,14895.0,7,3.9
Pimpalgaon Baswant APMC,2025-03-18,1450.0,1439.0,10776.0,7,0.7
Pimpalgaon Baswant APMC,2025-03-20,1451.0,1461.0,11938.0,7,-0.7
Pimpalgaon Baswant APMC,2025-03-21,1400.0,1461.0,12778.0,7,-4.2
Pimpalgaon Baswant APMC,2025-03-22,1150.0,1411.0,14108.0,7,-18.5
Pimpalgaon Baswant APMC,2025-03-24,1400.0,1397.0,15496.0,7,0.2
Pimpalgaon Baswant APMC,2025-03-25,1500.0,1411.0,15749.0,7,6.3
Pimpalgaon Baswant APMC,2025-03-26,1525.0,1411.0,14943.0,7,8.1
Pimpalgaon Baswant APMC,2025-03-27,1500.0,1418.0,14869.0,7,5.8
Pimpalgaon Baswant APMC,2025-04-02,1300.0,1396.0,15622.0,7,-6.9
Pimpalgaon Baswant APMC,2025-04-03,1050.0,1346.0,15036.0,7,-22.0
Pimpalgaon Baswant APMC,2025-04-04,1325.0,1371.0,14373.0,7,-3.4
Pimpalgaon Baswant APMC,2025-04-05,1300.0,1357.0,14124.0,7,-4.2
Pimpalgaon Baswant APMC,2025-04-07,1100.0,1300.0,14965.0,7,-15.4
Pimpalgaon Baswant APMC,2025-04-08,1150.0,1246.0,16704.0,7,-7.7
Pimpalgaon Baswant APMC,2025-04-09,1050.0,1182.0,17431.0,7,-11.2
Pimpalgaon Baswant APMC,2025-04-11,1250.0,1175.0,17877.0,7,6.4
Pimpalgaon Baswant APMC,2025-04-12,900.0,1154.0,18702.0,7,-22.0
Pimpalgaon Baswant APMC,2025-04-14,900.0,1093.0,18610.0,7,-17.6
Pimpalgaon Baswant APMC,2025-04-15,800.0,1021.0,20974.0,7,-21.7
Pimpalgaon Baswant APMC,2025-04-16,1175.0,1032.0,22902.0,7,13.8
Pimpalgaon Baswant APMC,2025-04-17,1175.0,1036.0,24375.0,7,13.4
Pimpalgaon Baswant APMC,2025-04-18,1150.0,1050.0,25468.0,7,9.5
Pimpalgaon Baswant APMC,2025-04-19,1150.0,1036.0,24569.0,7,11.0
Pimpalgaon Baswant APMC,2025-04-21,1200.0,1079.0,25239.0,7,11.3
Pimpalgaon Baswant APMC,2025-04-22,1250.0,1129.0,26970.0,7,10.8
Pimpalgaon Baswant APMC,2025-04-23,1250.0,1193.0,27137.0,7,4.8
Pimpalgaon Baswant APMC,2025-04-24,1350.0,1218.0,27836.0,7,10.9
Pimpalgaon Baswant APMC,2025-04-25,1250.0,1229.0,28172.0,7,1.7
Pimpalgaon Baswant APMC,2025-04-26,1200.0,1236.0,28609.0,7,-2.9
Pimpalgaon Baswant APMC,2025-04-28,1250.0,1250.0,31060.0,7,0.0
Pimpalgaon Baswant APMC,2025-04-29,1200.0,1250.0,32299.0,7,-4.0
Pimpalgaon Baswant APMC,2025-04-30,1150.0,1236.0,32194.0,7,-6.9
Pimpalgaon Baswant APMC,2025-05-02,1150.0,1221.0,32438.0,7,-5.8
Pimpalgaon Baswant APMC,2025-05-03,1150.0,1193.0,32217.0,7,-3.6
Pimpalgaon Baswant APMC,2025-05-05,1150.0,1179.0,33050.0,7,-2.4
Pimpalgaon Baswant APMC,2025-05-06,1125.0,1168.0,33791.0,7,-3.7
Pimpalgaon Baswant APMC,2025-05-07,1125.0,1150.0,32457.0,7,-2.2
Pimpalgaon Baswant APMC,2025-05-08,1150.0,1143.0,30906.0,7,0.6
Pimpalgaon Baswant APMC,2025-05-09,1125.0,1139.0,30542.0,7,-1.3
Pimpalgaon Baswant APMC,2025-05-10,1100.0,1132.0,29317.0,7,-2.8
Pimpalgaon Baswant APMC,2025-05-12,1150.0,1132.0,29597.0,7,1.6
Pimpalgaon Baswant APMC,2025-05-13,1100.0,1125.0,28314.0,7,-2.2
Pimpalgaon Baswant APMC,2025-05-15,1100.0,1121.0,27018.0,7,-1.9
Pimpalgaon Baswant APMC,2025-05-16,1100.0,1118.0,26345.0,7,-1.6
Pimpalgaon Baswant APMC,2025-05-17,1100.0,1111.0,26147.0,7,-1.0
Pimpalgaon Baswant APMC,2025-05-20,1100.0,1107.0,26743.0,7,-0.6
Pimpalgaon Baswant APMC,2025-05-21,1150.0,1114.0,26267.0,7,3.2
Pimpalgaon Baswant APMC,2025-05-22,1250.0,1129.0,23824.0,7,10.8
Pimpalgaon Baswant APMC,2025-05-23,1250.0,1150.0,22861.0,7,8.7
Pimpalgaon Baswant APMC,2025-05-24,1275.0,1175.0,21470.0,7,8.5
Pimpalgaon Baswant APMC,2025-05-26,1400.0,1218.0,21275.0,7,15.0
Pimpalgaon Baswant APMC,2025-05-27,1450.0,1268.0,21430.0,7,14.4
Pimpalgaon Baswant APMC,2025-05-28,1500.0,1325.0,20216.0,7,13.2
Pimpalgaon Baswant APMC,2025-05-29,1500.0,1375.0,19703.0,7,9.1
Pimpalgaon Baswant APMC,2025-05-30,1500.0,1411.0,31100.0,7,6.3
Pimpalgaon Baswant APMC,2025-05-31,1450.0,1439.0,30940.0,7,0.7
Pimpalgaon Baswant APMC,2025-06-02,1450.0,1464.0,31851.0,7,-1.0
Pimpalgaon Baswant APMC,2025-06-03,1425.0,1468.0,31067.0,7,-2.9
Pimpalgaon Baswant APMC,2025-06-04,1500.0,1475.0,30419.0,7,1.7
Pimpalgaon Baswant APMC,2025-06-05,1550.0,1482.0,30648.0,7,4.6
Pimpalgaon Baswant APMC,2025-06-06,1600.0,1496.0,31455.0,7,6.9
Pimpalgaon Baswant APMC,2025-06-07,1600.0,1511.0,19613.0,7,5.9
Pimpalgaon Baswant APMC,2025-06-09,1650.0,1539.0,20297.0,7,7.2
Pimpalgaon Baswant APMC,2025-06-10,1600.0,1561.0,21019.0,7,2.5
Pimpalgaon Baswant APMC,2025-06-11,1550.0,1579.0,21740.0,7,-1.8
Pimpalgaon Baswant APMC,2025-06-12,1651.0,1600.0,22388.0,7,3.2
Pimpalgaon Baswant APMC,2025-06-13,1650.0,1614.0,22558.0,7,2.2
Pimpalgaon Baswant APMC,2025-06-14,1580.0,1612.0,24501.0,7,-2.0
Pimpalgaon Baswant APMC,2025-06-16,1500.0,1597.0,25638.0,7,-6.1
Pimpalgaon Baswant APMC,2025-06-17,1650.0,1597.0,28137.0,7,3.3
Pimpalgaon Baswant APMC,2025-06-18,1650.0,1604.0,27023.0,7,2.8
Pimpalgaon Baswant APMC,2025-06-19,1550.0,1604.0,25807.0,7,-3.4
Pimpalgaon Baswant APMC,2025-06-20,1600.0,1597.0,25402.0,7,0.2
Pimpalgaon Baswant APMC,2025-06-21,1550.0,1583.0,25017.0,7,-2.1
Pimpalgaon Baswant APMC,2025-06-23,1550.0,1579.0,23613.0,7,-1.8
Pimpalgaon Baswant APMC,2025-06-24,1550.0,1586.0,23595.0,7,-2.3
Pimpalgaon Baswant APMC,2025-06-25,1500.0,1564.0,19805.0,7,-4.1
Pimpalgaon Baswant APMC,2025-06-26,1550.0,1550.0,19283.0,7,0.0
Pimpalgaon Baswant APMC,2025-06-27,1600.0,1557.0,19788.0,7,2.8
Pimpalgaon Baswant APMC,2025-06-28,1575.0,1554.0,19154.0,7,1.4
Pimpalgaon Baswant APMC,2025-06-30,1550.0,1554.0,19535.0,7,-0.2
Pimpalgaon Baswant APMC,2025-07-02,1500.0,1546.0,18442.0,7,-3.0
Pimpalgaon Baswant APMC,2025-07-03,1500.0,1539.0,18026.0,7,-2.6
Pimpalgaon Baswant APMC,2025-07-04,1451.0,1532.0,18047.0,7,-5.3
Pimpalgaon Baswant APMC,2025-07-05,1425.0,1514.0,17571.0,7,-5.9
Pimpalgaon Baswant APMC,2025-07-07,1425.0,1489.0,16920.0,7,-4.3
Pimpalgaon Baswant APMC,2025-07-08,1450.0,1472.0,17189.0,7,-1.5
Pimpalgaon Baswant APMC,2025-07-09,1425.0,1454.0,16596.0,7,-2.0
Pimpalgaon Baswant APMC,2025-07-10,1400.0,1439.0,16529.0,7,-2.7
Pimpalgaon Baswant APMC,2025-07-11,1350.0,1418.0,16427.0,7,-4.8
Pimpalgaon Baswant APMC,2025-07-12,1350.0,1404.0,15754.0,7,-3.8
Pimpalgaon Baswant APMC,2025-07-14,1400.0,1400.0,16010.0,7,0.0
Pimpalgaon Baswant APMC,2025-07-15,1350.0,1389.0,16189.0,7,-2.8
Pimpalgaon Baswant APMC,2025-07-16,1400.0,1382.0,15994.0,7,1.3
Pimpalgaon Baswant APMC,2025-07-17,1400.0,1379.0,16163.0,7,1.6
Pimpalgaon Baswant APMC,2025-07-18,1475.0,1389.0,16555.0,7,6.2
Pimpalgaon Baswant APMC,2025-07-19,1450.0,1404.0,16271.0,7,3.3
Pimpalgaon Baswant APMC,2025-07-21,1400.0,1411.0,17208.0,7,-0.8
Pimpalgaon Baswant APMC,2025-07-22,1350.0,1404.0,17862.0,7,-3.8
Pimpalgaon Baswant APMC,2025-07-23,1300.0,1396.0,17845.0,7,-6.9
Pimpalgaon Baswant APMC,2025-07-24,1300.0,1382.0,16576.0,7,-5.9
Pimpalgaon Baswant APMC,2025-07-25,1325.0,1371.0,15818.0,7,-3.4
Pimpalgaon Baswant APMC,2025-07-26,1350.0,1354.0,14694.0,7,-0.3
Pimpalgaon Baswant APMC,2025-07-28,1380.0,1344.0,14812.0,7,2.7
Pimpalgaon Baswant APMC,2025-07-29,1325.0,1333.0,13814.0,7,-0.6
Pimpalgaon Baswant APMC,2025-07-30,1350.0,1333.0,12854.0,7,1.3
Pimpalgaon Baswant APMC,2025-07-31,1325.0,1336.0,12665.0,7,-0.9
Pimpalgaon Baswant APMC,2025-08-01,1300.0,1336.0,14143.0,7,-2.7
Pimpalgaon Baswant APMC,2025-08-02,1350.0,1340.0,14396.0,7,0.7
Pimpalgaon Baswant APMC,2025-08-04,1400.0,1347.0,15710.0,7,3.9
Pimpalgaon Baswant APMC,2025-08-05,1350.0,1343.0,16524.0,7,0.5
Pimpalgaon Baswant APMC,2025-08-06,1325.0,1343.0,17608.0,7,-1.3
Pimpalgaon Baswant APMC,2025-08-07,1350.0,1343.0,18540.0,7,0.5
Pimpalgaon Baswant APMC,2025-08-08,1400.0,1354.0,19276.0,7,3.4
Pimpalgaon Baswant APMC,2025-08-11,1350.0,1361.0,18160.0,7,-0.8
Pimpalgaon Baswant APMC,2025-08-12,1475.0,1379.0,17925.0,7,7.0
Pimpalgaon Baswant APMC,2025-08-13,1650.0,1414.0,17067.0,7,16.7
Pimpalgaon Baswant APMC,2025-08-14,1600.0,1450.0,16028.0,7,10.3
Pimpalgaon Baswant APMC,2025-08-16,1600.0,1489.0,15906.0,7,7.4
Pimpalgaon Baswant APMC,2025-08-18,1600.0,1525.0,16099.0,7,4.9
Pimpalgaon Baswant APMC,2025-08-19,1600.0,1554.0,17229.0,7,3.0
Pimpalgaon Baswant APMC,2025-08-20,1550.0,1582.0,22318.0,7,-2.0
Pimpalgaon Baswant APMC,2025-08-21,1500.0,1586.0,23673.0,7,-5.4
Pimpalgaon Baswant APMC,2025-08-23,1475.0,1561.0,24054.0,7,-5.5
Pimpalgaon Baswant APMC,2025-08-25,1400.0,1532.0,28498.0,7,-8.6
Pimpalgaon Baswant APMC,2025-08-26,1375.0,1500.0,29036.0,7,-8.3
Pimpalgaon Baswant APMC,2025-08-28,1275.0,1454.0,29000.0,7,-12.3
Pimpalgaon Baswant APMC,2025-08-29,1350.0,1418.0,27804.0,7,-4.8
Pimpalgaon Baswant APMC,2025-08-30,1300.0,1382.0,23731.0,7,-5.9
Pimpalgaon Baswant APMC,2025-09-01,1300.0,1354.0,23167.0,7,-4.0
Pimpalgaon Baswant APMC,2025-09-02,1300.0,1329.0,23368.0,7,-2.2
Pimpalgaon Baswant APMC,2025-09-03,1280.0,1311.0,19111.0,7,-2.4
Pimpalgaon Baswant APMC,2025-09-04,1300.0,1301.0,18517.0,7,-0.1
Pimpalgaon Baswant APMC,2025-09-05,1250.0,1297.0,17574.0,7,-3.6
Pimpalgaon Baswant APMC,2025-09-08,1350.0,1297.0,17269.0,7,4.1
Pimpalgaon Baswant APMC,2025-09-09,1250.0,1290.0,17691.0,7,-3.1
Pimpalgaon Baswant APMC,2025-09-10,1200.0,1276.0,17446.0,7,-5.9
Pimpalgaon Baswant APMC,2025-09-11,1150.0,1254.0,19071.0,7,-8.3
Pimpalgaon Baswant APMC,2025-09-12,1200.0,1243.0,18525.0,7,-3.4
Pimpalgaon Baswant APMC,2025-09-13,1200.0,1229.0,17101.0,7,-2.3
Pimpalgaon Baswant APMC,2025-09-15,1175.0,1218.0,16796.0,7,-3.5
Pimpalgaon Baswant APMC,2025-09-16,1150.0,1189.0,16023.0,7,-3.3
Pimpalgaon Baswant APMC,2025-09-17,1150.0,1175.0,14798.0,7,-2.1
Pimpalgaon Baswant APMC,2025-09-18,1200.0,1175.0,14139.0,7,2.1
Pimpalgaon Baswant APMC,2025-09-19,1150.0,1175.0,11723.0,7,-2.1
Pimpalgaon Baswant APMC,2025-09-20,1150.0,1168.0,11456.0,7,-1.5
Pimpalgaon Baswant APMC,2025-09-22,1150.0,1161.0,11851.0,7,-0.9
Pimpalgaon Baswant APMC,2025-09-23,1225.0,1168.0,11622.0,7,4.9
Pimpalgaon Baswant APMC,2025-09-24,1200.0,1175.0,11867.0,7,2.1
Pimpalgaon Baswant APMC,2025-09-26,1200.0,1182.0,13355.0,7,1.5
Pimpalgaon Baswant APMC,2025-09-27,1150.0,1175.0,13915.0,7,-2.1
Pimpalgaon Baswant APMC,2025-09-29,1300.0,1196.0,13352.0,7,8.7
Pimpalgaon Baswant APMC,2025-09-30,1300.0,1218.0,13223.0,7,6.7
Pimpalgaon Baswant APMC,2025-10-01,1250.0,1232.0,13047.0,7,1.4
Pimpalgaon Baswant APMC,2025-10-02,1250.0,1236.0,12856.0,7,1.2
Pimpalgaon Baswant APMC,2025-10-03,1300.0,1250.0,12032.0,7,4.0
Pimpalgaon Baswant APMC,2025-10-06,1250.0,1257.0,12161.0,7,-0.6
Pimpalgaon Baswant APMC,2025-10-07,1200.0,1264.0,12180.0,7,-5.1
Pimpalgaon Baswant APMC,2025-10-08,1150.0,1243.0,13026.0,7,-7.5
Pimpalgaon Baswant APMC,2025-10-09,1100.0,1214.0,14011.0,7,-9.4
Pimpalgaon Baswant APMC,2025-10-10,1100.0,1193.0,14611.0,7,-7.8
Pimpalgaon Baswant APMC,2025-10-11,1100.0,1171.0,15637.0,7,-6.1
Pimpalgaon Baswant APMC,2025-10-13,1125.0,1146.0,22982.0,7,-1.9
Pimpalgaon Baswant APMC,2025-10-14,1150.0,1132.0,22212.0,7,1.6
Pimpalgaon Baswant APMC,2025-10-15,1100.0,1118.0,22414.0,7,-1.6
Pimpalgaon Baswant APMC,2025-10-16,1100.0,1111.0,22716.0,7,-1.0
Pimpalgaon Baswant APMC,2025-10-17,1125.0,1114.0,22199.0,7,1.0
Pimpalgaon Baswant APMC,2025-10-24,1200.0,1129.0,20588.0,7,6.3
Pimpalgaon Baswant APMC,2025-10-25,1250.0,1150.0,18682.0,7,8.7
Pimpalgaon Baswant APMC,2025-10-27,1400.0,1189.0,11213.0,7,17.7
Pimpalgaon Baswant APMC,2025-10-28,1625.0,1257.0,9941.0,7,29.3
Pimpalgaon Baswant APMC,2025-10-29,1600.0,1329.0,8907.0,7,20.4
Pimpalgaon Baswant APMC,2025-10-30,1750.0,1421.0,7866.0,7,23.1
Pimpalgaon Baswant APMC,2025-10-31,1700.0,1504.0,7657.0,7,13.1
Pimpalgaon Baswant APMC,2025-11-01,1700.0,1575.0,8492.0,7,7.9
Pimpalgaon Baswant APMC,2025-11-03,1800.0,1654.0,9922.0,7,8.9
Pimpalgaon Baswant APMC,2025-11-04,1680.0,1694.0,11481.0,7,-0.8
Pimpalgaon Baswant APMC,2025-11-05,1700.0,1704.0,11989.0,7,-0.3
Pimpalgaon Baswant APMC,2025-11-06,1700.0,1719.0,12271.0,7,-1.1
Pimpalgaon Baswant APMC,2025-11-07,1800.0,1726.0,12503.0,7,4.3
Pimpalgaon Baswant APMC,2025-11-08,1800.0,1740.0,12445.0,7,3.4
Pimpalgaon Baswant APMC,2025-11-15,1475.0,1708.0,12973.0,7,-13.6
Pimpalgaon Baswant APMC,2025-11-17,1450.0,1658.0,13066.0,7,-12.5
Pimpalgaon Baswant APMC,2025-11-18,1350.0,1611.0,12583.0,7,-16.2
Pimpalgaon Baswant APMC,2025-11-19,1300.0,1554.0,12960.0,7,-16.3
Pimpalgaon Baswant APMC,2025-11-20,1200.0,1482.0,13408.0,7,-19.0
Pimpalgaon Baswant APMC,2025-11-21,1200.0,1396.0,13814.0,7,-14.1
Pimpalgaon Baswant APMC,2025-11-22,1150.0,1304.0,13982.0,7,-11.8
Pimpalgaon Baswant APMC,2025-11-24,1800.0,1350.0,13785.0,7,33.3
Pimpalgaon Baswant APMC,2025-11-25,1125.0,1304.0,13562.0,7,-13.7
Pimpalgaon Baswant APMC,2025-11-26,1100.0,1268.0,12791.0,7,-13.2
Pimpalgaon Baswant APMC,2025-11-27,1050.0,1232.0,12062.0,7,-14.8
Pimpalgaon Baswant APMC,2025-11-28,1125.0,1221.0,11141.0,7,-7.9
Pimpalgaon Baswant APMC,2025-11-29,1200.0,1221.0,10369.0,7,-1.8
Pimpalgaon Baswant APMC,2025-12-01,1150.0,1221.0,9726.0,7,-5.8
Pimpalgaon Baswant APMC,2025-12-03,1250.0,1143.0,9313.0,7,9.4
Pimpalgaon Baswant APMC,2025-12-04,1350.0,1175.0,8764.0,7,14.9
Pimpalgaon Baswant APMC,2025-12-05,2400.0,1361.0,8164.0,7,76.4
Pimpalgaon Baswant APMC,2025-12-06,2200.0,1525.0,7061.0,7,44.3
Pimpalgaon Baswant APMC,2025-12-08,2400.0,1707.0,6568.0,7,40.6
Pimpalgaon Baswant APMC,2025-12-09,1450.0,1743.0,5925.0,7,-16.8
Pimpalgaon Baswant APMC,2025-12-10,2300.0,1907.0,5346.0,7,20.6
Pimpalgaon Baswant APMC,2025-12-11,2300.0,2057.0,4775.0,7,11.8
Pimpalgaon Baswant APMC,2025-12-12,1800.0,2121.0,4511.0,7,-15.2
Pimpalgaon Baswant APMC,2025-12-13,2350.0,2114.0,4954.0,7,11.1
Pimpalgaon Baswant APMC,2025-12-15,1900.0,2071.0,5443.0,7,-8.3
Pimpalgaon Baswant APMC,2025-12-16,2400.0,2071.0,5029.0,7,15.9
Pimpalgaon Baswant APMC,2025-12-17,2200.0,2179.0,4921.0,7,1.0
Pimpalgaon Baswant APMC,2025-12-18,1700.0,2093.0,5057.0,7,-18.8
Pimpalgaon Baswant APMC,2025-12-19,1400.0,1964.0,4914.0,7,-28.7
Pimpalgaon Baswant APMC,2025-12-20,2000.0,1993.0,5593.0,7,0.4
Pimpalgaon Baswant APMC,2025-12-22,1400.0,1857.0,4821.0,7,-24.6
Pimpalgaon Baswant APMC,2025-12-23,1650.0,1821.0,5736.0,7,-9.4
Pimpalgaon Baswant APMC,2025-12-24,1700.0,1721.0,7414.0,7,-1.2
Pimpalgaon Baswant APMC,2025-12-25,1500.0,1621.0,7057.0,7,-7.5
Pimpalgaon Baswant APMC,2025-12-26,1750.0,1629.0,8907.0,7,7.5
Pimpalgaon Baswant APMC,2025-12-27,1800.0,1686.0,10417.0,7,6.8
Pimpalgaon Baswant APMC,2025-12-29,1850.0,1664.0,10819.0,7,11.2
Pimpalgaon Baswant APMC,2025-12-30,1850.0,1729.0,13253.0,7,7.0
Pimpalgaon Baswant APMC,2025-12-31,1750.0,1743.0,14087.0,7,0.4
Pimpalgaon Baswant APMC,2026-01-01,1500.0,1714.0,12194.0,7,-12.5
Pimpalgaon Baswant APMC,2026-01-02,1700.0,1743.0,14415.0,7,-2.5
Pimpalgaon Baswant APMC,2026-01-03,1400.0,1693.0,11866.0,7,-17.3
Pimpalgaon Baswant APMC,2026-01-05,1500.0,1650.0,9813.0,7,-9.1
Pimpalgaon Baswant APMC,2026-01-06,1450.0,1593.0,10540.0,7,-9.0
Pimpalgaon Baswant APMC,2026-01-07,1450.0,1536.0,10320.0,7,-5.6
Pimpalgaon Baswant APMC,2026-01-08,1450.0,1493.0,9915.0,7,-2.9
Pimpalgaon Baswant APMC,2026-01-09,1400.0,1479.0,12215.0,7,-5.3
Pimpalgaon Baswant APMC,2026-01-10,1400.0,1436.0,12258.0,7,-2.5
Pimpalgaon Baswant APMC,2026-01-12,1400.0,1436.0,14814.0,7,-2.5
Pimpalgaon Baswant APMC,2026-01-13,1350.0,1414.0,17636.0,7,-4.5
Pimpalgaon Baswant APMC,2026-01-14,1400.0,1407.0,16650.0,7,-0.5
Pimpalgaon Baswant APMC,2026-01-16,1425.0,1404.0,16936.0,7,1.5
Pimpalgaon Baswant APMC,2026-01-17,1400.0,1396.0,17736.0,7,0.3
Pimpalgaon Baswant APMC,2026-01-19,1400.0,1396.0,18721.0,7,0.3
Pimpalgaon Baswant APMC,2026-01-20,1450.0,1404.0,19136.0,7,3.3
Pimpalgaon Baswant APMC,2026-01-21,1425.0,1407.0,19750.0,7,1.3
Pimpalgaon Baswant APMC,2026-01-22,1350.0,1407.0,20383.0,7,-4.1
Pimpalgaon Baswant APMC,2026-01-23,1375.0,1404.0,22362.0,7,-2.0
Pimpalgaon Baswant APMC,2026-01-24,1300.0,1386.0,22934.0,7,-6.2
Pimpalgaon Baswant APMC,2026-01-27,1300.0,1371.0,24531.0,7,-5.2
Pimpalgaon Baswant APMC,2026-01-28,1275.0,1354.0,23321.0,7,-5.8
Pimpalgaon Baswant APMC,2026-01-30,1100.0,1304.0,26660.0,7,-15.6
Pimpalgaon Baswant APMC,2026-01-31,1050.0,1250.0,27974.0,7,-16.0
Pimpalgaon Baswant APMC,2026-02-02,1000.0,1200.0,28807.0,7,-16.7
Pimpalgaon Baswant APMC,2026-02-03,1050.0,1154.0,28886.0,7,-9.0
Pimpalgaon Baswant APMC,2026-02-04,1025.0,1114.0,29211.0,7,-8.0
Pimpalgaon Baswant APMC,2026-02-05,1000.0,1071.0,28232.0,7,-6.7
Pimpalgaon Baswant APMC,2026-02-06,1025.0,1036.0,29032.0,7,-1.0
Pimpalgaon Baswant APMC,2026-02-07,1050.0,1029.0,25837.0,7,2.1
Pimpalgaon Baswant APMC,2026-02-09,1125.0,1039.0,24474.0,7,8.2
Pimpalgaon Baswant APMC,2026-02-10,1175.0,1064.0,23356.0,7,10.4
Pimpalgaon Baswant APMC,2026-02-11,1150.0,1079.0,23067.0,7,6.6
Pimpalgaon Baswant APMC,2026-02-12,1050.0,1082.0,22712.0,7,-3.0
Pimpalgaon Baswant APMC,2026-02-13,1025.0,1086.0,22545.0,7,-5.6
Pimpalgaon Baswant APMC,2026-02-14,1050.0,1089.0,22826.0,7,-3.6
Pimpalgaon Baswant APMC,2026-02-16,1050.0,1089.0,23439.0,7,-3.6
Pimpalgaon Baswant APMC,2026-02-17,1075.0,1082.0,24458.0,7,-0.7
Pimpalgaon Baswant APMC,2026-02-18,1025.0,1061.0,25189.0,7,-3.4
Pimpalgaon Baswant APMC,2026-02-20,1100.0,1054.0,26795.0,7,4.4
Pimpalgaon Baswant APMC,2026-02-21,1050.0,1054.0,27503.0,7,-0.3
Pimpalgaon Baswant APMC,2026-02-23,1050.0,1057.0,28999.0,7,-0.7
Pimpalgaon Baswant APMC,2026-02-24,1450.0,1114.0,25730.0,7,30.1
Pimpalgaon Baswant APMC,2026-02-25,950.0,1100.0,26310.0,7,-13.6
Pimpalgaon Baswant APMC,2026-02-26,925.0,1079.0,25898.0,7,-14.2
Pimpalgaon Baswant APMC,2026-02-27,900.0,1061.0,25610.0,7,-15.2
Pimpalgaon Baswant APMC,2026-02-28,900.0,1032.0,24135.0,7,-12.8
Pimpalgaon Baswant APMC,2026-03-02,870.0,1006.0,23013.0,7,-13.6
Pimpalgaon Baswant APMC,2026-03-04,900.0,985.0,21361.0,7,-8.6
Pimpalgaon Baswant APMC,2026-03-05,875.0,903.0,24861.0,7,-3.1
Pimpalgaon Baswant APMC,2026-03-06,915.0,898.0,24493.0,7,1.9
Pimpalgaon Baswant APMC,2026-03-07,900.0,894.0,24363.0,7,0.6
Pimpalgaon Baswant APMC,2026-03-09,900.0,894.0,24864.0,7,0.6
Pimpalgaon Baswant APMC,2026-03-10,1400.0,966.0,21382.0,7,45.0
Pimpalgaon Baswant APMC,2026-03-11,1350.0,1034.0,18479.0,7,30.5
Pimpalgaon Baswant APMC,2026-03-12,900.0,1034.0,18429.0,7,-13.0
Pimpalgaon Baswant APMC,2026-03-13,925.0,1041.0,17731.0,7,-11.2
Pimpalgaon Baswant APMC,2026-03-14,875.0,1036.0,16734.0,7,-15.5
Pimpalgaon Baswant APMC,2026-03-16,850.0,1029.0,15881.0,7,-17.4
Pimpalgaon Baswant APMC,2026-03-17,850.0,1021.0,14308.0,7,-16.8
Pimpalgaon Baswant APMC,2026-03-18,1325.0,1011.0,14709.0,7,31.1
Pimpalgaon Baswant APMC,2026-03-19,1300.0,1004.0,15252.0,7,29.5
Pimpalgaon Baswant APMC,2026-03-20,1275.0,1057.0,12836.0,7,20.6
Pimpalgaon Baswant APMC,2026-03-21,800.0,1039.0,11279.0,7,-23.0
Pimpalgaon Baswant APMC,2026-03-23,1300.0,1100.0,9976.0,7,18.2
Pimpalgaon Baswant APMC,2026-03-24,1275.0,1161.0,8470.0,7,9.8
Pimpalgaon Baswant APMC,2026-03-25,1250.0,1218.0,7544.0,7,2.6
Pimpalgaon Baswant APMC,2026-03-27,900.0,1157.0,8358.0,7,-22.2
Pimpalgaon Baswant APMC,2026-03-28,1250.0,1150.0,9704.0,7,8.7
Pimpalgaon Baswant APMC,2026-04-02,850.0,1089.0,9726.0,7,-22.0
Pimpalgaon Baswant APMC,2026-04-03,1350.0,1168.0,9987.0,7,15.6
Pimpalgaon Baswant APMC,2026-04-04,900.0,1111.0,8776.0,7,-19.0
Pimpalgaon Baswant APMC,2026-04-06,1200.0,1100.0,11275.0,7,9.1
Pimpalgaon Baswant APMC,2026-04-07,900.0,1050.0,9778.0,7,-14.3
Pimpalgaon Baswant APMC,2026-04-08,900.0,1050.0,8538.0,7,-14.3
Pimpalgaon Baswant APMC,2026-04-09,925.0,1004.0,6634.0,7,-7.8
Pimpalgaon Baswant APMC,2026-04-10,1225.0,1057.0,9218.0,7,15.9
Pimpalgaon Baswant APMC,2026-04-11,850.0,986.0,7788.0,7,-13.8
Pimpalgaon Baswant APMC,2026-04-13,900.0,986.0,7491.0,7,-8.7
Pimpalgaon Baswant APMC,2026-04-14,1350.0,1007.0,6568.0,7,34.0
Pimpalgaon Baswant APMC,2026-04-15,1250.0,1057.0,13192.0,7,18.2
Pimpalgaon Baswant APMC,2026-04-16,1200.0,1100.0,19378.0,7,9.1
Pimpalgaon Baswant APMC,2026-04-17,1150.0,1132.0,25996.0,7,1.6
Pimpalgaon Baswant APMC,2026-04-18,1025.0,1104.0,28875.0,7,-7.1
Pimpalgaon Baswant APMC,2026-04-20,1050.0,1132.0,33339.0,7,-7.3
Pimpalgaon Baswant APMC,2026-04-21,1075.0,1157.0,36914.0,7,-7.1
Pimpalgaon Baswant APMC,2026-04-22,1175.0,1132.0,37852.0,7,3.8
Pimpalgaon Baswant APMC,2026-04-23,1200.0,1125.0,35700.0,7,6.7
Pimpalgaon Baswant APMC,2026-04-24,1200.0,1125.0,33756.0,7,6.7
Pimpalgaon Baswant APMC,2026-04-25,1150.0,1125.0,31186.0,7,2.2
Pimpalgaon Baswant APMC,2026-04-27,1150.0,1143.0,29146.0,7,0.6
Pimpalgaon Baswant APMC,2026-04-28,1200.0,1164.0,28943.0,7,3.1
Pimpalgaon Baswant APMC,2026-04-29,1230.0,1186.0,29937.0,7,3.7
Pimpalgaon Baswant APMC,2026-04-30,1250.0,1197.0,30626.0,7,4.4
Pimpalgaon Baswant APMC,2026-05-02,1250.0,1204.0,31836.0,7,3.8
Pimpalgaon Baswant APMC,2026-05-04,1300.0,1219.0,33194.0,7,6.7
Pimpalgaon Baswant APMC,2026-05-05,1200.0,1226.0,35665.0,7,-2.1
Pimpalgaon Baswant APMC,2026-05-06,1150.0,1226.0,38331.0,7,-6.2
Pimpalgaon Baswant APMC,2026-05-07,1100.0,1211.0,40074.0,7,-9.2
Pimpalgaon Baswant APMC,2026-05-08,1200.0,1207.0,40638.0,7,-0.6
Pimpalgaon Baswant APMC,2026-05-09,1150.0,1193.0,40981.0,7,-3.6
Pimpalgaon Baswant APMC,2026-05-11,1100.0,1171.0,40126.0,7,-6.1
Pimpalgaon Baswant APMC,2026-05-12,1150.0,1150.0,39647.0,7,0.0
Pimpalgaon Baswant APMC,2026-05-13,1151.0,1143.0,37976.0,7,0.7
Pimpalgaon Baswant APMC,2026-05-14,1150.0,1143.0,35764.0,7,0.6
Pimpalgaon Baswant APMC,2026-05-15,1125.0,1147.0,34441.0,7,-1.9
Pimpalgaon Baswant APMC,2026-05-16,1150.0,1139.0,34069.0,7,0.9
Pimpalgaon Baswant APMC,2026-05-18,1150.0,1139.0,34845.0,7,0.9
Pimpalgaon Baswant APMC,2026-05-19,1150.0,1147.0,34394.0,7,0.3
Pimpalgaon Baswant APMC,2026-05-20,1150.0,1147.0,33780.0,7,0.3
Pimpalgaon Baswant APMC,2026-05-21,1175.0,1150.0,33299.0,7,2.2
Pimpalgaon Baswant APMC,2026-05-22,1175.0,1154.0,31718.0,7,1.9
Pimpalgaon Baswant APMC,2026-05-23,1150.0,1157.0,31331.0,7,-0.6
Pimpalgaon Baswant APMC,2026-05-25,1200.0,1164.0,30944.0,7,3.1
Pimpalgaon Baswant APMC,2026-05-26,1450.0,1207.0,29860.0,7,20.1
Pimpalgaon Baswant APMC,2026-05-27,1550.0,1264.0,29099.0,7,22.6
Pimpalgaon Baswant APMC,2026-05-28,1450.0,1307.0,28528.0,7,10.9
Pimpalgaon Baswant APMC,2026-05-29,1400.0,1339.0,27826.0,7,4.5
Pimpalgaon Baswant APMC,2026-05-30,1400.0,1371.0,27820.0,7,2.1
Pimpalgaon Baswant APMC,2026-06-01,1650.0,1443.0,27268.0,7,14.4
Pimpalgaon Baswant APMC,2026-06-02,1650.0,1507.0,26737.0,7,9.5
Pimpalgaon Baswant APMC,2026-06-03,1700.0,1543.0,26298.0,7,10.2
Pimpalgaon Baswant APMC,2026-06-04,1650.0,1557.0,26764.0,7,6.0
Pimpalgaon Baswant APMC,2026-06-05,1650.0,1586.0,26781.0,7,4.1
Pimpalgaon Baswant APMC,2026-06-06,1651.0,1622.0,26621.0,7,1.8
Pimpalgaon Baswant APMC,2026-06-08,1600.0,1650.0,28057.0,7,-3.0
Pimpalgaon Baswant APMC,2026-06-09,1600.0,1643.0,27877.0,7,-2.6
Pimpalgaon Baswant APMC,2026-06-10,1611.0,1637.0,27504.0,7,-1.6
Pimpalgaon Baswant APMC,2026-06-11,1575.0,1620.0,27132.0,7,-2.8
Pimpalgaon Baswant APMC,2026-06-12,1525.0,1602.0,25894.0,7,-4.8
Pimpalgaon Baswant APMC,2026-06-13,1530.0,1585.0,24404.0,7,-3.4
Pimpalgaon Baswant APMC,2026-06-15,1560.0,1572.0,23895.0,7,-0.7
Pimpalgaon Baswant APMC,2026-06-16,1650.0,1579.0,22806.0,7,4.5
Pimpalgaon Baswant APMC,2026-06-17,1750.0,1600.0,21857.0,7,9.4
Pimpalgaon Baswant APMC,2026-06-18,1850.0,1634.0,21705.0,7,13.2
Pimpalgaon Baswant APMC,2026-06-19,1750.0,1659.0,20874.0,7,5.5
Pimpalgaon Baswant APMC,2026-06-20,1800.0,1699.0,20741.0,7,6.0
Pimpalgaon Baswant APMC,2026-06-22,2000.0,1766.0,21516.0,7,13.3
Pimpalgaon Baswant APMC,2026-06-23,2250.0,1864.0,21319.0,7,20.7
Pimpalgaon Baswant APMC,2026-06-24,2300.0,1957.0,20789.0,7,17.5
Pimpalgaon Baswant APMC,2026-06-25,2225.0,2025.0,21961.0,7,9.9
Pimpalgaon Baswant APMC,2026-06-26,2200.0,2075.0,22091.0,7,6.0
Pimpalgaon Baswant APMC,2026-06-27,2300.0,2154.0,21942.0,7,6.8
Pimpalgaon Baswant APMC,2026-06-29,2400.0,2239.0,22447.0,7,7.2
Pimpalgaon Baswant APMC,2026-06-30,2350.0,2289.0,22852.0,7,2.7
Pune APMC,2024-06-02,1600.0,1600.0,11740.0,1,0.0
Pune APMC,2024-06-03,1600.0,1600.0,9056.0,2,0.0
Pune APMC,2024-06-04,1600.0,1600.0,8174.0,3,0.0
Pune APMC,2024-06-05,1700.0,1625.0,7372.0,4,4.6
Pune APMC,2024-06-06,1700.0,1640.0,7448.0,5,3.7
Pune APMC,2024-06-07,1750.0,1658.0,7729.0,6,5.5
Pune APMC,2024-06-09,2100.0,1721.0,8732.0,7,22.0
Pune APMC,2024-06-10,2000.0,1779.0,8669.0,7,12.4
Pune APMC,2024-06-11,2000.0,1836.0,9901.0,7,8.9
Pune APMC,2024-06-12,1900.0,1879.0,10575.0,7,1.1
Pune APMC,2024-06-13,2000.0,1921.0,11002.0,7,4.1
Pune APMC,2024-06-14,1900.0,1950.0,11355.0,7,-2.6
Pune APMC,2024-06-16,1900.0,1971.0,11725.0,7,-3.6
Pune APMC,2024-06-17,2050.0,1964.0,10351.0,7,4.4
Pune APMC,2024-06-18,2000.0,1964.0,9862.0,7,1.8
Pune APMC,2024-06-19,2000.0,1964.0,8918.0,7,1.8
Pune APMC,2024-06-20,2100.0,1993.0,8922.0,7,5.4
Pune APMC,2024-06-21,1900.0,1979.0,9386.0,7,-4.0
Pune APMC,2024-06-23,1900.0,1979.0,9778.0,7,-4.0
Pune APMC,2024-06-24,2000.0,1993.0,9209.0,7,0.4
Pune APMC,2024-06-25,2050.0,1993.0,9859.0,7,2.9
Pune APMC,2024-06-26,2000.0,1993.0,9916.0,7,0.4
Pune APMC,2024-06-27,2000.0,1993.0,9900.0,7,0.4
Pune APMC,2024-06-28,2000.0,1979.0,9816.0,7,1.1
Pune APMC,2024-06-30,2000.0,1993.0,9431.0,7,0.4
Pune APMC,2024-07-01,2000.0,2007.0,7938.0,7,-0.4
Pune APMC,2024-07-03,2200.0,2036.0,8017.0,7,8.1
Pune APMC,2024-07-04,2200.0,2057.0,8266.0,7,6.9
Pune APMC,2024-07-05,2200.0,2086.0,8817.0,7,5.5
Pune APMC,2024-07-07,2100.0,2100.0,9507.0,7,0.0
Pune APMC,2024-07-08,2050.0,2107.0,9015.0,7,-2.7
Pune APMC,2024-07-09,2100.0,2121.0,8756.0,7,-1.0
Pune APMC,2024-07-10,2200.0,2150.0,9386.0,7,2.3
Pune APMC,2024-07-11,2300.0,2164.0,9619.0,7,6.3
Pune APMC,2024-07-12,2150.0,2157.0,9507.0,7,-0.3
Pune APMC,2024-07-14,2150.0,2150.0,9135.0,7,0.0
Pune APMC,2024-07-15,2000.0,2136.0,8424.0,7,-6.4
Pune APMC,2024-07-16,2200.0,2157.0,8559.0,7,2.0
Pune APMC,2024-07-17,2150.0,2164.0,8567.0,7,-0.7
Pune APMC,2024-07-18,2100.0,2150.0,8652.0,7,-2.3
Pune APMC,2024-07-19,2200.0,2136.0,8620.0,7,3.0
Pune APMC,2024-07-21,2100.0,2129.0,8903.0,7,-1.3
Pune APMC,2024-07-22,2100.0,2121.0,8597.0,7,-1.0
Pune APMC,2024-07-23,2100.0,2136.0,9114.0,7,-1.7
Pune APMC,2024-07-24,2200.0,2136.0,9147.0,7,3.0
Pune APMC,2024-07-25,2100.0,2129.0,9142.0,7,-1.3
Pune APMC,2024-07-26,2100.0,2129.0,8470.0,7,-1.3
Pune APMC,2024-07-28,2100.0,2114.0,8899.0,7,-0.7
Pune APMC,2024-07-29,2200.0,2129.0,8344.0,7,3.4
Pune APMC,2024-07-30,2100.0,2129.0,8918.0,7,-1.3
Pune APMC,2024-07-31,2200.0,2143.0,8406.0,7,2.7
Pune APMC,2024-09-01,3400.0,2314.0,8541.0,7,46.9
Pune APMC,2024-09-02,3500.0,2514.0,8383.0,7,39.2
Pune APMC,2024-09-03,3900.0,2771.0,9042.0,7,40.7
Pune APMC,2024-09-04,3900.0,3029.0,9037.0,7,28.8
Pune APMC,2024-09-05,3700.0,3243.0,9250.0,7,14.1
Pune APMC,2024-09-06,3850.0,3493.0,9264.0,7,10.2
Pune APMC,2024-09-08,3750.0,3714.0,9312.0,7,1.0
Pune APMC,2024-09-09,3850.0,3779.0,9095.0,7,1.9
Pune APMC,2024-09-10,3600.0,3793.0,9695.0,7,-5.1
Pune APMC,2024-09-11,3650.0,3757.0,9538.0,7,-2.9
Pune APMC,2024-09-12,3600.0,3714.0,8572.0,7,-3.1
Pune APMC,2024-09-13,3650.0,3707.0,8045.0,7,-1.5
Pune APMC,2024-09-15,4350.0,3779.0,7736.0,7,15.1
Pune APMC,2024-09-16,4400.0,3871.0,7858.0,7,13.7
Pune APMC,2024-09-17,4150.0,3914.0,7678.0,7,6.0
Pune APMC,2024-09-19,4000.0,3971.0,7386.0,7,0.7
Pune APMC,2024-09-22,4200.0,4050.0,8095.0,7,3.7
Pune APMC,2024-09-23,4300.0,4150.0,8638.0,7,3.6
Pune APMC,2024-09-24,3900.0,4186.0,9165.0,7,-6.8
Pune APMC,2024-09-25,3900.0,4121.0,9101.0,7,-5.4
Pune APMC,2024-09-26,4150.0,4086.0,8788.0,7,1.6
Pune APMC,2024-09-27,3900.0,4050.0,9133.0,7,-3.7
Pune APMC,2024-09-29,3100.0,3921.0,10095.0,7,-20.9
Pune APMC,2024-09-30,3100.0,3764.0,9506.0,7,-17.6
Pune APMC,2024-10-01,3350.0,3629.0,9288.0,7,-7.7
Pune APMC,2024-10-03,3200.0,3529.0,8717.0,7,-9.3
Pune APMC,2024-10-04,3300.0,3443.0,8753.0,7,-4.1
Pune APMC,2024-10-06,3400.0,3336.0,10101.0,7,1.9
Pune APMC,2024-10-07,3500.0,3279.0,10301.0,7,6.8
Pune APMC,2024-10-09,3200.0,3293.0,9690.0,7,-2.8
Pune APMC,2024-10-10,3350.0,3329.0,10075.0,7,0.6
Pune APMC,2024-10-11,3000.0,3279.0,10485.0,7,-8.5
Pune APMC,2024-10-13,3250.0,3286.0,10886.0,7,-1.1
Pune APMC,2024-10-14,3250.0,3279.0,11244.0,7,-0.9
Pune APMC,2024-10-15,3550.0,3300.0,10773.0,7,7.6
Pune APMC,2024-10-16,3400.0,3286.0,11137.0,7,3.5
Pune APMC,2024-10-17,3300.0,3300.0,11552.0,7,0.0
Pune APMC,2024-10-18,3300.0,3293.0,12076.0,7,0.2
Pune APMC,2024-10-20,3250.0,3329.0,12828.0,7,-2.4
Pune APMC,2024-10-22,3700.0,3393.0,12894.0,7,9.1
Pune APMC,2024-10-23,3500.0,3429.0,12940.0,7,2.1
Pune APMC,2024-10-24,3500.0,3421.0,13022.0,7,2.3
Pune APMC,2024-10-25,3400.0,3421.0,13146.0,7,-0.6
Pune APMC,2024-10-27,3150.0,3400.0,13525.0,7,-7.4
Pune APMC,2024-10-28,3500.0,3429.0,13640.0,7,2.1
Pune APMC,2024-10-29,3200.0,3421.0,13322.0,7,-6.5
Pune APMC,2024-10-30,3300.0,3364.0,13238.0,7,-1.9
Pune APMC,2024-10-31,3500.0,3364.0,12591.0,7,4.0
Pune APMC,2024-11-01,3450.0,3357.0,11376.0,7,2.8
Pune APMC,2024-11-03,3450.0,3364.0,9496.0,7,2.5
Pune APMC,2024-11-04,3750.0,3450.0,8198.0,7,8.7
Pune APMC,2024-11-05,4000.0,3521.0,7610.0,7,13.6
Pune APMC,2024-11-06,3700.0,3593.0,7257.0,7,3.0
Pune APMC,2024-11-07,4500.0,3764.0,7350.0,7,19.5
Pune APMC,2024-11-08,4250.0,3871.0,8183.0,7,9.8
Pune APMC,2024-11-10,4350.0,4000.0,9628.0,7,8.8
Pune APMC,2024-11-11,4500.0,4150.0,10637.0,7,8.4
Pune APMC,2024-11-12,4150.0,4207.0,11221.0,7,-1.4
Pune APMC,2024-11-13,4250.0,4243.0,11121.0,7,0.2
Pune APMC,2024-11-14,4050.0,4293.0,10804.0,7,-5.7
Pune APMC,2024-11-15,4000.0,4221.0,11185.0,7,-5.2
Pune APMC,2024-11-17,4100.0,4200.0,11162.0,7,-2.4
Pune APMC,2024-11-18,4250.0,4186.0,10230.0,7,1.5
Pune APMC,2024-11-19,4350.0,4164.0,10832.0,7,4.5
Pune APMC,2024-11-21,4500.0,4214.0,10399.0,7,6.8
Pune APMC,2024-11-22,4500.0,4250.0,10403.0,7,5.9
Pune APMC,2024-11-24,4500.0,4314.0,10752.0,7,4.3
Pune APMC,2024-11-25,4500.0,4386.0,10407.0,7,2.6
Pune APMC,2024-11-26,4750.0,4479.0,9971.0,7,6.1
Pune APMC,2024-11-27,4400.0,4500.0,10279.0,7,-2.2
Pune APMC,2024-11-28,4500.0,4521.0,10087.0,7,-0.5
Pune APMC,2024-12-02,4250.0,4486.0,10858.0,7,-5.3
Pune APMC,2024-12-03,4500.0,4486.0,11446.0,7,0.3
Pune APMC,2024-12-04,4500.0,4486.0,11206.0,7,0.3
Pune APMC,2024-12-05,4750.0,4521.0,11445.0,7,5.1
Pune APMC,2024-12-06,4750.0,4521.0,11852.0,7,5.1
Pune APMC,2024-12-08,4750.0,4571.0,12574.0,7,3.9
Pune APMC,2024-12-09,4850.0,4621.0,12747.0,7,4.9
Pune APMC,2024-12-10,4750.0,4693.0,12526.0,7,1.2
Pune APMC,2024-12-11,3600.0,4564.0,12312.0,7,-21.1
Pune APMC,2024-12-12,4750.0,4600.0,12724.0,7,3.3
Pune APMC,2024-12-13,4500.0,4564.0,13582.0,7,-1.4
Pune APMC,2024-12-15,4250.0,4493.0,14506.0,7,-5.4
Pune APMC,2024-12-16,3600.0,4329.0,14132.0,7,-16.8
Pune APMC,2024-12-17,2200.0,3950.0,14779.0,7,-44.3
Pune APMC,2024-12-18,2300.0,3600.0,15139.0,7,-36.1
Pune APMC,2024-12-19,2400.0,3429.0,15512.0,7,-30.0
Pune APMC,2024-12-20,2250.0,3071.0,16287.0,7,-26.7
Pune APMC,2024-12-22,2100.0,2729.0,16409.0,7,-23.0
Pune APMC,2024-12-23,2250.0,2443.0,15676.0,7,-7.9
Pune APMC,2024-12-24,2350.0,2264.0,15643.0,7,3.8
Pune APMC,2024-12-25,2400.0,2293.0,14633.0,7,4.7
Pune APMC,2024-12-26,2400.0,2307.0,14284.0,7,4.0
Pune APMC,2024-12-27,2400.0,2307.0,14366.0,7,4.0
Pune APMC,2024-12-29,2400.0,2329.0,14179.0,7,3.1
Pune APMC,2024-12-30,2400.0,2371.0,13189.0,7,1.2
Pune APMC,2024-12-31,2550.0,2414.0,12622.0,7,5.6
Pune APMC,2025-01-01,2750.0,2471.0,11982.0,7,11.3
Pune APMC,2025-01-02,2750.0,2521.0,12179.0,7,9.1
Pune APMC,2025-01-03,2550.0,2543.0,12668.0,7,0.3
Pune APMC,2025-01-05,2400.0,2543.0,13334.0,7,-5.6
Pune APMC,2025-01-06,2350.0,2536.0,12825.0,7,-7.3
Pune APMC,2025-01-07,2350.0,2529.0,13128.0,7,-7.1
Pune APMC,2025-01-08,2200.0,2479.0,13331.0,7,-11.2
Pune APMC,2025-01-09,2100.0,2386.0,14032.0,7,-12.0
Pune APMC,2025-01-10,2000.0,2279.0,15294.0,7,-12.2
Pune APMC,2025-01-12,2050.0,2207.0,15431.0,7,-7.1
Pune APMC,2025-01-13,2050.0,2157.0,13493.0,7,-5.0
Pune APMC,2025-01-14,2050.0,2114.0,12304.0,7,-3.0
Pune APMC,2025-01-15,2000.0,2064.0,11739.0,7,-3.1
Pune APMC,2025-01-16,2000.0,2036.0,11512.0,7,-1.8
Pune APMC,2025-01-17,2200.0,2050.0,11003.0,7,7.3
Pune APMC,2025-01-19,2400.0,2107.0,10160.0,7,13.9
Pune APMC,2025-01-20,2400.0,2157.0,9652.0,7,11.3
Pune APMC,2025-01-21,2300.0,2193.0,10795.0,7,4.9
Pune APMC,2025-01-22,2300.0,2229.0,11760.0,7,3.2
Pune APMC,2025-01-23,2350.0,2279.0,12200.0,7,3.1
Pune APMC,2025-01-24,2400.0,2336.0,13166.0,7,2.8
Pune APMC,2025-01-27,2200.0,2336.0,13970.0,7,-5.8
Pune APMC,2025-01-28,2150.0,2300.0,14326.0,7,-6.5
Pune APMC,2025-01-29,1900.0,2229.0,14760.0,7,-14.7
Pune APMC,2025-01-30,1850.0,2164.0,14650.0,7,-14.5
Pune APMC,2025-01-31,2000.0,2121.0,15030.0,7,-5.7
Pune APMC,2025-02-02,2050.0,2079.0,15694.0,7,-1.4
Pune APMC,2025-02-03,2000.0,2021.0,19613.0,7,-1.1
Pune APMC,2025-02-04,2000.0,1993.0,18866.0,7,0.4
Pune APMC,2025-02-05,2100.0,1986.0,18081.0,7,5.8
Pune APMC,2025-02-06,2100.0,2014.0,17620.0,7,4.3
Pune APMC,2025-02-07,2100.0,2050.0,17914.0,7,2.4
Pune APMC,2025-02-13,2250.0,2086.0,17556.0,7,7.9
Pune APMC,2025-02-14,2400.0,2136.0,17349.0,7,12.4
Pune APMC,2025-02-16,2500.0,2207.0,14028.0,7,13.3
Pune APMC,2025-02-17,2400.0,2264.0,14430.0,7,6.0
Pune APMC,2025-02-18,2250.0,2286.0,15470.0,7,-1.6
Pune APMC,2025-02-19,2100.0,2286.0,15415.0,7,-8.1
Pune APMC,2025-02-20,2050.0,2279.0,15899.0,7,-10.0
Pune APMC,2025-02-21,2100.0,2257.0,17157.0,7,-7.0
Pune APMC,2025-02-23,2000.0,2200.0,18296.0,7,-9.1
Pune APMC,2025-02-24,2000.0,2129.0,17155.0,7,-6.0
Pune APMC,2025-02-25,2000.0,2071.0,17419.0,7,-3.4
Pune APMC,2025-02-26,2050.0,2043.0,16326.0,7,0.3
Pune APMC,2025-02-27,2000.0,2029.0,16476.0,7,-1.4
Pune APMC,2025-02-28,1900.0,2007.0,15994.0,7,-5.3
Pune APMC,2025-03-02,2000.0,1993.0,15946.0,7,0.4
Pune APMC,2025-03-03,2000.0,1993.0,14585.0,7,0.4
Pune APMC,2025-03-04,1950.0,1986.0,14915.0,7,-1.8
Pune APMC,2025-03-05,2000.0,1986.0,15014.0,7,0.7
Pune APMC,2025-03-06,1900.0,1964.0,16010.0,7,-3.3
Pune APMC,2025-03-07,1800.0,1936.0,17275.0,7,-7.0
Pune APMC,2025-03-09,1500.0,1879.0,18846.0,7,-20.2
Pune APMC,2025-03-11,1200.0,1764.0,18479.0,7,-32.0
Pune APMC,2025-03-12,1200.0,1650.0,18269.0,7,-27.3
Pune APMC,2025-03-13,1150.0,1536.0,17543.0,7,-25.1
Pune APMC,2025-03-14,1300.0,1436.0,16291.0,7,-9.5
Pune APMC,2025-03-16,1250.0,1343.0,15988.0,7,-6.9
Pune APMC,2025-03-17,1300.0,1271.0,14672.0,7,2.2
Pune APMC,2025-03-18,1300.0,1243.0,12833.0,7,4.6
Pune APMC,2025-03-19,1300.0,1257.0,12034.0,7,3.4
Pune APMC,2025-03-20,1200.0,1257.0,12065.0,7,-4.5
Pune APMC,2025-03-21,1200.0,1264.0,12461.0,7,-5.1
Pune APMC,2025-03-23,1200.0,1250.0,13854.0,7,-4.0
Pune APMC,2025-03-24,1200.0,1243.0,12910.0,7,-3.4
Pune APMC,2025-03-25,1400.0,1257.0,12120.0,7,11.4
Pune APMC,2025-03-26,1500.0,1286.0,11339.0,7,16.7
Pune APMC,2025-03-27,1300.0,1286.0,11247.0,7,1.1
Pune APMC,2025-03-28,1300.0,1300.0,11521.0,7,0.0
Pune APMC,2025-03-30,1300.0,1314.0,11020.0,7,-1.1
Pune APMC,2025-03-31,1300.0,1329.0,9215.0,7,-2.2
Pune APMC,2025-04-01,1200.0,1329.0,9513.0,7,-9.7
Pune APMC,2025-04-02,1200.0,1300.0,10171.0,7,-7.7
Pune APMC,2025-04-03,1200.0,1257.0,10644.0,7,-4.5
Pune APMC,2025-04-04,1100.0,1229.0,10417.0,7,-10.5
Pune APMC,2025-04-06,1200.0,1214.0,9945.0,7,-1.2
Pune APMC,2025-04-07,1200.0,1200.0,9621.0,7,0.0
Pune APMC,2025-04-08,1200.0,1186.0,10814.0,7,1.2
Pune APMC,2025-04-09,1200.0,1186.0,11059.0,7,1.2
Pune APMC,2025-04-10,1100.0,1171.0,10989.0,7,-6.1
Pune APMC,2025-04-11,1000.0,1143.0,11304.0,7,-12.5
Pune APMC,2025-04-13,1000.0,1129.0,11277.0,7,-11.4
Pune APMC,2025-04-14,1000.0,1100.0,10543.0,7,-9.1
Pune APMC,2025-04-15,1000.0,1071.0,10510.0,7,-6.7
Pune APMC,2025-04-16,1100.0,1057.0,9522.0,7,4.1
Pune APMC,2025-04-17,1100.0,1043.0,8849.0,7,5.5
Pune APMC,2025-04-18,1100.0,1043.0,8749.0,7,5.5
Pune APMC,2025-04-20,1100.0,1057.0,8528.0,7,4.1
Pune APMC,2025-04-21,1050.0,1064.0,7983.0,7,-1.3
Pune APMC,2025-04-23,1100.0,1079.0,7962.0,7,2.0
Pune APMC,2025-04-24,1100.0,1093.0,8184.0,7,0.7
Pune APMC,2025-04-25,1100.0,1093.0,8928.0,7,0.7
Pune APMC,2025-04-27,1000.0,1079.0,9579.0,7,-7.3
Pune APMC,2025-04-28,900.0,1050.0,9213.0,7,-14.3
Pune APMC,2025-04-29,1000.0,1036.0,8823.0,7,-3.4
Pune APMC,2025-04-30,1000.0,1029.0,9098.0,7,-2.8
Pune APMC,2025-05-02,900.0,1000.0,9704.0,7,-10.0
Pune APMC,2025-05-04,1000.0,986.0,10316.0,7,1.4
Pune APMC,2025-05-05,1000.0,971.0,10106.0,7,2.9
Pune APMC,2025-05-06,950.0,964.0,9693.0,7,-1.5
Pune APMC,2025-05-07,950.0,971.0,10042.0,7,-2.2
Pune APMC,2025-05-08,950.0,964.0,10305.0,7,-1.5
Pune APMC,2025-05-09,900.0,950.0,10970.0,7,-5.3
Pune APMC,2025-05-11,1000.0,964.0,11159.0,7,3.7
Pune APMC,2025-05-12,1000.0,964.0,10416.0,7,3.7
Pune APMC,2025-05-15,1050.0,971.0,10249.0,7,8.1
Pune APMC,2025-05-16,1050.0,986.0,10630.0,7,6.5
Pune APMC,2025-05-18,1000.0,993.0,11353.0,7,0.7
Pune APMC,2025-05-19,1000.0,1000.0,10739.0,7,0.0
Pune APMC,2025-05-20,1000.0,1014.0,10077.0,7,-1.4
Pune APMC,2025-05-21,950.0,1007.0,9264.0,7,-5.7
Pune APMC,2025-05-22,1000.0,1007.0,9384.0,7,-0.7
Pune APMC,2025-05-23,950.0,993.0,9349.0,7,-4.3
Pune APMC,2025-05-25,1200.0,1014.0,8265.0,7,18.3
Pune APMC,2025-05-26,1200.0,1043.0,6951.0,7,15.1
Pune APMC,2025-05-27,1100.0,1057.0,7860.0,7,4.1
Pune APMC,2025-05-28,1000.0,1057.0,7863.0,7,-5.4
Pune APMC,2025-05-29,1050.0,1071.0,8952.0,7,-2.0
Pune APMC,2025-05-30,950.0,1064.0,10320.0,7,-10.7
Pune APMC,2025-06-01,1000.0,1071.0,11764.0,7,-6.7
Pune APMC,2025-06-03,950.0,1036.0,12188.0,7,-8.3
Pune APMC,2025-06-04,1000.0,1007.0,12236.0,7,-0.7
Pune APMC,2025-06-05,1050.0,1000.0,11253.0,7,5.0
Pune APMC,2025-06-06,1100.0,1014.0,11075.0,7,8.5
Pune APMC,2025-06-08,1050.0,1014.0,10138.0,7,3.5
Pune APMC,2025-06-09,1300.0,1064.0,8601.0,7,22.1
Pune APMC,2025-06-10,1250.0,1100.0,7231.0,7,13.6
Pune APMC,2025-06-11,1250.0,1143.0,7293.0,7,9.4
Pune APMC,2025-06-12,1200.0,1171.0,7457.0,7,2.4
Pune APMC,2025-06-13,1300.0,1207.0,7598.0,7,7.7
Pune APMC,2025-06-15,1250.0,1229.0,8079.0,7,1.7
Pune APMC,2025-06-16,1250.0,1257.0,8183.0,7,-0.6
Pune APMC,2025-06-17,1250.0,1250.0,8007.0,7,0.0
Pune APMC,2025-06-18,1150.0,1236.0,7811.0,7,-6.9
Pune APMC,2025-06-19,1250.0,1236.0,7838.0,7,1.2
Pune APMC,2025-06-20,1150.0,1229.0,7247.0,7,-6.4
Pune APMC,2025-06-22,1300.0,1229.0,7026.0,7,5.8
Pune APMC,2025-06-23,1250.0,1229.0,6550.0,7,1.7
Pune APMC,2025-06-24,1350.0,1243.0,6194.0,7,8.6
Pune APMC,2025-06-25,1450.0,1271.0,6201.0,7,14.0
Pune APMC,2025-06-26,1300.0,1293.0,6396.0,7,0.6
Pune APMC,2025-06-27,1300.0,1300.0,6516.0,7,0.0
Pune APMC,2025-06-29,1200.0,1307.0,7197.0,7,-8.2
Pune APMC,2025-06-30,1150.0,1286.0,7170.0,7,-10.6
Pune APMC,2025-07-01,1200.0,1279.0,7091.0,7,-6.1
Pune APMC,2025-07-03,1250.0,1264.0,7245.0,7,-1.1
Pune APMC,2025-07-04,1150.0,1221.0,7666.0,7,-5.8
Pune APMC,2025-07-06,1150.0,1200.0,7671.0,7,-4.2
Pune APMC,2025-07-07,1200.0,1186.0,7165.0,7,1.2
Pune APMC,2025-07-09,1150.0,1179.0,6909.0,7,-2.4
Pune APMC,2025-07-10,1150.0,1179.0,7004.0,7,-2.4
Pune APMC,2025-07-11,1200.0,1179.0,7418.0,7,1.8
Pune APMC,2025-07-13,1200.0,1171.0,8083.0,7,2.4
Pune APMC,2025-07-14,11000.0,2579.0,7720.0,7,326.6
Pune APMC,2025-07-15,1100.0,2571.0,7451.0,7,-57.2
Pune APMC,2025-07-16,1150.0,2564.0,7481.0,7,-55.2
Pune APMC,2025-07-17,1100.0,2557.0,7706.0,7,-57.0
Pune APMC,2025-07-20,1100.0,2550.0,8093.0,7,-56.9
Pune APMC,2025-07-21,1100.0,2536.0,7783.0,7,-56.6
Pune APMC,2025-07-22,1100.0,2521.0,7423.0,7,-56.4
Pune APMC,2025-07-23,1100.0,1107.0,7378.0,7,-0.6
Pune APMC,2025-07-24,1100.0,1107.0,7474.0,7,-0.6
Pune APMC,2025-07-25,1100.0,1100.0,7798.0,7,0.0
Pune APMC,2025-07-27,1100.0,1100.0,7856.0,7,0.0
Pune APMC,2025-07-28,1100.0,1100.0,7318.0,7,0.0
Pune APMC,2025-07-29,1050.0,1093.0,7296.0,7,-3.9
Pune APMC,2025-07-30,1100.0,1093.0,6685.0,7,0.7
Pune APMC,2025-07-31,1100.0,1093.0,7108.0,7,0.7
Pune APMC,2025-08-01,1100.0,1093.0,7409.0,7,0.7
Pune APMC,2025-08-03,1050.0,1086.0,8181.0,7,-3.3
Pune APMC,2025-08-04,950.0,1064.0,8268.0,7,-10.7
Pune APMC,2025-08-05,1000.0,1050.0,8652.0,7,-4.8
Pune APMC,2025-08-06,1050.0,1050.0,8952.0,7,0.0
Pune APMC,2025-08-07,1050.0,1043.0,9542.0,7,0.7
Pune APMC,2025-08-08,1100.0,1043.0,9554.0,7,5.5
Pune APMC,2025-08-10,1150.0,1050.0,9058.0,7,9.5
Pune APMC,2025-08-11,1100.0,1057.0,7818.0,7,4.1
Pune APMC,2025-08-12,1200.0,1093.0,7385.0,7,9.8
Pune APMC,2025-08-13,1150.0,1114.0,7584.0,7,3.2
Pune APMC,2025-08-14,1200.0,1136.0,8160.0,7,5.7
Pune APMC,2025-08-17,1200.0,1157.0,8860.0,7,3.7
Pune APMC,2025-08-18,1200.0,1171.0,9068.0,7,2.4
Pune APMC,2025-08-19,1200.0,1179.0,9326.0,7,1.8
Pune APMC,2025-08-20,1200.0,1193.0,9537.0,7,0.6
Pune APMC,2025-08-21,1150.0,1186.0,9709.0,7,-3.0
Pune APMC,2025-08-22,1100.0,1179.0,9874.0,7,-6.7
Pune APMC,2025-08-24,1200.0,1179.0,9903.0,7,1.8
Pune APMC,2025-08-25,1150.0,1171.0,9306.0,7,-1.8
Pune APMC,2025-08-26,1200.0,1171.0,9390.0,7,2.4
Pune APMC,2025-08-27,1075.0,1154.0,9433.0,7,-6.8
Pune APMC,2025-08-28,1050.0,1132.0,9667.0,7,-7.3
Pune APMC,2025-08-29,1100.0,1125.0,9817.0,7,-2.2
Pune APMC,2025-08-31,1050.0,1118.0,9848.0,7,-6.1
Pune APMC,2025-09-01,1100.0,1104.0,9267.0,7,-0.3
Pune APMC,2025-09-02,1050.0,1089.0,9050.0,7,-3.6
Pune APMC,2025-09-03,1050.0,1068.0,8511.0,7,-1.7
Pune APMC,2025-09-04,1100.0,1071.0,8387.0,7,2.7
Pune APMC,2025-09-05,1100.0,1079.0,8658.0,7,2.0
Pune APMC,2025-09-08,1100.0,1079.0,9291.0,7,2.0
Pune APMC,2025-09-09,1000.0,1071.0,9161.0,7,-6.7
Pune APMC,2025-09-10,1050.0,1064.0,9342.0,7,-1.3
Pune APMC,2025-09-11,1000.0,1057.0,11361.0,7,-5.4
Pune APMC,2025-09-12,950.0,1043.0,12038.0,7,-8.9
Pune APMC,2025-09-14,9500.0,2243.0,12691.0,7,323.6
Pune APMC,2025-09-15,950.0,2221.0,12547.0,7,-57.2
Pune APMC,2025-09-16,1000.0,2207.0,11270.0,7,-54.7
Pune APMC,2025-09-17,950.0,2200.0,10838.0,7,-56.8
Pune APMC,2025-09-18,1000.0,2193.0,10690.0,7,-54.4
Pune APMC,2025-09-19,1000.0,2193.0,9081.0,7,-54.4
Pune APMC,2025-09-21,900.0,2186.0,9070.0,7,-58.8
Pune APMC,2025-09-22,950.0,964.0,8297.0,7,-1.5
Pune APMC,2025-09-23,1000.0,971.0,8050.0,7,2.9
Pune APMC,2025-09-24,950.0,964.0,8871.0,7,-1.5
Pune APMC,2025-09-25,900.0,957.0,9776.0,7,-6.0
Pune APMC,2025-09-26,850.0,936.0,10532.0,7,-9.2
Pune APMC,2025-09-28,950.0,929.0,10303.0,7,2.3
Pune APMC,2025-09-29,950.0,936.0,9295.0,7,1.5
Pune APMC,2025-09-30,1000.0,943.0,9443.0,7,6.1
Pune APMC,2025-10-01,1000.0,943.0,9475.0,7,6.1
Pune APMC,2025-10-02,1000.0,950.0,9158.0,7,5.3
Pune APMC,2025-10-03,1000.0,964.0,7874.0,7,3.7
Pune APMC,2025-10-05,1000.0,986.0,7825.0,7,1.4
Pune APMC,2025-10-06,1000.0,993.0,8060.0,7,0.7
Pune APMC,2025-10-07,1000.0,1000.0,9454.0,7,0.0
Pune APMC,2025-10-08,950.0,993.0,10344.0,7,-4.3
Pune APMC,2025-10-09,900.0,979.0,11137.0,7,-8.0
Pune APMC,2025-10-12,900.0,964.0,12056.0,7,-6.7
Pune APMC,2025-10-13,900.0,950.0,12828.0,7,-5.3
Pune APMC,2025-10-14,900.0,936.0,12526.0,7,-3.8
Pune APMC,2025-10-15,900.0,921.0,12719.0,7,-2.3
Pune APMC,2025-10-16,900.0,907.0,12056.0,7,-0.8
Pune APMC,2025-10-19,850.0,893.0,11794.0,7,-4.8
Pune APMC,2025-10-20,850.0,886.0,10849.0,7,-4.0
Pune APMC,2025-10-21,950.0,893.0,9525.0,7,6.4
Pune APMC,2025-10-22,950.0,900.0,8804.0,7,5.6
Pune APMC,2025-10-24,1000.0,914.0,8055.0,7,9.4
Pune APMC,2025-10-26,1300.0,971.0,7651.0,7,33.8
Pune APMC,2025-10-27,1250.0,1021.0,7812.0,7,22.4
Pune APMC,2025-10-28,1100.0,1057.0,8782.0,7,4.1
Pune APMC,2025-10-29,1150.0,1100.0,10085.0,7,4.5
Pune APMC,2025-10-30,1100.0,1121.0,11158.0,7,-1.9
Pune APMC,2025-10-31,1150.0,1150.0,12236.0,7,0.0
Pune APMC,2025-11-02,1150.0,1171.0,13693.0,7,-1.8
Pune APMC,2025-11-03,1150.0,1150.0,14337.0,7,0.0
Pune APMC,2025-11-04,1100.0,1129.0,14494.0,7,-2.5
Pune APMC,2025-11-05,1150.0,1136.0,13459.0,7,1.3
Pune APMC,2025-11-07,1100.0,1129.0,13090.0,7,-2.5
Pune APMC,2025-11-09,1150.0,1136.0,13627.0,7,1.3
Pune APMC,2025-11-10,1100.0,1129.0,13386.0,7,-2.5
Pune APMC,2025-11-11,1400.0,1164.0,12472.0,7,20.2
Pune APMC,2025-11-12,1050.0,1150.0,11899.0,7,-8.7
Pune APMC,2025-11-14,1050.0,1143.0,11770.0,7,-8.1
Pune APMC,2025-11-16,1250.0,1157.0,12349.0,7,8.0
Pune APMC,2025-11-17,1200.0,1171.0,12131.0,7,2.4
Pune APMC,2025-11-18,1100.0,1164.0,11523.0,7,-5.5
Pune APMC,2025-11-19,1050.0,1157.0,11453.0,7,-9.3
Pune APMC,2025-11-20,1100.0,1114.0,11484.0,7,-1.3
Pune APMC,2025-11-21,1100.0,1121.0,12174.0,7,-1.9
Pune APMC,2025-11-23,1100.0,1129.0,13146.0,7,-2.5
Pune APMC,2025-11-24,1050.0,1100.0,12451.0,7,-4.5
Pune APMC,2025-11-25,1000.0,1071.0,12594.0,7,-6.7
Pune APMC,2025-11-26,1100.0,1071.0,12346.0,7,2.7
Pune APMC,2025-11-27,1050.0,1071.0,12408.0,7,-2.0
Pune APMC,2025-11-28,1000.0,1057.0,12603.0,7,-5.4
Pune APMC,2025-11-30,1050.0,1050.0,12566.0,7,0.0
Pune APMC,2025-12-01,1050.0,1043.0,11455.0,7,0.7
Pune APMC,2025-12-02,1050.0,1043.0,11585.0,7,0.7
Pune APMC,2025-12-03,1050.0,1050.0,11278.0,7,0.0
Pune APMC,2025-12-04,1000.0,1036.0,11515.0,7,-3.4
Pune APMC,2025-12-05,1050.0,1036.0,11716.0,7,1.4
Pune APMC,2025-12-07,1000.0,1036.0,11774.0,7,-3.4
Pune APMC,2025-12-08,1250.0,1064.0,10720.0,7,17.4
Pune APMC,2025-12-09,1250.0,1093.0,10351.0,7,14.4
Pune APMC,2025-12-11,1300.0,1129.0,10484.0,7,15.2
Pune APMC,2025-12-12,1550.0,1200.0,10624.0,7,29.2
Pune APMC,2025-12-14,1700.0,1300.0,10801.0,7,30.8
Pune APMC,2025-12-15,1850.0,1414.0,10440.0,7,30.8
Pune APMC,2025-12-16,1900.0,1543.0,10208.0,7,23.1
Pune APMC,2025-12-17,2000.0,1650.0,10597.0,7,21.2
Pune APMC,2025-12-18,1750.0,1721.0,11306.0,7,1.7
Pune APMC,2025-12-19,1550.0,1757.0,11939.0,7,-11.8
Pune APMC,2025-12-21,1300.0,1721.0,13460.0,7,-24.5
Pune APMC,2025-12-22,1350.0,1671.0,13199.0,7,-19.2
Pune APMC,2025-12-23,1400.0,1607.0,13385.0,7,-12.9
Pune APMC,2025-12-24,1450.0,1543.0,13370.0,7,-6.0
Pune APMC,2025-12-25,1350.0,1450.0,13808.0,7,-6.9
Pune APMC,2025-12-29,1350.0,1393.0,14196.0,7,-3.1
Pune APMC,2025-12-30,1400.0,1371.0,14005.0,7,2.1
Pune APMC,2025-12-31,1400.0,1386.0,12912.0,7,1.0
Pune APMC,2026-01-01,1400.0,1393.0,12979.0,7,0.5
Pune APMC,2026-01-02,1350.0,1386.0,13944.0,7,-2.6
Pune APMC,2026-01-04,1350.0,1371.0,15698.0,7,-1.6
Pune APMC,2026-01-05,1250.0,1357.0,16150.0,7,-7.9
Pune APMC,2026-01-06,1250.0,1343.0,16642.0,7,-6.9
Pune APMC,2026-01-07,1250.0,1321.0,16675.0,7,-5.4
Pune APMC,2026-01-08,1100.0,1279.0,17152.0,7,-14.0
Pune APMC,2026-01-09,1150.0,1243.0,18289.0,7,-7.5
Pune APMC,2026-01-11,1150.0,1214.0,18230.0,7,-5.3
Pune APMC,2026-01-12,1150.0,1186.0,17001.0,7,-3.0
Pune APMC,2026-01-13,1250.0,1186.0,16758.0,7,5.4
Pune APMC,2026-01-14,1150.0,1171.0,15854.0,7,-1.8
Pune APMC,2026-01-16,1150.0,1157.0,16184.0,7,-0.6
Pune APMC,2026-01-21,1250.0,1179.0,15793.0,7,6.1
Pune APMC,2026-01-22,1200.0,1186.0,15199.0,7,1.2
Pune APMC,2026-01-23,1150.0,1186.0,15702.0,7,-3.0
Pune APMC,2026-01-25,1100.0,1179.0,16895.0,7,-6.7
Pune APMC,2026-01-27,1100.0,1157.0,17601.0,7,-4.9
Pune APMC,2026-01-28,1150.0,1157.0,18256.0,7,-0.6
Pune APMC,2026-01-30,1150.0,1157.0,18781.0,7,-0.6
Pune APMC,2026-02-01,1000.0,1121.0,19568.0,7,-10.8
Pune APMC,2026-02-02,1000.0,1093.0,19649.0,7,-8.5
Pune APMC,2026-02-03,1000.0,1071.0,19185.0,7,-6.7
Pune APMC,2026-02-04,950.0,1050.0,17755.0,7,-9.5
Pune APMC,2026-02-05,950.0,1029.0,17344.0,7,-7.6
Pune APMC,2026-02-06,1000.0,1007.0,17117.0,7,-0.7
Pune APMC,2026-02-08,1000.0,986.0,16113.0,7,1.4
Pune APMC,2026-02-09,1000.0,986.0,15112.0,7,1.4
Pune APMC,2026-02-10,1000.0,986.0,14986.0,7,1.4
Pune APMC,2026-02-11,1000.0,986.0,14688.0,7,1.4
Pune APMC,2026-02-12,1000.0,993.0,15213.0,7,0.7
Pune APMC,2026-02-13,1000.0,1000.0,16027.0,7,0.0
Pune APMC,2026-02-15,1000.0,1000.0,16883.0,7,0.0
Pune APMC,2026-02-16,1000.0,1000.0,17278.0,7,0.0
Pune APMC,2026-02-17,950.0,993.0,17915.0,7,-4.3
Pune APMC,2026-02-18,950.0,986.0,18247.0,7,-3.6
Pune APMC,2026-02-19,900.0,971.0,18522.0,7,-7.4
Pune APMC,2026-02-20,900.0,957.0,19295.0,7,-6.0
Pune APMC,2026-02-22,900.0,943.0,19403.0,7,-4.5
Pune APMC,2026-02-24,850.0,921.0,18731.0,7,-7.8
Pune APMC,2026-02-26,850.0,900.0,18169.0,7,-5.6
Pune APMC,2026-02-27,900.0,893.0,17754.0,7,0.8
Pune APMC,2026-03-01,800.0,871.0,18349.0,7,-8.2
Pune APMC,2026-03-04,850.0,864.0,18107.0,7,-1.7
Pune APMC,2026-03-05,900.0,864.0,17076.0,7,4.1
Pune APMC,2026-03-06,850.0,857.0,16208.0,7,-0.8
Pune APMC,2026-03-08,950.0,871.0,16930.0,7,9.0
Pune APMC,2026-03-09,900.0,879.0,17220.0,7,2.4
Pune APMC,2026-03-10,900.0,879.0,17409.0,7,2.4
Pune APMC,2026-03-11,1000.0,907.0,16236.0,7,10.2
Pune APMC,2026-03-13,900.0,914.0,16218.0,7,-1.6
Pune APMC,2026-03-15,850.0,907.0,16957.0,7,-6.3
Pune APMC,2026-03-16,850.0,907.0,16753.0,7,-6.3
Pune APMC,2026-03-17,800.0,886.0,15349.0,7,-9.7
Pune APMC,2026-03-18,800.0,871.0,14699.0,7,-8.2
Pune APMC,2026-03-19,850.0,864.0,13704.0,7,-1.7
Pune APMC,2026-03-20,900.0,850.0,13133.0,7,5.9
Pune APMC,2026-03-22,800.0,836.0,13086.0,7,-4.3
Pune APMC,2026-03-23,900.0,843.0,11879.0,7,6.8
Pune APMC,2026-03-24,850.0,843.0,11214.0,7,0.8
Pune APMC,2026-03-25,900.0,857.0,11034.0,7,5.0
Pune APMC,2026-03-26,850.0,864.0,11042.0,7,-1.7
Pune APMC,2026-03-27,850.0,864.0,11799.0,7,-1.7
Pune APMC,2026-03-29,850.0,857.0,13396.0,7,-0.8
Pune APMC,2026-03-30,850.0,864.0,13092.0,7,-1.7
Pune APMC,2026-04-01,900.0,864.0,12929.0,7,4.1
Pune APMC,2026-04-02,850.0,864.0,12588.0,7,-1.7
Pune APMC,2026-04-03,800.0,850.0,12315.0,7,-5.9
Pune APMC,2026-04-05,900.0,857.0,12604.0,7,5.0
Pune APMC,2026-04-06,950.0,871.0,12113.0,7,9.0
Pune APMC,2026-04-07,900.0,879.0,10854.0,7,2.4
Pune APMC,2026-04-08,900.0,886.0,10308.0,7,1.6
Pune APMC,2026-04-09,900.0,886.0,10363.0,7,1.6
Pune APMC,2026-04-10,900.0,893.0,11127.0,7,0.8
Pune APMC,2026-04-12,900.0,907.0,11954.0,7,-0.8
Pune APMC,2026-04-13,900.0,907.0,11678.0,7,-0.8
Pune APMC,2026-04-14,800.0,886.0,11814.0,7,-9.7
Pune APMC,2026-04-15,800.0,871.0,11764.0,7,-8.2
Pune APMC,2026-04-17,800.0,857.0,12249.0,7,-6.7
Pune APMC,2026-04-19,800.0,843.0,13515.0,7,-5.1
Pune APMC,2026-04-20,750.0,821.0,12905.0,7,-8.7
Pune APMC,2026-04-21,700.0,793.0,12293.0,7,-11.7
Pune APMC,2026-04-22,750.0,771.0,11586.0,7,-2.8
Pune APMC,2026-04-23,750.0,764.0,10888.0,7,-1.9
Pune APMC,2026-04-26,800.0,764.0,11055.0,7,4.7
Pune APMC,2026-04-27,800.0,764.0,10338.0,7,4.7
Pune APMC,2026-04-28,850.0,771.0,8765.0,7,10.2
Pune APMC,2026-04-29,800.0,779.0,8675.0,7,2.8
Pune APMC,2026-05-03,950.0,814.0,9401.0,7,16.7
Pune APMC,2026-05-04,900.0,836.0,10184.0,7,7.7
Pune APMC,2026-05-05,900.0,857.0,11271.0,7,5.0
Pune APMC,2026-05-10,850.0,864.0,11541.0,7,-1.7
Pune APMC,2026-05-11,850.0,871.0,11795.0,7,-2.5
Pune APMC,2026-05-12,850.0,871.0,11885.0,7,-2.5
Pune APMC,2026-05-13,850.0,879.0,11824.0,7,-3.3
Pune APMC,2026-05-14,850.0,864.0,10846.0,7,-1.7
Pune APMC,2026-05-15,950.0,871.0,10665.0,7,9.0
Pune APMC,2026-05-17,900.0,871.0,10341.0,7,3.3
Pune APMC,2026-05-18,950.0,886.0,9581.0,7,7.3
Pune APMC,2026-05-19,1000.0,907.0,9709.0,7,10.2
Pune APMC,2026-05-20,950.0,921.0,9806.0,7,3.1
Pune APMC,2026-05-21,900.0,929.0,10170.0,7,-3.1
Pune APMC,2026-05-22,900.0,936.0,10523.0,7,-3.8
Pune APMC,2026-05-24,950.0,936.0,10974.0,7,1.5
Pune APMC,2026-05-25,950.0,943.0,10596.0,7,0.8
Pune APMC,2026-05-26,950.0,943.0,10732.0,7,0.8
Pune APMC,2026-05-27,1100.0,957.0,10253.0,7,14.9
Pune APMC,2026-05-28,1050.0,971.0,9814.0,7,8.1
Pune APMC,2026-05-29,1100.0,1000.0,9421.0,7,10.0
Pune APMC,2026-06-01,1250.0,1050.0,9005.0,7,19.0
Pune APMC,2026-06-02,1200.0,1086.0,8847.0,7,10.5
Pune APMC,2026-06-03,1200.0,1121.0,8954.0,7,7.0
Pune APMC,2026-06-04,1200.0,1157.0,9221.0,7,3.7
Pune APMC,2026-06-05,1200.0,1171.0,9849.0,7,2.4
Pune APMC,2026-06-07,1350.0,1214.0,10237.0,7,11.2
Pune APMC,2026-06-08,1250.0,1236.0,10172.0,7,1.2
Pune APMC,2026-06-09,1150.0,1221.0,10126.0,7,-5.8
Pune APMC,2026-06-10,1150.0,1214.0,9809.0,7,-5.3
Pune APMC,2026-06-11,1300.0,1229.0,9997.0,7,5.8
Pune APMC,2026-06-12,1200.0,1229.0,9816.0,7,-2.3
Pune APMC,2026-06-15,1150.0,1221.0,9048.0,7,-5.8
Pune APMC,2026-06-16,1250.0,1207.0,8515.0,7,3.6
Pune APMC,2026-06-17,1400.0,1229.0,8305.0,7,14.0
Pune APMC,2026-06-18,1400.0,1264.0,8567.0,7,10.7
Pune APMC,2026-06-19,1400.0,1300.0,8720.0,7,7.7
Pune APMC,2026-06-21,1350.0,1307.0,9072.0,7,3.3
Pune APMC,2026-06-22,1400.0,1336.0,8657.0,7,4.8
Pune APMC,2026-06-23,1400.0,1371.0,9117.0,7,2.1
Pune APMC,2026-06-24,1400.0,1393.0,9157.0,7,0.5
Pune APMC,2026-06-25,1650.0,1429.0,9680.0,7,15.5
Pune APMC,2026-06-26,1700.0,1471.0,10027.0,7,15.5
Pune APMC,2026-06-28,1650.0,1507.0,10719.0,7,9.5
Pune APMC,2026-06-29,1600.0,1543.0,9801.0,7,3.7
Pune APMC,2026-06-30,1650.0,1579.0,10097.0,7,4.5
Pune(Manjri) APMC,2024-06-01,2200.0,2200.0,109.0,1,0.0
Pune(Manjri) APMC,2024-06-02,2200.0,2200.0,118.0,2,0.0
Pune(Manjri) APMC,2024-06-03,1600.0,2000.0,125.0,3,-20.0
Pune(Manjri) APMC,2024-06-04,1700.0,1925.0,112.0,4,-11.7
Pune(Manjri) APMC,2024-06-05,1500.0,1840.0,116.0,5,-18.5
Pune(Manjri) APMC,2024-06-06,1600.0,1800.0,114.0,6,-11.1
Pune(Manjri) APMC,2024-06-07,1800.0,1800.0,109.0,7,0.0
Pune(Manjri) APMC,2024-06-08,1800.0,1743.0,109.0,7,3.3
Pune(Manjri) APMC,2024-06-09,1800.0,1686.0,106.0,7,6.8
Pune(Manjri) APMC,2024-06-10,1800.0,1714.0,100.0,7,5.0
Pune(Manjri) APMC,2024-06-11,2000.0,1757.0,106.0,7,13.8
Pune(Manjri) APMC,2024-06-12,2100.0,1843.0,99.0,7,14.0
Pune(Manjri) APMC,2024-06-13,1900.0,1886.0,99.0,7,0.8
Pune(Manjri) APMC,2024-06-14,1800.0,1886.0,102.0,7,-4.5
Pune(Manjri) APMC,2024-06-15,2300.0,1957.0,103.0,7,17.5
Pune(Manjri) APMC,2024-06-16,2000.0,1986.0,94.0,7,0.7
Pune(Manjri) APMC,2024-06-17,2400.0,2071.0,91.0,7,15.9
Pune(Manjri) APMC,2024-06-18,2400.0,2129.0,85.0,7,12.8
Pune(Manjri) APMC,2024-06-19,2000.0,2114.0,82.0,7,-5.4
Pune(Manjri) APMC,2024-06-20,2400.0,2186.0,81.0,7,9.8
Pune(Manjri) APMC,2024-06-21,2200.0,2243.0,76.0,7,-1.9
Pune(Manjri) APMC,2024-06-22,2200.0,2229.0,69.0,7,-1.3
Pune(Manjri) APMC,2024-06-23,2200.0,2257.0,75.0,7,-2.5
Pune(Manjri) APMC,2024-06-24,2200.0,2229.0,74.0,7,-1.3
Pune(Manjri) APMC,2024-06-25,2200.0,2200.0,77.0,7,0.0
Pune(Manjri) APMC,2024-06-26,2400.0,2257.0,80.0,7,6.3
Pune(Manjri) APMC,2024-06-27,2800.0,2314.0,78.0,7,21.0
Pune(Manjri) APMC,2024-06-28,2400.0,2343.0,77.0,7,2.4
Pune(Manjri) APMC,2024-06-29,2800.0,2429.0,77.0,7,15.3
Pune(Manjri) APMC,2024-06-30,2800.0,2514.0,73.0,7,11.4
Pune(Manjri) APMC,2024-07-01,2700.0,2586.0,73.0,7,4.4
Pune(Manjri) APMC,2024-07-02,1700.0,2514.0,63.0,7,-32.4
Pune(Manjri) APMC,2024-07-03,2600.0,2543.0,63.0,7,2.2
Pune(Manjri) APMC,2024-07-04,2200.0,2457.0,62.0,7,-10.5
Pune(Manjri) APMC,2024-07-05,2200.0,2429.0,63.0,7,-9.4
Pune(Manjri) APMC,2024-07-06,2200.0,2343.0,67.0,7,-6.1
Pune(Manjri) APMC,2024-07-07,2500.0,2300.0,73.0,7,8.7
Pune(Manjri) APMC,2024-07-08,2700.0,2300.0,79.0,7,17.4
Pune(Manjri) APMC,2024-07-09,2400.0,2400.0,85.0,7,0.0
Pune(Manjri) APMC,2024-07-10,2600.0,2400.0,84.0,7,8.3
Pune(Manjri) APMC,2024-07-11,2600.0,2457.0,87.0,7,5.8
Pune(Manjri) APMC,2024-07-12,2200.0,2457.0,86.0,7,-10.5
Pune(Manjri) APMC,2024-07-13,2200.0,2457.0,81.0,7,-10.5
Pune(Manjri) APMC,2024-07-14,2200.0,2414.0,75.0,7,-8.9
Pune(Manjri) APMC,2024-07-15,2600.0,2400.0,71.0,7,8.3
Pune(Manjri) APMC,2024-07-16,3000.0,2486.0,71.0,7,20.7
Pune(Manjri) APMC,2024-07-17,2600.0,2486.0,64.0,7,4.6
Pune(Manjri) APMC,2024-07-18,2500.0,2471.0,62.0,7,1.2
Pune(Manjri) APMC,2024-07-19,2500.0,2514.0,63.0,7,-0.6
Pune(Manjri) APMC,2024-07-20,2600.0,2571.0,63.0,7,1.1
Pune(Manjri) APMC,2024-07-21,2600.0,2629.0,66.0,7,-1.1
Pune(Manjri) APMC,2024-07-22,2100.0,2557.0,64.0,7,-17.9
Pune(Manjri) APMC,2024-07-23,2200.0,2443.0,62.0,7,-9.9
Pune(Manjri) APMC,2024-07-24,2800.0,2471.0,63.0,7,13.3
Pune(Manjri) APMC,2024-07-25,2200.0,2429.0,55.0,7,-9.4
Pune(Manjri) APMC,2024-07-26,2700.0,2457.0,58.0,7,9.9
Pune(Manjri) APMC,2024-07-27,2200.0,2400.0,62.0,7,-8.3
Pune(Manjri) APMC,2024-07-28,2200.0,2343.0,62.0,7,-6.1
Pune(Manjri) APMC,2024-07-29,2600.0,2414.0,61.0,7,7.7
Pune(Manjri) APMC,2024-07-30,2800.0,2500.0,63.0,7,12.0
Pune(Manjri) APMC,2024-07-31,2800.0,2500.0,64.0,7,12.0
Pune(Manjri) APMC,2024-09-01,4500.0,2829.0,77.0,7,59.1
Pune(Manjri) APMC,2024-09-02,3500.0,2943.0,78.0,7,18.9
Pune(Manjri) APMC,2024-09-03,3600.0,3143.0,77.0,7,14.5
Pune(Manjri) APMC,2024-09-04,3600.0,3343.0,79.0,7,7.7
Pune(Manjri) APMC,2024-09-05,3500.0,3471.0,81.0,7,0.8
Pune(Manjri) APMC,2024-09-06,3000.0,3500.0,82.0,7,-14.3
Pune(Manjri) APMC,2024-09-07,3000.0,3529.0,85.0,7,-15.0
Pune(Manjri) APMC,2024-09-08,3500.0,3386.0,76.0,7,3.4
Pune(Manjri) APMC,2024-09-09,4000.0,3457.0,76.0,7,15.7
Pune(Manjri) APMC,2024-09-10,3600.0,3457.0,75.0,7,4.1
Pune(Manjri) APMC,2024-09-11,4000.0,3514.0,73.0,7,13.8
Pune(Manjri) APMC,2024-09-12,3600.0,3529.0,74.0,7,2.0
Pune(Manjri) APMC,2024-09-13,4000.0,3671.0,76.0,7,8.9
Pune(Manjri) APMC,2024-09-14,4000.0,3814.0,76.0,7,4.9
Pune(Manjri) APMC,2024-09-15,4000.0,3886.0,82.0,7,2.9
Pune(Manjri) APMC,2024-09-16,4000.0,3886.0,78.0,7,2.9
Pune(Manjri) APMC,2024-09-17,3700.0,3900.0,77.0,7,-5.1
Pune(Manjri) APMC,2024-09-19,3700.0,3857.0,78.0,7,-4.1
Pune(Manjri) APMC,2024-09-20,3500.0,3843.0,77.0,7,-8.9
Pune(Manjri) APMC,2024-09-21,3700.0,3800.0,77.0,7,-2.6
Pune(Manjri) APMC,2024-09-22,3500.0,3729.0,78.0,7,-6.1
Pune(Manjri) APMC,2024-09-23,3500.0,3657.0,75.0,7,-4.3
Pune(Manjri) APMC,2024-09-24,1800.0,3343.0,76.0,7,-46.2
Pune(Manjri) APMC,2024-09-25,3500.0,3314.0,75.0,7,5.6
Pune(Manjri) APMC,2024-09-26,3500.0,3286.0,71.0,7,6.5
Pune(Manjri) APMC,2024-09-27,4000.0,3357.0,72.0,7,19.1
Pune(Manjri) APMC,2024-09-28,4000.0,3400.0,72.0,7,17.6
Pune(Manjri) APMC,2024-09-29,3800.0,3443.0,72.0,7,10.4
Pune(Manjri) APMC,2024-09-30,3000.0,3371.0,75.0,7,-11.0
Pune(Manjri) APMC,2024-10-01,2600.0,3486.0,75.0,7,-25.4
Pune(Manjri) APMC,2024-10-02,2700.0,3371.0,77.0,7,-19.9
Pune(Manjri) APMC,2024-10-03,3300.0,3343.0,78.0,7,-1.3
Pune(Manjri) APMC,2024-10-04,2800.0,3171.0,79.0,7,-11.7
Pune(Manjri) APMC,2024-10-05,3100.0,3043.0,75.0,7,1.9
Pune(Manjri) APMC,2024-10-06,2700.0,2886.0,71.0,7,-6.4
Pune(Manjri) APMC,2024-10-09,3100.0,2900.0,69.0,7,6.9
Pune(Manjri) APMC,2024-10-10,2600.0,2900.0,70.0,7,-10.3
Pune(Manjri) APMC,2024-10-11,2600.0,2886.0,69.0,7,-9.9
Pune(Manjri) APMC,2024-10-12,3300.0,2886.0,67.0,7,14.4
Pune(Manjri) APMC,2024-10-13,3300.0,2957.0,66.0,7,11.6
Pune(Manjri) APMC,2024-10-14,2600.0,2886.0,69.0,7,-9.9
Pune(Manjri) APMC,2024-10-15,2800.0,2900.0,75.0,7,-3.4
Pune(Manjri) APMC,2024-10-16,2200.0,2771.0,74.0,7,-20.6
Pune(Manjri) APMC,2024-10-17,2200.0,2714.0,72.0,7,-18.9
Pune(Manjri) APMC,2024-10-18,2800.0,2743.0,73.0,7,2.1
Pune(Manjri) APMC,2024-10-19,2700.0,2657.0,74.0,7,1.6
Pune(Manjri) APMC,2024-10-20,2800.0,2586.0,73.0,7,8.3
Pune(Manjri) APMC,2024-10-21,2600.0,2586.0,70.0,7,0.6
Pune(Manjri) APMC,2024-10-22,3200.0,2643.0,67.0,7,21.1
Pune(Manjri) APMC,2024-10-23,3300.0,2800.0,64.0,7,17.9
Pune(Manjri) APMC,2024-10-24,3500.0,2986.0,65.0,7,17.2
Pune(Manjri) APMC,2024-10-25,3100.0,3029.0,66.0,7,2.4
Pune(Manjri) APMC,2024-10-26,2200.0,2957.0,67.0,7,-25.6
Pune(Manjri) APMC,2024-10-27,3000.0,2986.0,66.0,7,0.5
Pune(Manjri) APMC,2024-10-28,3100.0,3057.0,66.0,7,1.4
Pune(Manjri) APMC,2024-10-29,2600.0,2971.0,64.0,7,-12.5
Pune(Manjri) APMC,2024-10-30,2200.0,2814.0,63.0,7,-21.8
Pune(Manjri) APMC,2024-10-31,2600.0,2686.0,57.0,7,-3.2
Pune(Manjri) APMC,2024-11-01,2600.0,2614.0,50.0,7,-0.5
Pune(Manjri) APMC,2024-11-02,2600.0,2671.0,51.0,7,-2.7
Pune(Manjri) APMC,2024-11-03,2600.0,2614.0,46.0,7,-0.5
Pune(Manjri) APMC,2024-11-04,2600.0,2543.0,45.0,7,2.2
Pune(Manjri) APMC,2024-11-05,3700.0,2700.0,46.0,7,37.0
Pune(Manjri) APMC,2024-11-06,3500.0,2886.0,48.0,7,21.3
Pune(Manjri) APMC,2024-11-07,3500.0,3014.0,54.0,7,16.1
Pune(Manjri) APMC,2024-11-08,3500.0,3143.0,64.0,7,11.4
Pune(Manjri) APMC,2024-11-09,4000.0,3343.0,63.0,7,19.7
Pune(Manjri) APMC,2024-11-10,3500.0,3471.0,71.0,7,0.8
Pune(Manjri) APMC,2024-11-11,3800.0,3643.0,69.0,7,4.3
Pune(Manjri) APMC,2024-11-12,3500.0,3614.0,65.0,7,-3.2
Pune(Manjri) APMC,2024-11-13,4000.0,3686.0,67.0,7,8.5
Pune(Manjri) APMC,2024-11-14,3300.0,3657.0,63.0,7,-9.8
Pune(Manjri) APMC,2024-11-15,3500.0,3657.0,57.0,7,-4.3
Pune(Manjri) APMC,2024-11-16,4000.0,3657.0,64.0,7,9.4
Pune(Manjri) APMC,2024-11-17,4500.0,3800.0,64.0,7,18.4
Pune(Manjri) APMC,2024-11-18,3700.0,3786.0,63.0,7,-2.3
Pune(Manjri) APMC,2024-11-19,4600.0,3943.0,70.0,7,16.7
Pune(Manjri) APMC,2024-11-21,4600.0,4029.0,74.0,7,14.2
Pune(Manjri) APMC,2024-11-22,3500.0,4057.0,79.0,7,-13.7
Pune(Manjri) APMC,2024-11-23,4000.0,4129.0,81.0,7,-3.1
Pune(Manjri) APMC,2024-11-24,4000.0,4129.0,80.0,7,-3.1
Pune(Manjri) APMC,2024-11-25,5000.0,4200.0,75.0,7,19.0
Pune(Manjri) APMC,2024-11-26,5000.0,4386.0,78.0,7,14.0
Pune(Manjri) APMC,2024-11-27,3600.0,4243.0,78.0,7,-15.2
Pune(Manjri) APMC,2024-11-28,5500.0,4371.0,73.0,7,25.8
Pune(Manjri) APMC,2024-12-02,4500.0,4514.0,71.0,7,-0.3
Pune(Manjri) APMC,2024-12-03,4400.0,4571.0,71.0,7,-3.8
Pune(Manjri) APMC,2024-12-04,4600.0,4657.0,64.0,7,-1.2
Pune(Manjri) APMC,2024-12-05,4300.0,4557.0,67.0,7,-5.6
Pune(Manjri) APMC,2024-12-06,4200.0,4443.0,70.0,7,-5.5
Pune(Manjri) APMC,2024-12-07,4000.0,4500.0,67.0,7,-11.1
Pune(Manjri) APMC,2024-12-08,4000.0,4286.0,69.0,7,-6.7
Pune(Manjri) APMC,2024-12-09,4800.0,4329.0,67.0,7,10.9
Pune(Manjri) APMC,2024-12-10,4600.0,4357.0,70.0,7,5.6
Pune(Manjri) APMC,2024-12-11,4400.0,4329.0,70.0,7,1.7
Pune(Manjri) APMC,2024-12-12,4000.0,4286.0,67.0,7,-6.7
Pune(Manjri) APMC,2024-12-13,3800.0,4229.0,63.0,7,-10.1
Pune(Manjri) APMC,2024-12-14,4000.0,4229.0,59.0,7,-5.4
Pune(Manjri) APMC,2024-12-15,3800.0,4200.0,58.0,7,-9.5
Pune(Manjri) APMC,2024-12-16,3600.0,4029.0,57.0,7,-10.6
Pune(Manjri) APMC,2024-12-17,3800.0,3914.0,55.0,7,-2.9
Pune(Manjri) APMC,2024-12-18,3000.0,3714.0,53.0,7,-19.2
Pune(Manjri) APMC,2024-12-19,2700.0,3529.0,52.0,7,-23.5
Pune(Manjri) APMC,2024-12-20,2300.0,3314.0,52.0,7,-30.6
Pune(Manjri) APMC,2024-12-21,2700.0,3129.0,57.0,7,-13.7
Pune(Manjri) APMC,2024-12-22,3100.0,3029.0,58.0,7,2.4
Pune(Manjri) APMC,2024-12-23,3000.0,2943.0,58.0,7,1.9
Pune(Manjri) APMC,2024-12-24,2800.0,2800.0,58.0,7,0.0
Pune(Manjri) APMC,2024-12-25,2700.0,2757.0,57.0,7,-2.1
Pune(Manjri) APMC,2024-12-26,2800.0,2771.0,57.0,7,1.0
Pune(Manjri) APMC,2024-12-27,2500.0,2800.0,57.0,7,-10.7
Pune(Manjri) APMC,2024-12-28,2800.0,2814.0,57.0,7,-0.5
Pune(Manjri) APMC,2024-12-29,2500.0,2729.0,56.0,7,-8.4
Pune(Manjri) APMC,2024-12-30,2200.0,2614.0,54.0,7,-15.8
Pune(Manjri) APMC,2024-12-31,2800.0,2614.0,53.0,7,7.1
Pune(Manjri) APMC,2025-01-01,2400.0,2571.0,55.0,7,-6.7
Pune(Manjri) APMC,2025-01-02,3200.0,2629.0,58.0,7,21.7
Pune(Manjri) APMC,2025-01-03,3200.0,2729.0,60.0,7,17.3
Pune(Manjri) APMC,2025-01-04,2600.0,2700.0,59.0,7,-3.7
Pune(Manjri) APMC,2025-01-05,2800.0,2743.0,59.0,7,2.1
Pune(Manjri) APMC,2025-01-06,3000.0,2857.0,63.0,7,5.0
Pune(Manjri) APMC,2025-01-07,3200.0,2914.0,63.0,7,9.8
Pune(Manjri) APMC,2025-01-08,3000.0,3000.0,65.0,7,0.0
Pune(Manjri) APMC,2025-01-09,3000.0,2971.0,66.0,7,1.0
Pune(Manjri) APMC,2025-01-10,2800.0,2914.0,63.0,7,-3.9
Pune(Manjri) APMC,2025-01-11,2600.0,2914.0,68.0,7,-10.8
Pune(Manjri) APMC,2025-01-12,2600.0,2886.0,67.0,7,-9.9
Pune(Manjri) APMC,2025-01-13,3000.0,2886.0,61.0,7,4.0
Pune(Manjri) APMC,2025-01-14,2200.0,2743.0,58.0,7,-19.8
Pune(Manjri) APMC,2025-01-15,2800.0,2714.0,53.0,7,3.2
Pune(Manjri) APMC,2025-01-16,2800.0,2686.0,53.0,7,4.3
Pune(Manjri) APMC,2025-01-17,2400.0,2629.0,54.0,7,-8.7
Pune(Manjri) APMC,2025-01-18,2800.0,2657.0,51.0,7,5.4
Pune(Manjri) APMC,2025-01-19,2800.0,2686.0,53.0,7,4.3
Pune(Manjri) APMC,2025-01-20,2800.0,2657.0,56.0,7,5.4
Pune(Manjri) APMC,2025-01-21,2200.0,2657.0,63.0,7,-17.2
Pune(Manjri) APMC,2025-01-22,2600.0,2629.0,65.0,7,-1.1
Pune(Manjri) APMC,2025-01-23,2800.0,2629.0,65.0,7,6.5
Pune(Manjri) APMC,2025-01-24,2700.0,2671.0,62.0,7,1.1
Pune(Manjri) APMC,2025-01-25,2500.0,2629.0,66.0,7,-4.9
Pune(Manjri) APMC,2025-01-27,2800.0,2629.0,65.0,7,6.5
Pune(Manjri) APMC,2025-01-28,3100.0,2671.0,65.0,7,16.0
Pune(Manjri) APMC,2025-01-29,3100.0,2800.0,66.0,7,10.7
Pune(Manjri) APMC,2025-01-30,2800.0,2829.0,66.0,7,-1.0
Pune(Manjri) APMC,2025-01-31,2800.0,2829.0,64.0,7,-1.0
Pune(Manjri) APMC,2025-02-01,2800.0,2843.0,70.0,7,-1.5
Pune(Manjri) APMC,2025-02-02,2600.0,2857.0,65.0,7,-9.0
Pune(Manjri) APMC,2025-02-03,2800.0,2857.0,74.0,7,-2.0
Pune(Manjri) APMC,2025-02-04,2400.0,2757.0,75.0,7,-13.0
Pune(Manjri) APMC,2025-02-05,2400.0,2657.0,70.0,7,-9.7
Pune(Manjri) APMC,2025-02-06,2400.0,2600.0,74.0,7,-7.7
Pune(Manjri) APMC,2025-02-07,2000.0,2486.0,75.0,7,-19.5
Pune(Manjri) APMC,2025-02-08,2000.0,2371.0,73.0,7,-15.7
Pune(Manjri) APMC,2025-02-09,2000.0,2286.0,75.0,7,-12.5
Pune(Manjri) APMC,2025-02-13,2800.0,2286.0,63.0,7,22.5
Pune(Manjri) APMC,2025-02-14,2800.0,2343.0,63.0,7,19.5
Pune(Manjri) APMC,2025-02-15,2800.0,2400.0,66.0,7,16.7
Pune(Manjri) APMC,2025-02-16,2800.0,2457.0,64.0,7,14.0
Pune(Manjri) APMC,2025-02-17,3100.0,2614.0,64.0,7,18.6
Pune(Manjri) APMC,2025-02-18,2500.0,2686.0,63.0,7,-6.9
Pune(Manjri) APMC,2025-02-19,2600.0,2771.0,58.0,7,-6.2
Pune(Manjri) APMC,2025-02-20,2700.0,2757.0,60.0,7,-2.1
Pune(Manjri) APMC,2025-02-21,2700.0,2743.0,59.0,7,-1.6
Pune(Manjri) APMC,2025-02-22,2800.0,2743.0,57.0,7,2.1
Pune(Manjri) APMC,2025-02-23,2700.0,2729.0,57.0,7,-1.0
Pune(Manjri) APMC,2025-02-24,2400.0,2629.0,58.0,7,-8.7
Pune(Manjri) APMC,2025-02-25,2700.0,2657.0,57.0,7,1.6
Pune(Manjri) APMC,2025-02-26,2600.0,2657.0,56.0,7,-2.2
Pune(Manjri) APMC,2025-02-27,2600.0,2643.0,54.0,7,-1.6
Pune(Manjri) APMC,2025-02-28,2400.0,2600.0,52.0,7,-7.7
Pune(Manjri) APMC,2025-03-01,2400.0,2543.0,48.0,7,-5.6
Pune(Manjri) APMC,2025-03-02,2600.0,2529.0,47.0,7,2.8
Pune(Manjri) APMC,2025-03-03,2600.0,2557.0,45.0,7,1.7
Pune(Manjri) APMC,2025-03-04,2600.0,2543.0,48.0,7,2.2
Pune(Manjri) APMC,2025-03-05,2600.0,2543.0,54.0,7,2.2
Pune(Manjri) APMC,2025-03-06,2400.0,2514.0,56.0,7,-4.5
Pune(Manjri) APMC,2025-03-08,2200.0,2486.0,60.0,7,-11.5
Pune(Manjri) APMC,2025-03-09,2400.0,2486.0,64.0,7,-3.4
Pune(Manjri) APMC,2025-03-10,1600.0,2343.0,68.0,7,-31.7
Pune(Manjri) APMC,2025-03-11,2400.0,2314.0,67.0,7,3.7
Pune(Manjri) APMC,2025-03-12,2000.0,2229.0,68.0,7,-10.3
Pune(Manjri) APMC,2025-03-13,1700.0,2100.0,68.0,7,-19.0
Pune(Manjri) APMC,2025-03-14,1800.0,2014.0,62.0,7,-10.6
Pune(Manjri) APMC,2025-03-15,2200.0,2014.0,64.0,7,9.2
Pune(Manjri) APMC,2025-03-16,3500.0,2171.0,63.0,7,61.2
Pune(Manjri) APMC,2025-03-17,1700.0,2186.0,60.0,7,-22.2
Pune(Manjri) APMC,2025-03-18,1500.0,2057.0,58.0,7,-27.1
Pune(Manjri) APMC,2025-03-19,1500.0,1986.0,53.0,7,-24.5
Pune(Manjri) APMC,2025-03-20,1700.0,1986.0,49.0,7,-14.4
Pune(Manjri) APMC,2025-03-21,1800.0,1986.0,53.0,7,-9.4
Pune(Manjri) APMC,2025-03-22,1700.0,1914.0,49.0,7,-11.2
Pune(Manjri) APMC,2025-03-23,1800.0,1671.0,48.0,7,7.7
Pune(Manjri) APMC,2025-03-24,1700.0,1671.0,47.0,7,1.7
Pune(Manjri) APMC,2025-03-25,2000.0,1743.0,46.0,7,14.8
Pune(Manjri) APMC,2025-03-26,1700.0,1771.0,47.0,7,-4.0
Pune(Manjri) APMC,2025-03-27,1700.0,1771.0,49.0,7,-4.0
Pune(Manjri) APMC,2025-03-28,1700.0,1757.0,49.0,7,-3.3
Pune(Manjri) APMC,2025-03-29,1700.0,1757.0,50.0,7,-3.3
Pune(Manjri) APMC,2025-03-30,1700.0,1743.0,47.0,7,-2.5
Pune(Manjri) APMC,2025-03-31,1500.0,1714.0,50.0,7,-12.5
Pune(Manjri) APMC,2025-04-01,1700.0,1671.0,52.0,7,1.7
Pune(Manjri) APMC,2025-04-02,2000.0,1714.0,54.0,7,16.7
Pune(Manjri) APMC,2025-04-03,1300.0,1657.0,56.0,7,-21.6
Pune(Manjri) APMC,2025-04-04,1300.0,1600.0,54.0,7,-18.8
Pune(Manjri) APMC,2025-04-05,2000.0,1643.0,55.0,7,21.7
Pune(Manjri) APMC,2025-04-06,1300.0,1586.0,59.0,7,-18.0
Pune(Manjri) APMC,2025-04-07,1700.0,1614.0,60.0,7,5.3
Pune(Manjri) APMC,2025-04-08,1500.0,1586.0,65.0,7,-5.4
Pune(Manjri) APMC,2025-04-09,1300.0,1486.0,67.0,7,-12.5
Pune(Manjri) APMC,2025-04-10,1500.0,1514.0,67.0,7,-0.9
Pune(Manjri) APMC,2025-04-11,1300.0,1514.0,70.0,7,-14.2
Pune(Manjri) APMC,2025-04-12,1300.0,1414.0,75.0,7,-8.1
Pune(Manjri) APMC,2025-04-13,1200.0,1400.0,74.0,7,-14.3
Pune(Manjri) APMC,2025-04-14,1300.0,1343.0,70.0,7,-3.2
Pune(Manjri) APMC,2025-04-15,1200.0,1300.0,66.0,7,-7.7
Pune(Manjri) APMC,2025-04-16,1300.0,1300.0,64.0,7,0.0
Pune(Manjri) APMC,2025-04-17,1000.0,1229.0,62.0,7,-18.6
Pune(Manjri) APMC,2025-04-18,1100.0,1200.0,58.0,7,-8.3
Pune(Manjri) APMC,2025-04-19,1000.0,1157.0,51.0,7,-13.6
Pune(Manjri) APMC,2025-04-20,1000.0,1129.0,53.0,7,-11.4
Pune(Manjri) APMC,2025-04-21,1000.0,1086.0,54.0,7,-7.9
Pune(Manjri) APMC,2025-04-22,1000.0,1057.0,51.0,7,-5.4
Pune(Manjri) APMC,2025-04-23,1100.0,1029.0,48.0,7,6.9
Pune(Manjri) APMC,2025-04-24,1000.0,1029.0,45.0,7,-2.8
Pune(Manjri) APMC,2025-04-25,900.0,1000.0,48.0,7,-10.0
Pune(Manjri) APMC,2025-04-26,1100.0,1014.0,53.0,7,8.5
Pune(Manjri) APMC,2025-04-27,1000.0,1014.0,53.0,7,-1.4
Pune(Manjri) APMC,2025-04-28,1100.0,1029.0,55.0,7,6.9
Pune(Manjri) APMC,2025-04-30,1100.0,1043.0,57.0,7,5.5
Pune(Manjri) APMC,2025-05-02,900.0,1014.0,56.0,7,-11.3
Pune(Manjri) APMC,2025-05-03,900.0,1000.0,61.0,7,-10.0
Pune(Manjri) APMC,2025-05-04,700.0,971.0,63.0,7,-27.9
Pune(Manjri) APMC,2025-05-05,800.0,929.0,64.0,7,-13.8
Pune(Manjri) APMC,2025-05-06,900.0,914.0,61.0,7,-1.6
Pune(Manjri) APMC,2025-05-07,900.0,886.0,61.0,7,1.6
Pune(Manjri) APMC,2025-05-08,1100.0,886.0,63.0,7,24.2
Pune(Manjri) APMC,2025-05-09,1200.0,929.0,64.0,7,29.2
Pune(Manjri) APMC,2025-05-10,950.0,936.0,63.0,7,1.5
Pune(Manjri) APMC,2025-05-11,900.0,964.0,62.0,7,-6.7
Pune(Manjri) APMC,2025-05-12,900.0,979.0,56.0,7,-8.0
Pune(Manjri) APMC,2025-05-15,1000.0,993.0,57.0,7,0.7
Pune(Manjri) APMC,2025-05-16,750.0,971.0,60.0,7,-22.8
Pune(Manjri) APMC,2025-05-18,900.0,943.0,59.0,7,-4.5
Pune(Manjri) APMC,2025-05-20,900.0,900.0,57.0,7,0.0
Pune(Manjri) APMC,2025-05-21,700.0,864.0,57.0,7,-19.0
Pune(Manjri) APMC,2025-05-22,700.0,836.0,57.0,7,-16.2
Pune(Manjri) APMC,2025-05-23,700.0,807.0,59.0,7,-13.3
Pune(Manjri) APMC,2025-05-24,900.0,793.0,60.0,7,13.5
Pune(Manjri) APMC,2025-05-25,800.0,800.0,59.0,7,0.0
Pune(Manjri) APMC,2025-05-26,900.0,800.0,56.0,7,12.5
Pune(Manjri) APMC,2025-05-27,600.0,757.0,58.0,7,-20.8
Pune(Manjri) APMC,2025-05-28,1000.0,800.0,56.0,7,25.0
Pune(Manjri) APMC,2025-05-29,1100.0,857.0,57.0,7,28.3
Pune(Manjri) APMC,2025-05-30,700.0,857.0,59.0,7,-18.3
Pune(Manjri) APMC,2025-05-31,600.0,814.0,65.0,7,-26.3
Pune(Manjri) APMC,2025-06-01,800.0,814.0,70.0,7,-1.8
Pune(Manjri) APMC,2025-06-02,600.0,771.0,76.0,7,-22.2
Pune(Manjri) APMC,2025-06-03,600.0,771.0,78.0,7,-22.2
Pune(Manjri) APMC,2025-06-04,600.0,714.0,78.0,7,-16.0
Pune(Manjri) APMC,2025-06-05,700.0,657.0,74.0,7,6.5
Pune(Manjri) APMC,2025-06-06,1100.0,714.0,70.0,7,54.0
Pune(Manjri) APMC,2025-06-07,800.0,743.0,63.0,7,7.7
Pune(Manjri) APMC,2025-06-09,800.0,743.0,58.0,7,7.7
Pune(Manjri) APMC,2025-06-10,1000.0,800.0,56.0,7,25.0
Pune(Manjri) APMC,2025-06-11,900.0,843.0,55.0,7,6.8
Pune(Manjri) APMC,2025-06-12,1000.0,900.0,58.0,7,11.1
Pune(Manjri) APMC,2025-06-13,900.0,929.0,57.0,7,-3.1
Pune(Manjri) APMC,2025-06-14,1000.0,914.0,59.0,7,9.4
Pune(Manjri) APMC,2025-06-15,1000.0,943.0,61.0,7,6.1
Pune(Manjri) APMC,2025-06-16,900.0,957.0,57.0,7,-6.0
Pune(Manjri) APMC,2025-06-17,900.0,943.0,55.0,7,-4.5
Pune(Manjri) APMC,2025-06-18,1000.0,957.0,57.0,7,4.5
Pune(Manjri) APMC,2025-06-19,800.0,929.0,55.0,7,-13.8
Pune(Manjri) APMC,2025-06-20,800.0,914.0,55.0,7,-12.5
Pune(Manjri) APMC,2025-06-21,1000.0,914.0,51.0,7,9.4
Pune(Manjri) APMC,2025-06-22,800.0,886.0,41.0,7,-9.7
Pune(Manjri) APMC,2025-06-23,1200.0,929.0,46.0,7,29.2
Pune(Manjri) APMC,2025-06-24,800.0,914.0,45.0,7,-12.5
Pune(Manjri) APMC,2025-06-25,900.0,900.0,44.0,7,0.0
Pune(Manjri) APMC,2025-06-26,1000.0,929.0,48.0,7,7.7
Pune(Manjri) APMC,2025-06-27,1000.0,957.0,50.0,7,4.5
Pune(Manjri) APMC,2025-06-28,1100.0,971.0,51.0,7,13.2
Pune(Manjri) APMC,2025-06-29,1000.0,1000.0,58.0,7,0.0
Pune(Manjri) APMC,2025-06-30,1000.0,971.0,57.0,7,2.9
Pune(Manjri) APMC,2025-07-01,1000.0,1000.0,57.0,7,0.0
Pune(Manjri) APMC,2025-07-03,1000.0,1014.0,52.0,7,-1.4
Pune(Manjri) APMC,2025-07-04,1000.0,1014.0,49.0,7,-1.4
Pune(Manjri) APMC,2025-07-05,1000.0,1014.0,44.0,7,-1.4
Pune(Manjri) APMC,2025-07-06,1200.0,1029.0,42.0,7,16.7
Pune(Manjri) APMC,2025-07-07,1700.0,1129.0,39.0,7,50.6
Pune(Manjri) APMC,2025-07-08,1100.0,1143.0,38.0,7,-3.8
Pune(Manjri) APMC,2025-07-09,800.0,1114.0,40.0,7,-28.2
Pune(Manjri) APMC,2025-07-10,1000.0,1114.0,41.0,7,-10.3
Pune(Manjri) APMC,2025-07-11,1100.0,1129.0,41.0,7,-2.5
Pune(Manjri) APMC,2025-07-12,1100.0,1143.0,45.0,7,-3.8
Pune(Manjri) APMC,2025-07-13,1200.0,1143.0,50.0,7,5.0
Pune(Manjri) APMC,2025-07-14,1100.0,1057.0,51.0,7,4.1
Pune(Manjri) APMC,2025-07-15,800.0,1014.0,49.0,7,-21.1
Pune(Manjri) APMC,2025-07-16,1200.0,1071.0,47.0,7,12.0
Pune(Manjri) APMC,2025-07-17,1200.0,1100.0,51.0,7,9.1
Pune(Manjri) APMC,2025-07-18,1000.0,1086.0,51.0,7,-7.9
Pune(Manjri) APMC,2025-07-19,1200.0,1100.0,53.0,7,9.1
Pune(Manjri) APMC,2025-07-20,900.0,1057.0,51.0,7,-14.9
Pune(Manjri) APMC,2025-07-21,800.0,1014.0,53.0,7,-21.1
Pune(Manjri) APMC,2025-07-22,1000.0,1043.0,56.0,7,-4.1
Pune(Manjri) APMC,2025-07-23,700.0,971.0,55.0,7,-27.9
Pune(Manjri) APMC,2025-07-24,800.0,914.0,54.0,7,-12.5
Pune(Manjri) APMC,2025-07-27,1000.0,914.0,56.0,7,9.4
Pune(Manjri) APMC,2025-07-28,1000.0,886.0,56.0,7,12.9
Pune(Manjri) APMC,2025-07-30,900.0,886.0,56.0,7,1.6
Pune(Manjri) APMC,2025-07-31,1000.0,914.0,58.0,7,9.4
Pune(Manjri) APMC,2025-08-01,900.0,900.0,55.0,7,0.0
Pune(Manjri) APMC,2025-08-02,800.0,914.0,59.0,7,-12.5
Pune(Manjri) APMC,2025-08-03,900.0,929.0,57.0,7,-3.1
Pune(Manjri) APMC,2025-08-04,800.0,900.0,60.0,7,-11.1
Pune(Manjri) APMC,2025-08-05,800.0,871.0,62.0,7,-8.2
Pune(Manjri) APMC,2025-08-06,800.0,857.0,66.0,7,-6.7
Pune(Manjri) APMC,2025-08-07,800.0,829.0,68.0,7,-3.4
Pune(Manjri) APMC,2025-08-10,800.0,814.0,73.0,7,-1.8
Pune(Manjri) APMC,2025-08-11,800.0,814.0,71.0,7,-1.8
Pune(Manjri) APMC,2025-08-12,800.0,800.0,77.0,7,0.0
Pune(Manjri) APMC,2025-08-13,600.0,771.0,76.0,7,-22.2
Pune(Manjri) APMC,2025-08-14,600.0,743.0,75.0,7,-19.2
Pune(Manjri) APMC,2025-08-16,1300.0,814.0,77.0,7,59.6
Pune(Manjri) APMC,2025-08-17,1400.0,900.0,78.0,7,55.6
Pune(Manjri) APMC,2025-08-19,1400.0,986.0,73.0,7,42.0
Pune(Manjri) APMC,2025-08-20,1100.0,1029.0,72.0,7,6.9
Pune(Manjri) APMC,2025-08-21,1300.0,1100.0,70.0,7,18.2
Pune(Manjri) APMC,2025-08-23,1100.0,1171.0,72.0,7,-6.1
Pune(Manjri) APMC,2025-08-25,900.0,1214.0,74.0,7,-25.9
Pune(Manjri) APMC,2025-08-26,1300.0,1214.0,70.0,7,7.1
Pune(Manjri) APMC,2025-08-27,1100.0,1171.0,68.0,7,-6.1
Pune(Manjri) APMC,2025-08-28,1100.0,1129.0,77.0,7,-2.5
Pune(Manjri) APMC,2025-09-01,1100.0,1129.0,79.0,7,-2.5
Pune(Manjri) APMC,2025-09-02,1000.0,1086.0,82.0,7,-7.9
Pune(Manjri) APMC,2025-09-03,1000.0,1071.0,84.0,7,-6.7
Pune(Manjri) APMC,2025-09-04,1000.0,1086.0,88.0,7,-7.9
Pune(Manjri) APMC,2025-09-05,1000.0,1043.0,92.0,7,-4.1
Pune(Manjri) APMC,2025-09-06,1100.0,1043.0,98.0,7,5.5
Pune(Manjri) APMC,2025-09-08,1000.0,1029.0,98.0,7,-2.8
Pune(Manjri) APMC,2025-09-09,1000.0,1014.0,104.0,7,-1.4
Pune(Manjri) APMC,2025-09-10,1000.0,1014.0,108.0,7,-1.4
Pune(Manjri) APMC,2025-09-11,900.0,1000.0,107.0,7,-10.0
Pune(Manjri) APMC,2025-09-12,900.0,986.0,107.0,7,-8.7
Pune(Manjri) APMC,2025-09-13,800.0,957.0,109.0,7,-16.4
Pune(Manjri) APMC,2025-09-14,1000.0,943.0,106.0,7,6.1
Pune(Manjri) APMC,2025-09-15,1000.0,943.0,99.0,7,6.1
Pune(Manjri) APMC,2025-09-16,1100.0,957.0,92.0,7,14.9
Pune(Manjri) APMC,2025-09-17,1100.0,971.0,84.0,7,13.2
Pune(Manjri) APMC,2025-09-18,1000.0,986.0,80.0,7,1.4
Pune(Manjri) APMC,2025-09-19,1000.0,1000.0,72.0,7,0.0
Pune(Manjri) APMC,2025-09-20,1000.0,1029.0,67.0,7,-2.8
Pune(Manjri) APMC,2025-09-21,1000.0,1029.0,61.0,7,-2.8
Pune(Manjri) APMC,2025-09-22,1000.0,1029.0,63.0,7,-2.8
Pune(Manjri) APMC,2025-09-23,1000.0,1014.0,63.0,7,-1.4
Pune(Manjri) APMC,2025-09-24,1000.0,1000.0,66.0,7,0.0
Pune(Manjri) APMC,2025-09-25,900.0,986.0,69.0,7,-8.7
Pune(Manjri) APMC,2025-09-27,900.0,971.0,72.0,7,-7.4
Pune(Manjri) APMC,2025-09-29,900.0,957.0,70.0,7,-6.0
Pune(Manjri) APMC,2025-09-30,800.0,929.0,74.0,7,-13.8
Pune(Manjri) APMC,2025-10-02,800.0,900.0,70.0,7,-11.1
Pune(Manjri) APMC,2025-10-03,800.0,871.0,69.0,7,-8.2
Pune(Manjri) APMC,2025-10-04,1000.0,871.0,68.0,7,14.8
Pune(Manjri) APMC,2025-10-05,900.0,871.0,67.0,7,3.3
Pune(Manjri) APMC,2025-10-06,5000.0,1457.0,64.0,7,243.1
Pune(Manjri) APMC,2025-10-07,900.0,1457.0,65.0,7,-38.2
Pune(Manjri) APMC,2025-10-08,700.0,1443.0,62.0,7,-51.5
Pune(Manjri) APMC,2025-10-09,1000.0,1471.0,65.0,7,-32.0
Pune(Manjri) APMC,2025-10-12,1000.0,1500.0,64.0,7,-33.3
Pune(Manjri) APMC,2025-10-13,800.0,1471.0,63.0,7,-45.6
Pune(Manjri) APMC,2025-10-14,700.0,1443.0,61.0,7,-51.5
Pune(Manjri) APMC,2025-10-15,800.0,843.0,60.0,7,-5.1
Pune(Manjri) APMC,2025-10-16,800.0,829.0,58.0,7,-3.4
Pune(Manjri) APMC,2025-10-18,800.0,843.0,57.0,7,-5.1
Pune(Manjri) APMC,2025-10-20,800.0,814.0,56.0,7,-1.8
Pune(Manjri) APMC,2025-10-21,1000.0,814.0,51.0,7,22.8
Pune(Manjri) APMC,2025-10-22,1200.0,871.0,44.0,7,37.7
Pune(Manjri) APMC,2025-10-23,1000.0,914.0,42.0,7,9.4
Pune(Manjri) APMC,2025-10-26,1300.0,986.0,45.0,7,31.9
Pune(Manjri) APMC,2025-10-28,1200.0,1043.0,48.0,7,15.1
Pune(Manjri) APMC,2025-10-29,1200.0,1100.0,52.0,7,9.1
Pune(Manjri) APMC,2025-10-30,1000.0,1129.0,58.0,7,-11.4
Pune(Manjri) APMC,2025-10-31,800.0,1100.0,64.0,7,-27.3
Pune(Manjri) APMC,2025-11-01,1000.0,1071.0,75.0,7,-6.7
Pune(Manjri) APMC,2025-11-02,900.0,1057.0,77.0,7,-14.9
Pune(Manjri) APMC,2025-11-03,900.0,1000.0,77.0,7,-10.0
Pune(Manjri) APMC,2025-11-05,900.0,957.0,80.0,7,-6.0
Pune(Manjri) APMC,2025-11-07,800.0,900.0,80.0,7,-11.1
Pune(Manjri) APMC,2025-11-08,800.0,871.0,79.0,7,-8.2
Pune(Manjri) APMC,2025-11-09,900.0,886.0,85.0,7,1.6
Pune(Manjri) APMC,2025-11-10,800.0,857.0,85.0,7,-6.7
Pune(Manjri) APMC,2025-11-11,800.0,843.0,85.0,7,-5.1
Pune(Manjri) APMC,2025-11-12,900.0,843.0,87.0,7,6.8
Pune(Manjri) APMC,2025-11-13,1000.0,857.0,82.0,7,16.7
Pune(Manjri) APMC,2025-11-14,800.0,857.0,79.0,7,-6.7
Pune(Manjri) APMC,2025-11-15,1000.0,886.0,79.0,7,12.9
Pune(Manjri) APMC,2025-11-16,800.0,871.0,75.0,7,-8.2
Pune(Manjri) APMC,2025-11-17,1000.0,900.0,76.0,7,11.1
Pune(Manjri) APMC,2025-11-18,800.0,900.0,78.0,7,-11.1
Pune(Manjri) APMC,2025-11-19,800.0,886.0,78.0,7,-9.7
Pune(Manjri) APMC,2025-11-20,800.0,857.0,81.0,7,-6.7
Pune(Manjri) APMC,2025-11-21,800.0,857.0,83.0,7,-6.7
Pune(Manjri) APMC,2025-11-22,800.0,829.0,86.0,7,-3.4
Pune(Manjri) APMC,2025-11-23,700.0,814.0,90.0,7,-14.0
Pune(Manjri) APMC,2025-11-24,700.0,771.0,89.0,7,-9.3
Pune(Manjri) APMC,2025-11-25,700.0,757.0,90.0,7,-7.5
Pune(Manjri) APMC,2025-11-26,800.0,757.0,93.0,7,5.7
Pune(Manjri) APMC,2025-11-27,700.0,743.0,94.0,7,-5.8
Pune(Manjri) APMC,2025-11-28,700.0,729.0,96.0,7,-3.9
Pune(Manjri) APMC,2025-11-29,700.0,714.0,97.0,7,-2.0
Pune(Manjri) APMC,2025-11-30,700.0,714.0,94.0,7,-2.0
Pune(Manjri) APMC,2025-12-01,700.0,714.0,90.0,7,-2.0
Pune(Manjri) APMC,2025-12-02,1300.0,800.0,85.0,7,62.5
Pune(Manjri) APMC,2025-12-03,800.0,800.0,82.0,7,0.0
Pune(Manjri) APMC,2025-12-04,1300.0,886.0,80.0,7,46.8
Pune(Manjri) APMC,2025-12-05,1500.0,1000.0,79.0,7,50.0
Pune(Manjri) APMC,2025-12-06,1000.0,1043.0,78.0,7,-4.1
Pune(Manjri) APMC,2025-12-07,900.0,1071.0,79.0,7,-16.0
Pune(Manjri) APMC,2025-12-08,800.0,1086.0,80.0,7,-26.3
Pune(Manjri) APMC,2025-12-09,1000.0,1043.0,83.0,7,-4.1
Pune(Manjri) APMC,2025-12-11,1200.0,1100.0,81.0,7,9.1
Pune(Manjri) APMC,2025-12-12,1300.0,1100.0,80.0,7,18.2
Pune(Manjri) APMC,2025-12-13,1400.0,1086.0,76.0,7,28.9
Pune(Manjri) APMC,2025-12-14,1400.0,1143.0,75.0,7,22.5
Pune(Manjri) APMC,2025-12-15,1400.0,1214.0,72.0,7,15.3
Pune(Manjri) APMC,2025-12-16,1400.0,1300.0,68.0,7,7.7
Pune(Manjri) APMC,2025-12-17,1800.0,1414.0,68.0,7,27.3
Pune(Manjri) APMC,2025-12-18,1300.0,1429.0,69.0,7,-9.0
Pune(Manjri) APMC,2025-12-19,1400.0,1443.0,68.0,7,-3.0
Pune(Manjri) APMC,2025-12-20,1400.0,1443.0,71.0,7,-3.0
Pune(Manjri) APMC,2025-12-21,1400.0,1443.0,69.0,7,-3.0
Pune(Manjri) APMC,2025-12-22,1400.0,1443.0,70.0,7,-3.0
Pune(Manjri) APMC,2025-12-23,1300.0,1429.0,74.0,7,-9.0
Pune(Manjri) APMC,2025-12-24,1400.0,1371.0,74.0,7,2.1
Pune(Manjri) APMC,2025-12-25,1400.0,1386.0,72.0,7,1.0
Pune(Manjri) APMC,2025-12-26,900.0,1314.0,70.0,7,-31.5
Pune(Manjri) APMC,2025-12-27,1000.0,1257.0,73.0,7,-20.5
Pune(Manjri) APMC,2025-12-28,1300.0,1243.0,74.0,7,4.6
Pune(Manjri) APMC,2025-12-29,1300.0,1229.0,75.0,7,5.8
Pune(Manjri) APMC,2025-12-30,1400.0,1243.0,72.0,7,12.6
Pune(Manjri) APMC,2025-12-31,1300.0,1229.0,68.0,7,5.8
Pune(Manjri) APMC,2026-01-01,1400.0,1229.0,69.0,7,14.0
Pune(Manjri) APMC,2026-01-02,1400.0,1300.0,71.0,7,7.7
Pune(Manjri) APMC,2026-01-03,1300.0,1343.0,69.0,7,-3.2
Pune(Manjri) APMC,2026-01-04,1400.0,1357.0,65.0,7,3.2
Pune(Manjri) APMC,2026-01-05,1300.0,1357.0,63.0,7,-4.2
Pune(Manjri) APMC,2026-01-06,1200.0,1329.0,64.0,7,-9.7
Pune(Manjri) APMC,2026-01-07,1400.0,1343.0,66.0,7,4.3
Pune(Manjri) APMC,2026-01-08,1000.0,1286.0,67.0,7,-22.2
Pune(Manjri) APMC,2026-01-09,1500.0,1300.0,68.0,7,15.4
Pune(Manjri) APMC,2026-01-10,1200.0,1286.0,70.0,7,-6.7
Pune(Manjri) APMC,2026-01-11,1000.0,1229.0,76.0,7,-18.6
Pune(Manjri) APMC,2026-01-12,1000.0,1186.0,76.0,7,-15.7
Pune(Manjri) APMC,2026-01-13,1200.0,1186.0,74.0,7,1.2
Pune(Manjri) APMC,2026-01-14,800.0,1100.0,72.0,7,-27.3
Pune(Manjri) APMC,2026-01-16,900.0,1086.0,74.0,7,-17.1
Pune(Manjri) APMC,2026-01-17,800.0,986.0,83.0,7,-18.8
Pune(Manjri) APMC,2026-01-18,1000.0,957.0,86.0,7,4.5
Pune(Manjri) APMC,2026-01-19,1000.0,957.0,88.0,7,4.5
Pune(Manjri) APMC,2026-01-20,1000.0,957.0,89.0,7,4.5
Pune(Manjri) APMC,2026-01-21,700.0,886.0,93.0,7,-21.0
Pune(Manjri) APMC,2026-01-22,700.0,871.0,100.0,7,-19.7
Pune(Manjri) APMC,2026-01-23,1200.0,914.0,98.0,7,31.2
Pune(Manjri) APMC,2026-01-24,600.0,886.0,97.0,7,-32.3
Pune(Manjri) APMC,2026-01-25,700.0,843.0,94.0,7,-16.9
Pune(Manjri) APMC,2026-01-27,800.0,814.0,93.0,7,-1.8
Pune(Manjri) APMC,2026-01-28,700.0,771.0,93.0,7,-9.3
Pune(Manjri) APMC,2026-01-30,1000.0,814.0,95.0,7,22.8
Pune(Manjri) APMC,2026-01-31,1000.0,857.0,91.0,7,16.7
Pune(Manjri) APMC,2026-02-01,900.0,814.0,96.0,7,10.5
Pune(Manjri) APMC,2026-02-02,1200.0,900.0,88.0,7,33.3
Pune(Manjri) APMC,2026-02-03,1200.0,971.0,84.0,7,23.5
Pune(Manjri) APMC,2026-02-04,1300.0,1043.0,77.0,7,24.7
Pune(Manjri) APMC,2026-02-05,1200.0,1114.0,78.0,7,7.7
Pune(Manjri) APMC,2026-02-06,1300.0,1157.0,71.0,7,12.3
Pune(Manjri) APMC,2026-02-07,1300.0,1200.0,71.0,7,8.3
Pune(Manjri) APMC,2026-02-08,1100.0,1229.0,66.0,7,-10.5
Pune(Manjri) APMC,2026-02-09,1300.0,1243.0,68.0,7,4.6
Pune(Manjri) APMC,2026-02-10,1200.0,1243.0,68.0,7,-3.4
Pune(Manjri) APMC,2026-02-11,1300.0,1243.0,72.0,7,4.6
Pune(Manjri) APMC,2026-02-12,1300.0,1257.0,72.0,7,3.4
Pune(Manjri) APMC,2026-02-13,900.0,1200.0,75.0,7,-25.0
Pune(Manjri) APMC,2026-02-14,1400.0,1214.0,74.0,7,15.3
Pune(Manjri) APMC,2026-02-15,1400.0,1257.0,71.0,7,11.4
Pune(Manjri) APMC,2026-02-16,900.0,1200.0,69.0,7,-25.0
Pune(Manjri) APMC,2026-02-17,900.0,1157.0,68.0,7,-22.2
Pune(Manjri) APMC,2026-02-18,1000.0,1114.0,65.0,7,-10.3
Pune(Manjri) APMC,2026-02-19,1000.0,1071.0,61.0,7,-6.7
Pune(Manjri) APMC,2026-02-20,1200.0,1114.0,61.0,7,7.7
Pune(Manjri) APMC,2026-02-21,900.0,1043.0,64.0,7,-13.7
Pune(Manjri) APMC,2026-02-22,900.0,971.0,66.0,7,-7.4
Pune(Manjri) APMC,2026-02-23,1100.0,1000.0,66.0,7,10.0
Pune(Manjri) APMC,2026-02-24,1100.0,1029.0,63.0,7,6.9
Pune(Manjri) APMC,2026-02-25,1100.0,1043.0,65.0,7,5.5
Pune(Manjri) APMC,2026-02-26,1100.0,1057.0,68.0,7,4.1
Pune(Manjri) APMC,2026-02-27,1100.0,1043.0,69.0,7,5.5
Pune(Manjri) APMC,2026-02-28,1000.0,1057.0,67.0,7,-5.4
Pune(Manjri) APMC,2026-03-01,900.0,1057.0,69.0,7,-14.9
Pune(Manjri) APMC,2026-03-02,900.0,1029.0,69.0,7,-12.5
Pune(Manjri) APMC,2026-03-03,1100.0,1029.0,68.0,7,6.9
Pune(Manjri) APMC,2026-03-04,1000.0,1014.0,66.0,7,-1.4
Pune(Manjri) APMC,2026-03-05,1000.0,1000.0,67.0,7,0.0
Pune(Manjri) APMC,2026-03-06,900.0,971.0,66.0,7,-7.4
Pune(Manjri) APMC,2026-03-07,900.0,957.0,69.0,7,-6.0
Pune(Manjri) APMC,2026-03-08,900.0,957.0,71.0,7,-6.0
Pune(Manjri) APMC,2026-03-09,1300.0,1014.0,72.0,7,28.2
Pune(Manjri) APMC,2026-03-10,1200.0,1029.0,77.0,7,16.7
Pune(Manjri) APMC,2026-03-11,1100.0,1043.0,75.0,7,5.5
Pune(Manjri) APMC,2026-03-12,1000.0,1043.0,76.0,7,-4.1
Pune(Manjri) APMC,2026-03-13,1100.0,1071.0,75.0,7,2.7
Pune(Manjri) APMC,2026-03-14,1000.0,1086.0,75.0,7,-7.9
Pune(Manjri) APMC,2026-03-15,1000.0,1100.0,70.0,7,-9.1
Pune(Manjri) APMC,2026-03-16,1100.0,1071.0,71.0,7,2.7
Pune(Manjri) APMC,2026-03-18,1100.0,1057.0,73.0,7,4.1
Pune(Manjri) APMC,2026-03-19,1000.0,1043.0,71.0,7,-4.1
Pune(Manjri) APMC,2026-03-20,1000.0,1043.0,69.0,7,-4.1
Pune(Manjri) APMC,2026-03-21,1000.0,1029.0,69.0,7,-2.8
Pune(Manjri) APMC,2026-03-22,1000.0,1029.0,69.0,7,-2.8
Pune(Manjri) APMC,2026-03-23,1000.0,1029.0,69.0,7,-2.8
Pune(Manjri) APMC,2026-03-24,900.0,1000.0,68.0,7,-10.0
Pune(Manjri) APMC,2026-03-25,900.0,971.0,66.0,7,-7.4
Pune(Manjri) APMC,2026-03-28,1200.0,1000.0,68.0,7,20.0
Pune(Manjri) APMC,2026-03-29,1200.0,1029.0,75.0,7,16.7
Pune(Manjri) APMC,2026-03-30,1200.0,1057.0,73.0,7,13.5
Pune(Manjri) APMC,2026-03-31,1200.0,1086.0,70.0,7,10.5
Pune(Manjri) APMC,2026-04-01,1200.0,1114.0,68.0,7,7.7
Pune(Manjri) APMC,2026-04-02,900.0,1114.0,64.0,7,-19.2
Pune(Manjri) APMC,2026-04-03,1000.0,1129.0,58.0,7,-11.4
Pune(Manjri) APMC,2026-04-04,1200.0,1129.0,56.0,7,6.3
Pune(Manjri) APMC,2026-04-05,1100.0,1114.0,56.0,7,-1.3
Pune(Manjri) APMC,2026-04-06,1100.0,1100.0,57.0,7,0.0
Pune(Manjri) APMC,2026-04-07,1100.0,1086.0,57.0,7,1.3
Pune(Manjri) APMC,2026-04-08,1100.0,1071.0,53.0,7,2.7
Pune(Manjri) APMC,2026-04-09,900.0,1071.0,54.0,7,-16.0
Pune(Manjri) APMC,2026-04-10,1100.0,1086.0,61.0,7,1.3
Pune(Manjri) APMC,2026-04-11,1200.0,1086.0,60.0,7,10.5
Pune(Manjri) APMC,2026-04-12,1200.0,1100.0,54.0,7,9.1
Pune(Manjri) APMC,2026-04-13,1200.0,1114.0,52.0,7,7.7
Pune(Manjri) APMC,2026-04-14,900.0,1086.0,50.0,7,-17.1
Pune(Manjri) APMC,2026-04-15,1100.0,1086.0,54.0,7,1.3
Pune(Manjri) APMC,2026-04-17,700.0,1057.0,63.0,7,-33.8
Pune(Manjri) APMC,2026-04-18,800.0,1014.0,66.0,7,-21.1
Pune(Manjri) APMC,2026-04-19,800.0,957.0,72.0,7,-16.4
Pune(Manjri) APMC,2026-04-20,700.0,886.0,77.0,7,-21.0
Pune(Manjri) APMC,2026-04-21,700.0,814.0,84.0,7,-14.0
Pune(Manjri) APMC,2026-04-22,700.0,786.0,88.0,7,-10.9
Pune(Manjri) APMC,2026-04-23,800.0,743.0,89.0,7,7.7
Pune(Manjri) APMC,2026-04-24,800.0,757.0,84.0,7,5.7
Pune(Manjri) APMC,2026-04-25,700.0,743.0,82.0,7,-5.8
Pune(Manjri) APMC,2026-04-26,700.0,729.0,85.0,7,-3.9
Pune(Manjri) APMC,2026-04-27,700.0,729.0,84.0,7,-3.9
Pune(Manjri) APMC,2026-04-28,700.0,729.0,83.0,7,-3.9
Pune(Manjri) APMC,2026-04-29,700.0,729.0,81.0,7,-3.9
Pune(Manjri) APMC,2026-04-30,800.0,729.0,83.0,7,9.8
Pune(Manjri) APMC,2026-05-02,1000.0,757.0,100.0,7,32.1
Pune(Manjri) APMC,2026-05-03,1000.0,800.0,106.0,7,25.0
Pune(Manjri) APMC,2026-05-04,1100.0,857.0,114.0,7,28.3
Pune(Manjri) APMC,2026-05-05,800.0,871.0,120.0,7,-8.2
Pune(Manjri) APMC,2026-05-06,900.0,900.0,124.0,7,0.0
Pune(Manjri) APMC,2026-05-07,800.0,914.0,127.0,7,-12.5
Pune(Manjri) APMC,2026-05-08,900.0,929.0,130.0,7,-3.1
Pune(Manjri) APMC,2026-05-09,900.0,914.0,122.0,7,-1.6
Pune(Manjri) APMC,2026-05-10,1000.0,914.0,119.0,7,9.4
Pune(Manjri) APMC,2026-05-11,900.0,886.0,112.0,7,1.6
Pune(Manjri) APMC,2026-05-12,900.0,900.0,108.0,7,0.0
Pune(Manjri) APMC,2026-05-13,900.0,900.0,110.0,7,0.0
Pune(Manjri) APMC,2026-05-14,900.0,914.0,116.0,7,-1.6
Pune(Manjri) APMC,2026-05-15,800.0,900.0,118.0,7,-11.1
Pune(Manjri) APMC,2026-05-16,800.0,886.0,115.0,7,-9.7
Pune(Manjri) APMC,2026-05-18,700.0,843.0,116.0,7,-16.9
Pune(Manjri) APMC,2026-05-19,700.0,814.0,116.0,7,-14.0
Pune(Manjri) APMC,2026-05-20,800.0,800.0,113.0,7,0.0
Pune(Manjri) APMC,2026-05-21,900.0,800.0,116.0,7,12.5
Pune(Manjri) APMC,2026-05-22,700.0,771.0,106.0,7,-9.3
Pune(Manjri) APMC,2026-05-23,800.0,771.0,104.0,7,3.7
Pune(Manjri) APMC,2026-05-24,800.0,771.0,104.0,7,3.7
Pune(Manjri) APMC,2026-05-25,900.0,800.0,100.0,7,12.5
Pune(Manjri) APMC,2026-05-26,900.0,829.0,102.0,7,8.6
Pune(Manjri) APMC,2026-05-27,1100.0,871.0,102.0,7,26.2
Pune(Manjri) APMC,2026-05-28,1100.0,900.0,97.0,7,22.2
Pune(Manjri) APMC,2026-05-29,1100.0,957.0,107.0,7,14.9
Pune(Manjri) APMC,2026-05-30,1200.0,1014.0,108.0,7,18.3
Pune(Manjri) APMC,2026-05-31,1300.0,1086.0,104.0,7,19.7
Pune(Manjri) APMC,2026-06-01,1500.0,1171.0,104.0,7,28.0
Pune(Manjri) APMC,2026-06-02,1400.0,1243.0,108.0,7,12.6
Pune(Manjri) APMC,2026-06-03,1300.0,1271.0,115.0,7,2.2
Pune(Manjri) APMC,2026-06-04,1500.0,1329.0,120.0,7,12.9
Pune(Manjri) APMC,2026-06-05,1300.0,1357.0,118.0,7,-4.2
Pune(Manjri) APMC,2026-06-06,1300.0,1371.0,127.0,7,-5.2
Pune(Manjri) APMC,2026-06-07,1400.0,1386.0,132.0,7,1.0
Pune(Manjri) APMC,2026-06-08,1400.0,1371.0,135.0,7,2.1
Pune(Manjri) APMC,2026-06-09,1500.0,1386.0,131.0,7,8.2
Pune(Manjri) APMC,2026-06-10,1300.0,1386.0,132.0,7,-6.2
Pune(Manjri) APMC,2026-06-11,1300.0,1357.0,130.0,7,-4.2
Pune(Manjri) APMC,2026-06-12,1300.0,1357.0,134.0,7,-4.2
Pune(Manjri) APMC,2026-06-13,1300.0,1357.0,131.0,7,-4.2
Pune(Manjri) APMC,2026-06-14,1300.0,1343.0,132.0,7,-3.2
Pune(Manjri) APMC,2026-06-15,1300.0,1329.0,137.0,7,-2.2
Pune(Manjri) APMC,2026-06-16,1300.0,1300.0,138.0,7,0.0
Pune(Manjri) APMC,2026-06-17,1500.0,1329.0,132.0,7,12.9
Pune(Manjri) APMC,2026-06-18,1700.0,1386.0,125.0,7,22.7
Pune(Manjri) APMC,2026-06-19,1700.0,1443.0,121.0,7,17.8
Pune(Manjri) APMC,2026-06-20,1700.0,1500.0,122.0,7,13.3
Pune(Manjri) APMC,2026-06-21,1500.0,1529.0,110.0,7,-1.9
Pune(Manjri) APMC,2026-06-22,1400.0,1543.0,104.0,7,-9.3
Pune(Manjri) APMC,2026-06-23,1500.0,1571.0,98.0,7,-4.5
Pune(Manjri) APMC,2026-06-24,1500.0,1571.0,95.0,7,-4.5
Pune(Manjri) APMC,2026-06-25,1500.0,1543.0,98.0,7,-2.8
Pune(Manjri) APMC,2026-06-26,1600.0,1529.0,99.0,7,4.7
Pune(Manjri) APMC,2026-06-27,1600.0,1514.0,92.0,7,5.7
Pune(Manjri) APMC,2026-06-28,2200.0,1614.0,98.0,7,36.3
Pune(Manjri) APMC,2026-06-29,2000.0,1700.0,96.0,7,17.6
Pune(Manjri) APMC,2026-06-30,2200.0,1800.0,105.0,7,22.2
Pune(Moshi) APMC,2024-06-01,1200.0,1200.0,778.0,1,0.0
Pune(Moshi) APMC,2024-06-02,1300.0,1250.0,660.0,2,4.0
Pune(Moshi) APMC,2024-06-03,1500.0,1333.0,577.0,3,12.5
Pune(Moshi) APMC,2024-06-04,1400.0,1350.0,586.0,4,3.7
Pune(Moshi) APMC,2024-06-06,1400.0,1360.0,586.0,5,2.9
Pune(Moshi) APMC,2024-06-07,1500.0,1383.0,553.0,6,8.4
Pune(Moshi) APMC,2024-06-08,1500.0,1400.0,550.0,7,7.1
Pune(Moshi) APMC,2024-06-09,1600.0,1457.0,520.0,7,9.8
Pune(Moshi) APMC,2024-06-10,1750.0,1521.0,560.0,7,15.0
Pune(Moshi) APMC,2024-06-11,1600.0,1536.0,626.0,7,4.2
Pune(Moshi) APMC,2024-06-13,1700.0,1579.0,666.0,7,7.7
Pune(Moshi) APMC,2024-06-14,1800.0,1636.0,680.0,7,10.0
Pune(Moshi) APMC,2024-06-15,1850.0,1686.0,725.0,7,9.7
Pune(Moshi) APMC,2024-06-16,1800.0,1729.0,734.0,7,4.1
Pune(Moshi) APMC,2024-06-17,1600.0,1729.0,719.0,7,-7.4
Pune(Moshi) APMC,2024-06-18,1750.0,1729.0,676.0,7,1.2
Pune(Moshi) APMC,2024-06-20,2250.0,1821.0,666.0,7,23.5
Pune(Moshi) APMC,2024-06-21,1850.0,1843.0,626.0,7,0.4
Pune(Moshi) APMC,2024-06-22,1900.0,1857.0,579.0,7,2.3
Pune(Moshi) APMC,2024-06-23,1600.0,1821.0,575.0,7,-12.2
Pune(Moshi) APMC,2024-06-24,1800.0,1821.0,544.0,7,-1.2
Pune(Moshi) APMC,2024-06-25,2000.0,1879.0,544.0,7,6.5
Pune(Moshi) APMC,2024-06-27,1850.0,1893.0,580.0,7,-2.3
Pune(Moshi) APMC,2024-06-28,2000.0,1857.0,566.0,7,7.7
Pune(Moshi) APMC,2024-06-29,1900.0,1864.0,555.0,7,1.9
Pune(Moshi) APMC,2024-06-30,2100.0,1893.0,553.0,7,10.9
Pune(Moshi) APMC,2024-07-01,1950.0,1943.0,516.0,7,0.4
Pune(Moshi) APMC,2024-07-02,1700.0,1929.0,498.0,7,-11.9
Pune(Moshi) APMC,2024-07-04,1800.0,1900.0,510.0,7,-5.3
Pune(Moshi) APMC,2024-07-05,1950.0,1914.0,477.0,7,1.9
Pune(Moshi) APMC,2024-07-06,2200.0,1943.0,430.0,7,13.2
Pune(Moshi) APMC,2024-07-07,1950.0,1950.0,446.0,7,0.0
Pune(Moshi) APMC,2024-07-08,2050.0,1943.0,484.0,7,5.5
Pune(Moshi) APMC,2024-07-09,2250.0,1986.0,481.0,7,13.3
Pune(Moshi) APMC,2024-07-11,2200.0,2057.0,549.0,7,6.9
Pune(Moshi) APMC,2024-07-12,2200.0,2114.0,527.0,7,4.1
Pune(Moshi) APMC,2024-07-13,2400.0,2179.0,528.0,7,10.2
Pune(Moshi) APMC,2024-07-14,1850.0,2129.0,533.0,7,-13.1
Pune(Moshi) APMC,2024-07-15,2050.0,2143.0,489.0,7,-4.3
Pune(Moshi) APMC,2024-07-16,2300.0,2179.0,458.0,7,5.6
Pune(Moshi) APMC,2024-07-18,2500.0,2214.0,547.0,7,12.9
Pune(Moshi) APMC,2024-07-19,2250.0,2221.0,547.0,7,1.3
Pune(Moshi) APMC,2024-07-20,2250.0,2229.0,525.0,7,1.0
Pune(Moshi) APMC,2024-07-21,2500.0,2243.0,511.0,7,11.5
Pune(Moshi) APMC,2024-07-22,2250.0,2300.0,503.0,7,-2.2
Pune(Moshi) APMC,2024-07-23,2250.0,2329.0,518.0,7,-3.4
Pune(Moshi) APMC,2024-07-25,2250.0,2321.0,557.0,7,-3.1
Pune(Moshi) APMC,2024-07-26,2500.0,2321.0,448.0,7,7.7
Pune(Moshi) APMC,2024-07-27,2250.0,2321.0,430.0,7,-3.1
Pune(Moshi) APMC,2024-07-28,2250.0,2321.0,488.0,7,-3.1
Pune(Moshi) APMC,2024-07-29,2250.0,2286.0,522.0,7,-1.6
Pune(Moshi) APMC,2024-07-30,2150.0,2271.0,554.0,7,-5.3
Pune(Moshi) APMC,2024-09-01,2500.0,2307.0,605.0,7,8.4
Pune(Moshi) APMC,2024-09-02,3000.0,2414.0,563.0,7,24.3
Pune(Moshi) APMC,2024-09-03,2750.0,2450.0,574.0,7,12.2
Pune(Moshi) APMC,2024-09-05,3250.0,2593.0,627.0,7,25.3
Pune(Moshi) APMC,2024-09-06,2250.0,2593.0,612.0,7,-13.2
Pune(Moshi) APMC,2024-09-07,2900.0,2686.0,584.0,7,8.0
Pune(Moshi) APMC,2024-09-08,2500.0,2736.0,550.0,7,-8.6
Pune(Moshi) APMC,2024-09-09,2900.0,2793.0,479.0,7,3.8
Pune(Moshi) APMC,2024-09-10,3000.0,2793.0,487.0,7,7.4
Pune(Moshi) APMC,2024-09-12,2900.0,2814.0,519.0,7,3.0
Pune(Moshi) APMC,2024-09-13,3000.0,2779.0,438.0,7,8.0
Pune(Moshi) APMC,2024-09-14,3000.0,2886.0,431.0,7,4.0
Pune(Moshi) APMC,2024-09-15,3000.0,2900.0,414.0,7,3.4
Pune(Moshi) APMC,2024-09-16,3500.0,3043.0,444.0,7,15.0
Pune(Moshi) APMC,2024-09-17,3500.0,3129.0,489.0,7,11.9
Pune(Moshi) APMC,2024-09-19,4900.0,3400.0,555.0,7,44.1
Pune(Moshi) APMC,2024-09-20,3500.0,3486.0,552.0,7,0.4
Pune(Moshi) APMC,2024-09-21,3000.0,3486.0,564.0,7,-13.9
Pune(Moshi) APMC,2024-09-22,3250.0,3521.0,586.0,7,-7.7
Pune(Moshi) APMC,2024-09-23,4600.0,3750.0,603.0,7,22.7
Pune(Moshi) APMC,2024-09-24,3500.0,3750.0,582.0,7,-6.7
Pune(Moshi) APMC,2024-09-26,3250.0,3714.0,620.0,7,-12.5
Pune(Moshi) APMC,2024-09-27,3250.0,3479.0,540.0,7,-6.6
Pune(Moshi) APMC,2024-09-28,3250.0,3443.0,529.0,7,-5.6
Pune(Moshi) APMC,2024-09-29,3000.0,3443.0,554.0,7,-12.9
Pune(Moshi) APMC,2024-09-30,2750.0,3371.0,558.0,7,-18.4
Pune(Moshi) APMC,2024-10-01,3000.0,3143.0,523.0,7,-4.5
Pune(Moshi) APMC,2024-10-03,2500.0,3000.0,583.0,7,-16.7
Pune(Moshi) APMC,2024-10-04,2750.0,2929.0,512.0,7,-6.1
Pune(Moshi) APMC,2024-10-05,2750.0,2857.0,522.0,7,-3.8
Pune(Moshi) APMC,2024-10-06,2750.0,2786.0,513.0,7,-1.3
Pune(Moshi) APMC,2024-10-07,2500.0,2714.0,451.0,7,-7.9
Pune(Moshi) APMC,2024-10-10,2750.0,2714.0,441.0,7,1.3
Pune(Moshi) APMC,2024-10-11,2500.0,2643.0,457.0,7,-5.4
Pune(Moshi) APMC,2024-10-12,2250.0,2607.0,359.0,7,-13.7
Pune(Moshi) APMC,2024-10-14,2500.0,2571.0,341.0,7,-2.8
Pune(Moshi) APMC,2024-10-15,2500.0,2536.0,333.0,7,-1.4
Pune(Moshi) APMC,2024-10-17,2250.0,2464.0,343.0,7,-8.7
Pune(Moshi) APMC,2024-10-18,2250.0,2429.0,463.0,7,-7.4
Pune(Moshi) APMC,2024-10-19,2250.0,2357.0,458.0,7,-4.5
Pune(Moshi) APMC,2024-10-20,2500.0,2357.0,486.0,7,6.1
Pune(Moshi) APMC,2024-10-21,2500.0,2393.0,531.0,7,4.5
Pune(Moshi) APMC,2024-10-22,2000.0,2321.0,546.0,7,-13.8
Pune(Moshi) APMC,2024-10-24,2250.0,2286.0,596.0,7,-1.6
Pune(Moshi) APMC,2024-10-25,2500.0,2321.0,570.0,7,7.7
Pune(Moshi) APMC,2024-10-26,2000.0,2286.0,486.0,7,-12.5
Pune(Moshi) APMC,2024-10-27,2000.0,2250.0,468.0,7,-11.1
Pune(Moshi) APMC,2024-10-28,2000.0,2179.0,460.0,7,-8.2
Pune(Moshi) APMC,2024-10-29,2000.0,2107.0,438.0,7,-5.1
Pune(Moshi) APMC,2024-10-31,1750.0,2071.0,487.0,7,-15.5
Pune(Moshi) APMC,2024-11-01,1750.0,2000.0,431.0,7,-12.5
Pune(Moshi) APMC,2024-11-02,1500.0,1857.0,426.0,7,-19.2
Pune(Moshi) APMC,2024-11-04,3250.0,2036.0,369.0,7,59.6
Pune(Moshi) APMC,2024-11-05,2750.0,2143.0,330.0,7,28.3
Pune(Moshi) APMC,2024-11-07,3500.0,2357.0,328.0,7,48.5
Pune(Moshi) APMC,2024-11-08,3000.0,2500.0,363.0,7,20.0
Pune(Moshi) APMC,2024-11-09,3250.0,2714.0,380.0,7,19.7
Pune(Moshi) APMC,2024-11-10,3000.0,2893.0,410.0,7,3.7
Pune(Moshi) APMC,2024-11-11,3000.0,3107.0,486.0,7,-3.4
Pune(Moshi) APMC,2024-11-12,2750.0,3036.0,567.0,7,-9.4
Pune(Moshi) APMC,2024-11-14,3500.0,3143.0,638.0,7,11.4
Pune(Moshi) APMC,2024-11-15,2500.0,3000.0,634.0,7,-16.7
Pune(Moshi) APMC,2024-11-16,2000.0,2857.0,601.0,7,-30.0
Pune(Moshi) APMC,2024-11-17,4000.0,2964.0,547.0,7,34.9
Pune(Moshi) APMC,2024-11-18,3000.0,2964.0,515.0,7,1.2
Pune(Moshi) APMC,2024-11-19,3000.0,2964.0,462.0,7,1.2
Pune(Moshi) APMC,2024-11-21,3500.0,3071.0,411.0,7,14.0
Pune(Moshi) APMC,2024-11-22,2500.0,2929.0,368.0,7,-14.6
Pune(Moshi) APMC,2024-11-23,4000.0,3143.0,346.0,7,27.3
Pune(Moshi) APMC,2024-11-24,3500.0,3357.0,357.0,7,4.3
Pune(Moshi) APMC,2024-11-25,3000.0,3214.0,367.0,7,-6.7
Pune(Moshi) APMC,2024-11-26,3000.0,3214.0,366.0,7,-6.7
Pune(Moshi) APMC,2024-11-28,3000.0,3214.0,441.0,7,-6.7
Pune(Moshi) APMC,2024-12-02,3000.0,3143.0,468.0,7,-4.5
Pune(Moshi) APMC,2024-12-03,3000.0,3214.0,485.0,7,-6.7
Pune(Moshi) APMC,2024-12-05,4000.0,3214.0,534.0,7,24.4
Pune(Moshi) APMC,2024-12-06,3000.0,3143.0,523.0,7,-4.5
Pune(Moshi) APMC,2024-12-08,3000.0,3143.0,509.0,7,-4.5
Pune(Moshi) APMC,2024-12-09,3000.0,3143.0,507.0,7,-4.5
Pune(Moshi) APMC,2024-12-10,3000.0,3143.0,424.0,7,-4.5
Pune(Moshi) APMC,2024-12-12,3000.0,3143.0,453.0,7,-4.5
Pune(Moshi) APMC,2024-12-13,3250.0,3179.0,469.0,7,2.2
Pune(Moshi) APMC,2024-12-14,2500.0,2964.0,455.0,7,-15.7
Pune(Moshi) APMC,2024-12-15,2300.0,2864.0,536.0,7,-19.7
Pune(Moshi) APMC,2024-12-16,2400.0,2779.0,557.0,7,-13.6
Pune(Moshi) APMC,2024-12-17,1900.0,2621.0,592.0,7,-27.5
Pune(Moshi) APMC,2024-12-19,2250.0,2514.0,684.0,7,-10.5
Pune(Moshi) APMC,2024-12-20,1900.0,2357.0,642.0,7,-19.4
Pune(Moshi) APMC,2024-12-22,1750.0,2143.0,652.0,7,-18.3
Pune(Moshi) APMC,2024-12-23,1500.0,2000.0,639.0,7,-25.0
Pune(Moshi) APMC,2024-12-24,1500.0,1886.0,571.0,7,-20.5
Pune(Moshi) APMC,2024-12-26,1500.0,1757.0,614.0,7,-14.6
Pune(Moshi) APMC,2024-12-27,1500.0,1700.0,593.0,7,-11.8
Pune(Moshi) APMC,2024-12-28,2250.0,1700.0,541.0,7,32.4
Pune(Moshi) APMC,2024-12-29,1800.0,1686.0,541.0,7,6.8
Pune(Moshi) APMC,2024-12-30,1500.0,1650.0,522.0,7,-9.1
Pune(Moshi) APMC,2024-12-31,1750.0,1686.0,510.0,7,3.8
Pune(Moshi) APMC,2025-01-02,1250.0,1650.0,569.0,7,-24.2
Pune(Moshi) APMC,2025-01-03,1650.0,1671.0,512.0,7,-1.3
Pune(Moshi) APMC,2025-01-04,1750.0,1707.0,538.0,7,2.5
Pune(Moshi) APMC,2025-01-05,1750.0,1636.0,571.0,7,7.0
Pune(Moshi) APMC,2025-01-06,1850.0,1643.0,574.0,7,12.6
Pune(Moshi) APMC,2025-01-07,1250.0,1607.0,614.0,7,-22.2
Pune(Moshi) APMC,2025-01-09,1500.0,1571.0,682.0,7,-4.5
Pune(Moshi) APMC,2025-01-10,1500.0,1607.0,638.0,7,-6.7
Pune(Moshi) APMC,2025-01-11,1500.0,1586.0,673.0,7,-5.4
Pune(Moshi) APMC,2025-01-12,1600.0,1564.0,680.0,7,2.3
Pune(Moshi) APMC,2025-01-13,1500.0,1529.0,594.0,7,-1.9
Pune(Moshi) APMC,2025-01-14,1250.0,1443.0,566.0,7,-13.4
Pune(Moshi) APMC,2025-01-16,1250.0,1443.0,566.0,7,-13.4
Pune(Moshi) APMC,2025-01-17,1350.0,1421.0,502.0,7,-5.0
Pune(Moshi) APMC,2025-01-18,1350.0,1400.0,482.0,7,-3.6
Pune(Moshi) APMC,2025-01-19,1850.0,1450.0,477.0,7,27.6
Pune(Moshi) APMC,2025-01-20,1650.0,1457.0,481.0,7,13.2
Pune(Moshi) APMC,2025-01-21,1900.0,1514.0,506.0,7,25.5
Pune(Moshi) APMC,2025-01-23,1850.0,1600.0,573.0,7,15.6
Pune(Moshi) APMC,2025-01-24,1900.0,1693.0,541.0,7,12.2
Pune(Moshi) APMC,2025-01-25,1500.0,1714.0,549.0,7,-12.5
Pune(Moshi) APMC,2025-01-27,1750.0,1771.0,582.0,7,-1.2
Pune(Moshi) APMC,2025-01-28,1250.0,1686.0,589.0,7,-25.8
Pune(Moshi) APMC,2025-01-30,1250.0,1629.0,614.0,7,-23.2
Pune(Moshi) APMC,2025-01-31,1550.0,1579.0,632.0,7,-1.8
Pune(Moshi) APMC,2025-02-01,1400.0,1514.0,598.0,7,-7.5
Pune(Moshi) APMC,2025-02-02,1300.0,1429.0,571.0,7,-9.0
Pune(Moshi) APMC,2025-02-03,1500.0,1429.0,549.0,7,5.0
Pune(Moshi) APMC,2025-02-04,1250.0,1357.0,506.0,7,-7.9
Pune(Moshi) APMC,2025-02-06,1400.0,1379.0,507.0,7,1.6
Pune(Moshi) APMC,2025-02-07,1450.0,1407.0,472.0,7,3.0
Pune(Moshi) APMC,2025-02-08,1500.0,1400.0,471.0,7,7.1
Pune(Moshi) APMC,2025-02-09,1400.0,1400.0,448.0,7,0.0
Pune(Moshi) APMC,2025-02-13,1850.0,1479.0,506.0,7,25.1
Pune(Moshi) APMC,2025-02-14,1550.0,1486.0,493.0,7,4.3
Pune(Moshi) APMC,2025-02-15,2000.0,1593.0,509.0,7,25.6
Pune(Moshi) APMC,2025-02-16,2000.0,1679.0,480.0,7,19.1
Pune(Moshi) APMC,2025-02-17,2000.0,1757.0,497.0,7,13.8
Pune(Moshi) APMC,2025-02-18,2000.0,1829.0,492.0,7,9.4
Pune(Moshi) APMC,2025-02-20,1600.0,1857.0,605.0,7,-13.8
Pune(Moshi) APMC,2025-02-21,1500.0,1807.0,588.0,7,-17.0
Pune(Moshi) APMC,2025-02-22,1600.0,1814.0,646.0,7,-11.8
Pune(Moshi) APMC,2025-02-23,1500.0,1743.0,663.0,7,-13.9
Pune(Moshi) APMC,2025-02-24,1500.0,1671.0,651.0,7,-10.3
Pune(Moshi) APMC,2025-02-25,1500.0,1600.0,600.0,7,-6.3
Pune(Moshi) APMC,2025-02-27,1400.0,1514.0,611.0,7,-7.5
Pune(Moshi) APMC,2025-02-28,1500.0,1500.0,501.0,7,0.0
Pune(Moshi) APMC,2025-03-01,1450.0,1493.0,472.0,7,-2.9
Pune(Moshi) APMC,2025-03-02,2250.0,1586.0,454.0,7,41.9
Pune(Moshi) APMC,2025-03-03,1450.0,1579.0,423.0,7,-8.1
Pune(Moshi) APMC,2025-03-04,1550.0,1586.0,456.0,7,-2.3
Pune(Moshi) APMC,2025-03-06,1750.0,1621.0,537.0,7,7.9
Pune(Moshi) APMC,2025-03-07,1750.0,1671.0,554.0,7,4.7
Pune(Moshi) APMC,2025-03-08,1600.0,1686.0,639.0,7,-5.1
Pune(Moshi) APMC,2025-03-09,1200.0,1650.0,718.0,7,-27.3
Pune(Moshi) APMC,2025-03-10,1150.0,1493.0,740.0,7,-23.0
Pune(Moshi) APMC,2025-03-11,1150.0,1450.0,784.0,7,-20.7
Pune(Moshi) APMC,2025-03-13,1150.0,1393.0,779.0,7,-17.4
Pune(Moshi) APMC,2025-03-15,1150.0,1307.0,756.0,7,-12.0
Pune(Moshi) APMC,2025-03-16,1100.0,1214.0,728.0,7,-9.4
Pune(Moshi) APMC,2025-03-17,1100.0,1143.0,673.0,7,-3.8
Pune(Moshi) APMC,2025-03-18,1250.0,1150.0,613.0,7,8.7
Pune(Moshi) APMC,2025-03-20,1100.0,1143.0,698.0,7,-3.8
Pune(Moshi) APMC,2025-03-21,850.0,1100.0,672.0,7,-22.7
Pune(Moshi) APMC,2025-03-22,850.0,1057.0,657.0,7,-19.6
Pune(Moshi) APMC,2025-03-23,850.0,1014.0,632.0,7,-16.2
Pune(Moshi) APMC,2025-03-24,1500.0,1071.0,635.0,7,40.0
Pune(Moshi) APMC,2025-03-25,900.0,1043.0,606.0,7,-13.7
Pune(Moshi) APMC,2025-03-27,1150.0,1029.0,633.0,7,11.8
Pune(Moshi) APMC,2025-03-28,1100.0,1029.0,497.0,7,6.9
Pune(Moshi) APMC,2025-03-29,1000.0,1050.0,526.0,7,-4.8
Pune(Moshi) APMC,2025-03-30,1050.0,1079.0,540.0,7,-2.6
Pune(Moshi) APMC,2025-03-31,1050.0,1107.0,525.0,7,-5.2
Pune(Moshi) APMC,2025-04-01,1050.0,1043.0,526.0,7,0.7
Pune(Moshi) APMC,2025-04-03,1000.0,1057.0,606.0,7,-5.4
Pune(Moshi) APMC,2025-04-04,900.0,1021.0,540.0,7,-11.9
Pune(Moshi) APMC,2025-04-05,1100.0,1021.0,608.0,7,7.7
Pune(Moshi) APMC,2025-04-06,900.0,1007.0,600.0,7,-10.6
Pune(Moshi) APMC,2025-04-07,900.0,986.0,589.0,7,-8.7
Pune(Moshi) APMC,2025-04-08,900.0,964.0,622.0,7,-6.7
Pune(Moshi) APMC,2025-04-10,850.0,936.0,679.0,7,-9.2
Pune(Moshi) APMC,2025-04-11,900.0,921.0,684.0,7,-2.3
Pune(Moshi) APMC,2025-04-12,700.0,893.0,721.0,7,-21.6
Pune(Moshi) APMC,2025-04-13,750.0,843.0,706.0,7,-11.0
Pune(Moshi) APMC,2025-04-14,800.0,829.0,668.0,7,-3.4
Pune(Moshi) APMC,2025-04-15,800.0,814.0,645.0,7,-1.8
Pune(Moshi) APMC,2025-04-17,900.0,814.0,662.0,7,10.5
Pune(Moshi) APMC,2025-04-18,800.0,807.0,605.0,7,-0.9
Pune(Moshi) APMC,2025-04-19,800.0,793.0,550.0,7,0.9
Pune(Moshi) APMC,2025-04-20,800.0,807.0,573.0,7,-0.9
Pune(Moshi) APMC,2025-04-21,800.0,814.0,544.0,7,-1.8
Pune(Moshi) APMC,2025-04-22,800.0,814.0,591.0,7,-1.8
Pune(Moshi) APMC,2025-04-24,800.0,814.0,661.0,7,-1.8
Pune(Moshi) APMC,2025-04-25,750.0,793.0,649.0,7,-5.4
Pune(Moshi) APMC,2025-04-26,900.0,807.0,651.0,7,11.5
Pune(Moshi) APMC,2025-04-27,750.0,800.0,679.0,7,-6.3
Pune(Moshi) APMC,2025-04-28,1200.0,857.0,685.0,7,40.0
Pune(Moshi) APMC,2025-04-29,800.0,857.0,687.0,7,-6.7
Pune(Moshi) APMC,2025-05-02,750.0,850.0,732.0,7,-11.8
Pune(Moshi) APMC,2025-05-03,800.0,850.0,727.0,7,-5.9
Pune(Moshi) APMC,2025-05-04,650.0,836.0,742.0,7,-22.2
Pune(Moshi) APMC,2025-05-05,650.0,800.0,744.0,7,-18.8
Pune(Moshi) APMC,2025-05-06,650.0,786.0,714.0,7,-17.3
Pune(Moshi) APMC,2025-05-08,850.0,736.0,709.0,7,15.5
Pune(Moshi) APMC,2025-05-09,750.0,729.0,733.0,7,2.9
Pune(Moshi) APMC,2025-05-10,950.0,757.0,673.0,7,25.5
Pune(Moshi) APMC,2025-05-11,750.0,750.0,683.0,7,0.0
Pune(Moshi) APMC,2025-05-12,800.0,771.0,653.0,7,3.7
Pune(Moshi) APMC,2025-05-13,700.0,779.0,635.0,7,-10.1
Pune(Moshi) APMC,2025-05-15,750.0,793.0,680.0,7,-5.4
Pune(Moshi) APMC,2025-05-16,750.0,779.0,651.0,7,-3.7
Pune(Moshi) APMC,2025-05-17,750.0,779.0,643.0,7,-3.7
Pune(Moshi) APMC,2025-05-18,850.0,764.0,685.0,7,11.2
Pune(Moshi) APMC,2025-05-19,1000.0,800.0,593.0,7,25.0
Pune(Moshi) APMC,2025-05-20,750.0,793.0,588.0,7,-5.4
Pune(Moshi) APMC,2025-05-22,750.0,800.0,632.0,7,-6.3
Pune(Moshi) APMC,2025-05-23,800.0,807.0,593.0,7,-0.9
Pune(Moshi) APMC,2025-05-24,750.0,807.0,578.0,7,-7.1
Pune(Moshi) APMC,2025-05-25,1000.0,843.0,552.0,7,18.6
Pune(Moshi) APMC,2025-05-26,950.0,857.0,464.0,7,10.8
Pune(Moshi) APMC,2025-05-27,950.0,850.0,496.0,7,11.8
Pune(Moshi) APMC,2025-05-29,900.0,871.0,553.0,7,3.3
Pune(Moshi) APMC,2025-05-30,1300.0,950.0,576.0,7,36.8
Pune(Moshi) APMC,2025-05-31,1000.0,979.0,639.0,7,2.2
Pune(Moshi) APMC,2025-06-01,1000.0,1014.0,726.0,7,-1.4
Pune(Moshi) APMC,2025-06-02,1000.0,1014.0,778.0,7,-1.4
Pune(Moshi) APMC,2025-06-03,900.0,1007.0,808.0,7,-10.6
Pune(Moshi) APMC,2025-06-05,900.0,1000.0,871.0,7,-10.0
Pune(Moshi) APMC,2025-06-06,1000.0,1014.0,782.0,7,-1.4
Pune(Moshi) APMC,2025-06-07,800.0,943.0,734.0,7,-15.2
Pune(Moshi) APMC,2025-06-08,1100.0,957.0,642.0,7,14.9
Pune(Moshi) APMC,2025-06-09,1100.0,971.0,572.0,7,13.2
Pune(Moshi) APMC,2025-06-10,1250.0,1007.0,530.0,7,24.1
Pune(Moshi) APMC,2025-06-12,950.0,1014.0,570.0,7,-6.3
Pune(Moshi) APMC,2025-06-13,1250.0,1064.0,489.0,7,17.4
Pune(Moshi) APMC,2025-06-14,1150.0,1086.0,529.0,7,5.9
Pune(Moshi) APMC,2025-06-15,1100.0,1129.0,531.0,7,-2.5
Pune(Moshi) APMC,2025-06-16,1200.0,1143.0,553.0,7,5.0
Pune(Moshi) APMC,2025-06-17,1350.0,1179.0,515.0,7,14.5
Pune(Moshi) APMC,2025-06-19,1050.0,1150.0,546.0,7,-8.7
Pune(Moshi) APMC,2025-06-20,1100.0,1171.0,471.0,7,-6.1
Pune(Moshi) APMC,2025-06-21,1000.0,1136.0,464.0,7,-11.9
Pune(Moshi) APMC,2025-06-22,1400.0,1171.0,442.0,7,19.5
Pune(Moshi) APMC,2025-06-23,1250.0,1193.0,436.0,7,4.8
Pune(Moshi) APMC,2025-06-24,1250.0,1200.0,424.0,7,4.2
Pune(Moshi) APMC,2025-06-26,1250.0,1186.0,522.0,7,5.4
Pune(Moshi) APMC,2025-06-27,1200.0,1207.0,470.0,7,-0.6
Pune(Moshi) APMC,2025-06-28,1250.0,1229.0,497.0,7,1.7
Pune(Moshi) APMC,2025-06-29,1250.0,1264.0,523.0,7,-1.1
Pune(Moshi) APMC,2025-06-30,1250.0,1243.0,528.0,7,0.6
Pune(Moshi) APMC,2025-07-01,1400.0,1264.0,517.0,7,10.7
Pune(Moshi) APMC,2025-07-03,1400.0,1286.0,537.0,7,8.9
Pune(Moshi) APMC,2025-07-04,1200.0,1279.0,454.0,7,-6.1
Pune(Moshi) APMC,2025-07-05,1300.0,1293.0,465.0,7,0.6
Pune(Moshi) APMC,2025-07-06,1200.0,1286.0,482.0,7,-6.7
Pune(Moshi) APMC,2025-07-07,950.0,1243.0,468.0,7,-23.6
Pune(Moshi) APMC,2025-07-08,1150.0,1229.0,461.0,7,-6.4
Pune(Moshi) APMC,2025-07-10,1150.0,1193.0,523.0,7,-3.6
Pune(Moshi) APMC,2025-07-11,1100.0,1150.0,510.0,7,-4.3
Pune(Moshi) APMC,2025-07-12,1000.0,1121.0,559.0,7,-10.8
Pune(Moshi) APMC,2025-07-13,1150.0,1100.0,592.0,7,4.5
Pune(Moshi) APMC,2025-07-14,1200.0,1100.0,582.0,7,9.1
Pune(Moshi) APMC,2025-07-15,1200.0,1136.0,599.0,7,5.7
Pune(Moshi) APMC,2025-07-17,900.0,1100.0,650.0,7,-18.2
Pune(Moshi) APMC,2025-07-18,1150.0,1100.0,590.0,7,4.5
Pune(Moshi) APMC,2025-07-19,1150.0,1107.0,604.0,7,3.9
Pune(Moshi) APMC,2025-07-20,1200.0,1136.0,561.0,7,5.7
Pune(Moshi) APMC,2025-07-21,1100.0,1129.0,535.0,7,-2.5
Pune(Moshi) APMC,2025-07-22,1150.0,1121.0,555.0,7,2.5
Pune(Moshi) APMC,2025-07-24,950.0,1086.0,604.0,7,-12.5
Pune(Moshi) APMC,2025-07-25,1150.0,1121.0,534.0,7,2.5
Pune(Moshi) APMC,2025-07-27,1150.0,1121.0,540.0,7,2.5
Pune(Moshi) APMC,2025-07-28,1100.0,1114.0,520.0,7,-1.3
Pune(Moshi) APMC,2025-07-29,1100.0,1100.0,535.0,7,0.0
Pune(Moshi) APMC,2025-07-31,1050.0,1093.0,598.0,7,-3.9
Pune(Moshi) APMC,2025-08-01,1100.0,1086.0,575.0,7,1.3
Pune(Moshi) APMC,2025-08-02,950.0,1086.0,536.0,7,-12.5
Pune(Moshi) APMC,2025-08-03,900.0,1050.0,606.0,7,-14.3
Pune(Moshi) APMC,2025-08-04,900.0,1014.0,622.0,7,-11.3
Pune(Moshi) APMC,2025-08-05,950.0,993.0,641.0,7,-4.3
Pune(Moshi) APMC,2025-08-07,850.0,957.0,685.0,7,-11.2
Pune(Moshi) APMC,2025-08-08,950.0,943.0,609.0,7,0.8
Pune(Moshi) APMC,2025-08-10,900.0,914.0,584.0,7,-1.6
Pune(Moshi) APMC,2025-08-11,1050.0,929.0,539.0,7,13.1
Pune(Moshi) APMC,2025-08-12,1100.0,957.0,523.0,7,14.9
Pune(Moshi) APMC,2025-08-14,1100.0,986.0,501.0,7,11.6
Pune(Moshi) APMC,2025-08-16,1300.0,1036.0,521.0,7,25.5
Pune(Moshi) APMC,2025-08-17,1100.0,1071.0,495.0,7,2.7
Pune(Moshi) APMC,2025-08-18,1150.0,1100.0,530.0,7,4.5
Pune(Moshi) APMC,2025-08-19,1100.0,1129.0,589.0,7,-2.5
Pune(Moshi) APMC,2025-08-21,950.0,1114.0,609.0,7,-14.7
Pune(Moshi) APMC,2025-08-22,1250.0,1136.0,589.0,7,10.1
Pune(Moshi) APMC,2025-08-23,1050.0,1129.0,621.0,7,-7.0
Pune(Moshi) APMC,2025-08-24,1100.0,1100.0,614.0,7,0.0
Pune(Moshi) APMC,2025-08-25,1100.0,1100.0,614.0,7,0.0
Pune(Moshi) APMC,2025-08-26,1250.0,1114.0,616.0,7,12.2
Pune(Moshi) APMC,2025-08-28,1250.0,1136.0,643.0,7,10.1
Pune(Moshi) APMC,2025-08-29,1050.0,1150.0,643.0,7,-8.7
Pune(Moshi) APMC,2025-08-30,1050.0,1121.0,652.0,7,-6.4
Pune(Moshi) APMC,2025-08-31,1150.0,1136.0,666.0,7,1.3
Pune(Moshi) APMC,2025-09-01,1150.0,1143.0,630.0,7,0.6
Pune(Moshi) APMC,2025-09-02,1050.0,1136.0,651.0,7,-7.5
Pune(Moshi) APMC,2025-09-04,1150.0,1121.0,692.0,7,2.5
Pune(Moshi) APMC,2025-09-05,1000.0,1086.0,648.0,7,-7.9
Pune(Moshi) APMC,2025-09-06,1000.0,1079.0,691.0,7,-7.3
Pune(Moshi) APMC,2025-09-08,1000.0,1071.0,752.0,7,-6.7
Pune(Moshi) APMC,2025-09-09,900.0,1036.0,750.0,7,-13.1
Pune(Moshi) APMC,2025-09-11,1200.0,1043.0,858.0,7,15.1
Pune(Moshi) APMC,2025-09-12,950.0,1029.0,851.0,7,-7.6
Pune(Moshi) APMC,2025-09-13,850.0,986.0,834.0,7,-13.8
Pune(Moshi) APMC,2025-09-14,1100.0,1000.0,865.0,7,10.0
Pune(Moshi) APMC,2025-09-15,1000.0,1000.0,840.0,7,0.0
Pune(Moshi) APMC,2025-09-16,1050.0,1007.0,743.0,7,4.3
Pune(Moshi) APMC,2025-09-18,1000.0,1021.0,763.0,7,-2.1
Pune(Moshi) APMC,2025-09-19,900.0,979.0,680.0,7,-8.0
Pune(Moshi) APMC,2025-09-20,1050.0,993.0,675.0,7,5.8
Pune(Moshi) APMC,2025-09-21,1000.0,1014.0,679.0,7,-1.4
Pune(Moshi) APMC,2025-09-22,850.0,979.0,661.0,7,-13.1
Pune(Moshi) APMC,2025-09-23,950.0,971.0,652.0,7,-2.2
Pune(Moshi) APMC,2025-09-25,900.0,950.0,756.0,7,-5.3
Pune(Moshi) APMC,2025-09-26,1000.0,950.0,692.0,7,5.3
Pune(Moshi) APMC,2025-09-27,1000.0,964.0,680.0,7,3.7
Pune(Moshi) APMC,2025-09-28,1000.0,957.0,669.0,7,4.5
Pune(Moshi) APMC,2025-09-29,1050.0,964.0,598.0,7,8.9
Pune(Moshi) APMC,2025-09-30,1050.0,993.0,573.0,7,5.8
Pune(Moshi) APMC,2025-10-02,1100.0,1014.0,579.0,7,8.5
Pune(Moshi) APMC,2025-10-04,1050.0,1036.0,545.0,7,1.4
Pune(Moshi) APMC,2025-10-05,1050.0,1043.0,597.0,7,0.7
Pune(Moshi) APMC,2025-10-06,1050.0,1050.0,665.0,7,0.0
Pune(Moshi) APMC,2025-10-07,1150.0,1071.0,671.0,7,7.3
Pune(Moshi) APMC,2025-10-09,1000.0,1064.0,811.0,7,-6.0
Pune(Moshi) APMC,2025-10-10,900.0,1043.0,864.0,7,-13.7
Pune(Moshi) APMC,2025-10-12,700.0,986.0,877.0,7,-29.0
Pune(Moshi) APMC,2025-10-13,700.0,936.0,821.0,7,-25.2
Pune(Moshi) APMC,2025-10-14,650.0,879.0,774.0,7,-26.0
Pune(Moshi) APMC,2025-10-16,650.0,821.0,784.0,7,-20.9
Pune(Moshi) APMC,2025-10-17,700.0,757.0,774.0,7,-7.5
Pune(Moshi) APMC,2025-10-18,750.0,721.0,689.0,7,4.0
Pune(Moshi) APMC,2025-10-19,650.0,686.0,633.0,7,-5.2
Pune(Moshi) APMC,2025-10-20,2300.0,914.0,588.0,7,151.6
Pune(Moshi) APMC,2025-10-21,700.0,914.0,542.0,7,-23.4
Pune(Moshi) APMC,2025-10-24,800.0,936.0,503.0,7,-14.5
Pune(Moshi) APMC,2025-10-26,1000.0,986.0,437.0,7,1.4
Pune(Moshi) APMC,2025-10-27,1150.0,1050.0,457.0,7,9.5
Pune(Moshi) APMC,2025-10-28,1100.0,1100.0,469.0,7,0.0
Pune(Moshi) APMC,2025-10-30,1000.0,1150.0,559.0,7,-13.0
Pune(Moshi) APMC,2025-10-31,950.0,957.0,584.0,7,-0.7
Pune(Moshi) APMC,2025-11-01,950.0,993.0,670.0,7,-4.3
Pune(Moshi) APMC,2025-11-02,1000.0,1021.0,717.0,7,-2.1
Pune(Moshi) APMC,2025-11-03,900.0,1007.0,731.0,7,-10.6
Pune(Moshi) APMC,2025-11-04,950.0,979.0,702.0,7,-2.9
Pune(Moshi) APMC,2025-11-06,950.0,957.0,695.0,7,-0.7
Pune(Moshi) APMC,2025-11-07,1050.0,964.0,655.0,7,8.9
Pune(Moshi) APMC,2025-11-08,500.0,900.0,654.0,7,-44.4
Pune(Moshi) APMC,2025-11-09,1000.0,907.0,649.0,7,10.2
Pune(Moshi) APMC,2025-11-10,1000.0,907.0,625.0,7,10.2
Pune(Moshi) APMC,2025-11-11,1100.0,936.0,615.0,7,17.6
Pune(Moshi) APMC,2025-11-13,1100.0,957.0,706.0,7,14.9
Pune(Moshi) APMC,2025-11-14,1150.0,986.0,666.0,7,16.7
Pune(Moshi) APMC,2025-11-15,1150.0,1000.0,679.0,7,15.0
Pune(Moshi) APMC,2025-11-16,1050.0,1079.0,677.0,7,-2.6
Pune(Moshi) APMC,2025-11-17,950.0,1071.0,691.0,7,-11.3
Pune(Moshi) APMC,2025-11-18,1150.0,1093.0,721.0,7,5.2
Pune(Moshi) APMC,2025-11-20,950.0,1071.0,793.0,7,-11.3
Pune(Moshi) APMC,2025-11-21,950.0,1050.0,711.0,7,-9.5
Pune(Moshi) APMC,2025-11-22,900.0,1014.0,745.0,7,-11.3
Pune(Moshi) APMC,2025-11-23,900.0,979.0,700.0,7,-8.0
Pune(Moshi) APMC,2025-11-24,950.0,964.0,700.0,7,-1.5
Pune(Moshi) APMC,2025-11-25,900.0,957.0,683.0,7,-6.0
Pune(Moshi) APMC,2025-11-27,950.0,929.0,735.0,7,2.3
Pune(Moshi) APMC,2025-11-28,950.0,929.0,642.0,7,2.3
Pune(Moshi) APMC,2025-11-29,900.0,921.0,638.0,7,-2.3
Pune(Moshi) APMC,2025-11-30,950.0,929.0,649.0,7,2.3
Pune(Moshi) APMC,2025-12-01,900.0,929.0,649.0,7,-3.1
Pune(Moshi) APMC,2025-12-02,900.0,921.0,634.0,7,-2.3
Pune(Moshi) APMC,2025-12-04,900.0,921.0,687.0,7,-2.3
Pune(Moshi) APMC,2025-12-05,1100.0,943.0,586.0,7,16.7
Pune(Moshi) APMC,2025-12-06,750.0,914.0,605.0,7,-18.0
Pune(Moshi) APMC,2025-12-07,750.0,893.0,609.0,7,-16.0
Pune(Moshi) APMC,2025-12-08,850.0,879.0,534.0,7,-3.3
Pune(Moshi) APMC,2025-12-09,950.0,886.0,516.0,7,7.3
Pune(Moshi) APMC,2025-12-11,800.0,871.0,556.0,7,-8.2
Pune(Moshi) APMC,2025-12-12,1500.0,957.0,466.0,7,56.7
Pune(Moshi) APMC,2025-12-13,1350.0,993.0,478.0,7,36.0
Pune(Moshi) APMC,2025-12-14,1550.0,1107.0,466.0,7,40.0
Pune(Moshi) APMC,2025-12-15,1450.0,1207.0,473.0,7,20.1
Pune(Moshi) APMC,2025-12-16,1650.0,1321.0,556.0,7,24.9
Pune(Moshi) APMC,2025-12-18,1500.0,1400.0,638.0,7,7.1
Pune(Moshi) APMC,2025-12-19,1500.0,1500.0,646.0,7,0.0
Pune(Moshi) APMC,2025-12-20,1300.0,1471.0,694.0,7,-11.7
Pune(Moshi) APMC,2025-12-21,1250.0,1457.0,744.0,7,-14.2
Pune(Moshi) APMC,2025-12-22,1200.0,1407.0,790.0,7,-14.7
Pune(Moshi) APMC,2025-12-23,1250.0,1379.0,771.0,7,-9.3
Pune(Moshi) APMC,2025-12-25,1150.0,1307.0,784.0,7,-12.0
Pune(Moshi) APMC,2025-12-26,950.0,1229.0,723.0,7,-22.7
Pune(Moshi) APMC,2025-12-27,1100.0,1171.0,745.0,7,-6.1
Pune(Moshi) APMC,2025-12-28,1050.0,1136.0,746.0,7,-7.5
Pune(Moshi) APMC,2025-12-30,1000.0,1100.0,729.0,7,-9.1
Pune(Moshi) APMC,2026-01-01,1000.0,1071.0,701.0,7,-6.7
Pune(Moshi) APMC,2026-01-02,1050.0,1043.0,706.0,7,0.7
Pune(Moshi) APMC,2026-01-03,1150.0,1043.0,668.0,7,10.3
Pune(Moshi) APMC,2026-01-04,1050.0,1057.0,698.0,7,-0.7
Pune(Moshi) APMC,2026-01-05,1050.0,1050.0,674.0,7,0.0
Pune(Moshi) APMC,2026-01-06,1000.0,1043.0,646.0,7,-4.1
Pune(Moshi) APMC,2026-01-08,1050.0,1050.0,693.0,7,0.0
Pune(Moshi) APMC,2026-01-09,1000.0,1050.0,688.0,7,-4.8
Pune(Moshi) APMC,2026-01-10,1000.0,1043.0,680.0,7,-4.1
Pune(Moshi) APMC,2026-01-11,950.0,1014.0,705.0,7,-6.3
Pune(Moshi) APMC,2026-01-12,1000.0,1007.0,668.0,7,-0.7
Pune(Moshi) APMC,2026-01-13,1000.0,1000.0,655.0,7,0.0
Pune(Moshi) APMC,2026-01-16,1050.0,1007.0,771.0,7,4.3
Pune(Moshi) APMC,2026-01-17,1000.0,1000.0,730.0,7,0.0
Pune(Moshi) APMC,2026-01-18,1000.0,1000.0,729.0,7,0.0
Pune(Moshi) APMC,2026-01-19,950.0,993.0,728.0,7,-4.3
Pune(Moshi) APMC,2026-01-20,1100.0,1014.0,709.0,7,8.5
Pune(Moshi) APMC,2026-01-22,900.0,1000.0,805.0,7,-10.0
Pune(Moshi) APMC,2026-01-23,1050.0,1007.0,797.0,7,4.3
Pune(Moshi) APMC,2026-01-24,1150.0,1021.0,650.0,7,12.6
Pune(Moshi) APMC,2026-01-25,1150.0,1043.0,651.0,7,10.3
Pune(Moshi) APMC,2026-01-27,1150.0,1064.0,677.0,7,8.1
Pune(Moshi) APMC,2026-01-30,1050.0,1079.0,790.0,7,-2.6
Pune(Moshi) APMC,2026-01-31,1000.0,1064.0,806.0,7,-6.0
Pune(Moshi) APMC,2026-02-01,1000.0,1079.0,763.0,7,-7.3
Pune(Moshi) APMC,2026-02-02,1000.0,1071.0,784.0,7,-6.7
Pune(Moshi) APMC,2026-02-03,950.0,1043.0,810.0,7,-8.9
Pune(Moshi) APMC,2026-02-05,850.0,1000.0,893.0,7,-15.0
Pune(Moshi) APMC,2026-02-06,900.0,964.0,10395.0,7,-6.7
Pune(Moshi) APMC,2026-02-07,800.0,929.0,10301.0,7,-13.8
Pune(Moshi) APMC,2026-02-08,850.0,907.0,10271.0,7,-6.3
Pune(Moshi) APMC,2026-02-09,800.0,879.0,10230.0,7,-8.9
Pune(Moshi) APMC,2026-02-10,850.0,857.0,10212.0,7,-0.8
Pune(Moshi) APMC,2026-02-12,850.0,843.0,10274.0,7,0.8
Pune(Moshi) APMC,2026-02-13,800.0,836.0,10161.0,7,-4.3
Pune(Moshi) APMC,2026-02-14,850.0,829.0,635.0,7,2.6
Pune(Moshi) APMC,2026-02-15,1000.0,857.0,645.0,7,16.7
Pune(Moshi) APMC,2026-02-16,800.0,850.0,646.0,7,-5.9
Pune(Moshi) APMC,2026-02-17,900.0,864.0,633.0,7,4.1
Pune(Moshi) APMC,2026-02-19,800.0,857.0,697.0,7,-6.7
Pune(Moshi) APMC,2026-02-20,750.0,843.0,623.0,7,-11.0
Pune(Moshi) APMC,2026-02-21,850.0,850.0,639.0,7,0.0
Pune(Moshi) APMC,2026-02-22,800.0,843.0,669.0,7,-5.1
Pune(Moshi) APMC,2026-02-23,725.0,804.0,645.0,7,-9.8
Pune(Moshi) APMC,2026-02-26,700.0,789.0,725.0,7,-11.3
Pune(Moshi) APMC,2026-02-27,700.0,761.0,742.0,7,-8.0
Pune(Moshi) APMC,2026-02-28,750.0,754.0,729.0,7,-0.5
Pune(Moshi) APMC,2026-03-01,700.0,746.0,752.0,7,-6.2
Pune(Moshi) APMC,2026-03-05,800.0,739.0,787.0,7,8.2
Pune(Moshi) APMC,2026-03-06,650.0,718.0,769.0,7,-9.5
Pune(Moshi) APMC,2026-03-07,650.0,707.0,792.0,7,-8.1
Pune(Moshi) APMC,2026-03-08,800.0,721.0,735.0,7,10.9
Pune(Moshi) APMC,2026-03-09,750.0,729.0,736.0,7,2.9
Pune(Moshi) APMC,2026-03-10,750.0,729.0,706.0,7,2.9
Pune(Moshi) APMC,2026-03-12,800.0,743.0,769.0,7,7.7
Pune(Moshi) APMC,2026-03-13,700.0,729.0,749.0,7,-3.9
Pune(Moshi) APMC,2026-03-14,700.0,736.0,744.0,7,-4.9
Pune(Moshi) APMC,2026-03-15,800.0,757.0,788.0,7,5.7
Pune(Moshi) APMC,2026-03-16,800.0,757.0,771.0,7,5.7
Pune(Moshi) APMC,2026-03-17,800.0,764.0,778.0,7,4.7
Pune(Moshi) APMC,2026-03-19,800.0,771.0,775.0,7,3.7
Pune(Moshi) APMC,2026-03-20,800.0,771.0,703.0,7,3.7
Pune(Moshi) APMC,2026-03-21,800.0,786.0,698.0,7,1.8
Pune(Moshi) APMC,2026-03-22,800.0,800.0,736.0,7,0.0
Pune(Moshi) APMC,2026-03-23,700.0,786.0,683.0,7,-10.9
Pune(Moshi) APMC,2026-03-24,750.0,779.0,714.0,7,-3.7
Pune(Moshi) APMC,2026-03-26,800.0,779.0,808.0,7,2.8
Pune(Moshi) APMC,2026-03-27,800.0,779.0,828.0,7,2.8
Pune(Moshi) APMC,2026-03-28,700.0,764.0,871.0,7,-8.4
Pune(Moshi) APMC,2026-03-29,800.0,764.0,897.0,7,4.7
Pune(Moshi) APMC,2026-03-30,700.0,750.0,871.0,7,-6.7
Pune(Moshi) APMC,2026-03-31,950.0,786.0,850.0,7,20.9
Pune(Moshi) APMC,2026-04-02,650.0,771.0,818.0,7,-15.7
Pune(Moshi) APMC,2026-04-03,700.0,757.0,691.0,7,-7.5
Pune(Moshi) APMC,2026-04-04,700.0,743.0,639.0,7,-5.8
Pune(Moshi) APMC,2026-04-05,700.0,743.0,588.0,7,-5.8
Pune(Moshi) APMC,2026-04-06,850.0,750.0,596.0,7,13.3
Pune(Moshi) APMC,2026-04-07,850.0,771.0,560.0,7,10.2
Pune(Moshi) APMC,2026-04-09,650.0,729.0,630.0,7,-10.8
Pune(Moshi) APMC,2026-04-10,1100.0,793.0,640.0,7,38.7
Pune(Moshi) APMC,2026-04-11,800.0,807.0,698.0,7,-0.9
Pune(Moshi) APMC,2026-04-12,850.0,829.0,742.0,7,2.6
Pune(Moshi) APMC,2026-04-13,850.0,850.0,771.0,7,0.0
Pune(Moshi) APMC,2026-04-14,850.0,850.0,759.0,7,0.0
Pune(Moshi) APMC,2026-04-16,650.0,821.0,860.0,7,-20.9
Pune(Moshi) APMC,2026-04-17,700.0,829.0,838.0,7,-15.5
Pune(Moshi) APMC,2026-04-18,700.0,771.0,850.0,7,-9.3
Pune(Moshi) APMC,2026-04-19,700.0,757.0,819.0,7,-7.5
Pune(Moshi) APMC,2026-04-20,950.0,771.0,769.0,7,23.1
Pune(Moshi) APMC,2026-04-21,750.0,757.0,751.0,7,-0.9
Pune(Moshi) APMC,2026-04-23,650.0,729.0,740.0,7,-10.8
Pune(Moshi) APMC,2026-04-24,750.0,743.0,636.0,7,1.0
Pune(Moshi) APMC,2026-04-26,700.0,743.0,586.0,7,-5.8
Pune(Moshi) APMC,2026-04-27,700.0,743.0,549.0,7,-5.8
Pune(Moshi) APMC,2026-04-28,700.0,743.0,505.0,7,-5.8
Pune(Moshi) APMC,2026-04-30,1000.0,750.0,573.0,7,33.3
Pune(Moshi) APMC,2026-05-02,700.0,743.0,596.0,7,-5.8
Pune(Moshi) APMC,2026-05-03,650.0,743.0,606.0,7,-12.5
Pune(Moshi) APMC,2026-05-04,700.0,736.0,666.0,7,-4.9
Pune(Moshi) APMC,2026-05-08,700.0,736.0,711.0,7,-4.9
Pune(Moshi) APMC,2026-05-09,700.0,736.0,730.0,7,-4.9
Pune(Moshi) APMC,2026-05-10,750.0,743.0,769.0,7,1.0
Pune(Moshi) APMC,2026-05-11,750.0,707.0,723.0,7,6.1
Pune(Moshi) APMC,2026-05-12,750.0,714.0,691.0,7,5.0
Pune(Moshi) APMC,2026-05-14,700.0,721.0,683.0,7,-3.0
Pune(Moshi) APMC,2026-05-15,700.0,721.0,624.0,7,-3.0
Pune(Moshi) APMC,2026-05-16,750.0,729.0,605.0,7,2.9
Pune(Moshi) APMC,2026-05-17,700.0,729.0,589.0,7,-3.9
Pune(Moshi) APMC,2026-05-18,700.0,721.0,578.0,7,-3.0
Pune(Moshi) APMC,2026-05-19,700.0,714.0,599.0,7,-2.0
Pune(Moshi) APMC,2026-05-21,700.0,707.0,663.0,7,-1.0
Pune(Moshi) APMC,2026-05-22,700.0,707.0,665.0,7,-1.0
Pune(Moshi) APMC,2026-05-23,700.0,707.0,688.0,7,-1.0
Pune(Moshi) APMC,2026-05-24,700.0,700.0,713.0,7,0.0
Pune(Moshi) APMC,2026-05-25,750.0,707.0,728.0,7,6.1
Pune(Moshi) APMC,2026-05-26,700.0,707.0,748.0,7,-1.0
Pune(Moshi) APMC,2026-05-28,850.0,729.0,783.0,7,16.7
Pune(Moshi) APMC,2026-05-29,800.0,743.0,715.0,7,7.7
Pune(Moshi) APMC,2026-05-30,800.0,757.0,702.0,7,5.7
Pune(Moshi) APMC,2026-05-31,900.0,786.0,702.0,7,14.5
Pune(Moshi) APMC,2026-06-01,950.0,821.0,666.0,7,15.7
Pune(Moshi) APMC,2026-06-02,950.0,850.0,680.0,7,11.8
Pune(Moshi) APMC,2026-06-04,1000.0,893.0,772.0,7,12.0
Pune(Moshi) APMC,2026-06-05,1000.0,914.0,765.0,7,9.4
Pune(Moshi) APMC,2026-06-06,950.0,936.0,772.0,7,1.5
Pune(Moshi) APMC,2026-06-07,1000.0,964.0,792.0,7,3.7
Pune(Moshi) APMC,2026-06-08,850.0,957.0,791.0,7,-11.2
Pune(Moshi) APMC,2026-06-09,1000.0,964.0,793.0,7,3.7
Pune(Moshi) APMC,2026-06-11,1000.0,971.0,835.0,7,2.9
Pune(Moshi) APMC,2026-06-12,950.0,964.0,745.0,7,-1.5
Pune(Moshi) APMC,2026-06-13,1000.0,964.0,744.0,7,3.7
Pune(Moshi) APMC,2026-06-14,950.0,964.0,751.0,7,-1.5
Pune(Moshi) APMC,2026-06-15,1050.0,971.0,743.0,7,8.1
Pune(Moshi) APMC,2026-06-16,1050.0,1000.0,748.0,7,5.0
Pune(Moshi) APMC,2026-06-18,1300.0,1043.0,793.0,7,24.7
Pune(Moshi) APMC,2026-06-19,1300.0,1086.0,740.0,7,19.7
Pune(Moshi) APMC,2026-06-20,1250.0,1129.0,720.0,7,10.8
Pune(Moshi) APMC,2026-06-21,1250.0,1164.0,699.0,7,7.4
Pune(Moshi) APMC,2026-06-22,1050.0,1179.0,723.0,7,-10.9
Pune(Moshi) APMC,2026-06-23,950.0,1164.0,678.0,7,-18.4
Pune(Moshi) APMC,2026-06-25,1400.0,1214.0,687.0,7,15.3
Pune(Moshi) APMC,2026-06-26,1300.0,1214.0,685.0,7,7.1
Pune(Moshi) APMC,2026-06-27,1500.0,1243.0,681.0,7,20.7
Pune(Moshi) APMC,2026-06-28,1400.0,1264.0,724.0,7,10.7
Pune(Moshi) APMC,2026-06-29,1150.0,1250.0,696.0,7,-8.0
Pune(Moshi) APMC,2026-06-30,1100.0,1257.0,683.0,7,-12.5
Pune(Pimpri) APMC,2024-06-01,1500.0,1500.0,12.0,1,0.0
Pune(Pimpri) APMC,2024-06-02,1800.0,1650.0,15.0,2,9.1
Pune(Pimpri) APMC,2024-06-03,2000.0,1767.0,13.0,3,13.2
Pune(Pimpri) APMC,2024-06-04,2000.0,1825.0,11.0,4,9.6
Pune(Pimpri) APMC,2024-06-05,2000.0,1860.0,11.0,5,7.5
Pune(Pimpri) APMC,2024-06-06,1600.0,1817.0,10.0,6,-11.9
Pune(Pimpri) APMC,2024-06-07,1800.0,1814.0,11.0,7,-0.8
Pune(Pimpri) APMC,2024-06-08,2000.0,1886.0,10.0,7,6.1
Pune(Pimpri) APMC,2024-06-09,2600.0,2000.0,8.0,7,30.0
Pune(Pimpri) APMC,2024-06-10,2500.0,2071.0,8.0,7,20.7
Pune(Pimpri) APMC,2024-06-11,2700.0,2171.0,8.0,7,24.3
Pune(Pimpri) APMC,2024-06-12,2600.0,2257.0,7.0,7,15.2
Pune(Pimpri) APMC,2024-06-13,2500.0,2386.0,8.0,7,4.8
Pune(Pimpri) APMC,2024-06-14,2550.0,2493.0,6.0,7,2.3
Pune(Pimpri) APMC,2024-06-15,2400.0,2550.0,6.0,7,-5.9
Pune(Pimpri) APMC,2024-06-16,2700.0,2564.0,6.0,7,5.3
Pune(Pimpri) APMC,2024-06-17,2900.0,2621.0,6.0,7,10.6
Pune(Pimpri) APMC,2024-06-18,2200.0,2550.0,6.0,7,-13.7
Pune(Pimpri) APMC,2024-06-19,2500.0,2536.0,8.0,7,-1.4
Pune(Pimpri) APMC,2024-06-20,2350.0,2514.0,9.0,7,-6.5
Pune(Pimpri) APMC,2024-06-21,2250.0,2471.0,9.0,7,-9.0
Pune(Pimpri) APMC,2024-06-22,2750.0,2521.0,9.0,7,9.1
Pune(Pimpri) APMC,2024-06-23,2350.0,2471.0,11.0,7,-4.9
Pune(Pimpri) APMC,2024-06-24,2800.0,2457.0,11.0,7,14.0
Pune(Pimpri) APMC,2024-06-25,2700.0,2529.0,11.0,7,6.8
Pune(Pimpri) APMC,2024-06-26,2100.0,2471.0,11.0,7,-15.0
Pune(Pimpri) APMC,2024-06-27,2800.0,2536.0,9.0,7,10.4
Pune(Pimpri) APMC,2024-06-28,2700.0,2600.0,10.0,7,3.8
Pune(Pimpri) APMC,2024-06-29,2200.0,2521.0,8.0,7,-12.7
Pune(Pimpri) APMC,2024-06-30,2700.0,2571.0,6.0,7,5.0
Pune(Pimpri) APMC,2024-07-02,2500.0,2529.0,6.0,7,-1.1
Pune(Pimpri) APMC,2024-07-03,2250.0,2464.0,7.0,7,-8.7
Pune(Pimpri) APMC,2024-07-04,2650.0,2543.0,7.0,7,4.2
Pune(Pimpri) APMC,2024-07-05,2300.0,2471.0,8.0,7,-6.9
Pune(Pimpri) APMC,2024-07-06,2750.0,2479.0,10.0,7,11.0
Pune(Pimpri) APMC,2024-07-07,3000.0,2593.0,13.0,7,15.7
Pune(Pimpri) APMC,2024-07-08,2900.0,2621.0,14.0,7,10.6
Pune(Pimpri) APMC,2024-07-09,2750.0,2657.0,15.0,7,3.5
Pune(Pimpri) APMC,2024-07-10,2500.0,2693.0,16.0,7,-7.2
Pune(Pimpri) APMC,2024-07-11,2900.0,2729.0,17.0,7,6.3
Pune(Pimpri) APMC,2024-07-12,2500.0,2757.0,16.0,7,-9.3
Pune(Pimpri) APMC,2024-07-13,2500.0,2721.0,14.0,7,-8.1
Pune(Pimpri) APMC,2024-07-14,2750.0,2686.0,15.0,7,2.4
Pune(Pimpri) APMC,2024-07-15,2950.0,2693.0,14.0,7,9.5
Pune(Pimpri) APMC,2024-07-16,2900.0,2714.0,13.0,7,6.8
Pune(Pimpri) APMC,2024-07-17,2700.0,2743.0,13.0,7,-1.6
Pune(Pimpri) APMC,2024-07-18,2350.0,2664.0,13.0,7,-11.8
Pune(Pimpri) APMC,2024-07-19,2750.0,2700.0,15.0,7,1.9
Pune(Pimpri) APMC,2024-07-20,2650.0,2721.0,17.0,7,-2.6
Pune(Pimpri) APMC,2024-07-21,2150.0,2636.0,15.0,7,-18.4
Pune(Pimpri) APMC,2024-07-22,2950.0,2636.0,13.0,7,11.9
Pune(Pimpri) APMC,2024-07-23,3000.0,2650.0,14.0,7,13.2
Pune(Pimpri) APMC,2024-07-24,2700.0,2650.0,13.0,7,1.9
Pune(Pimpri) APMC,2024-07-25,2500.0,2671.0,10.0,7,-6.4
Pune(Pimpri) APMC,2024-07-28,2500.0,2636.0,12.0,7,-5.1
Pune(Pimpri) APMC,2024-07-30,2650.0,2636.0,10.0,7,0.5
Pune(Pimpri) APMC,2024-07-31,2750.0,2721.0,9.0,7,1.0
Pune(Pimpri) APMC,2024-09-01,3500.0,2800.0,13.0,7,25.0
Pune(Pimpri) APMC,2024-09-02,3750.0,2907.0,16.0,7,29.0
Pune(Pimpri) APMC,2024-09-03,4000.0,3093.0,16.0,7,29.3
Pune(Pimpri) APMC,2024-09-04,3850.0,3286.0,18.0,7,17.2
Pune(Pimpri) APMC,2024-09-05,3850.0,3479.0,18.0,7,10.7
Pune(Pimpri) APMC,2024-09-06,3500.0,3600.0,18.0,7,-2.8
Pune(Pimpri) APMC,2024-09-07,4250.0,3814.0,18.0,7,11.4
Pune(Pimpri) APMC,2024-09-08,4100.0,3900.0,17.0,7,5.1
Pune(Pimpri) APMC,2024-09-09,3450.0,3857.0,15.0,7,-10.6
Pune(Pimpri) APMC,2024-09-10,4250.0,3893.0,15.0,7,9.2
Pune(Pimpri) APMC,2024-09-11,3700.0,3871.0,16.0,7,-4.4
Pune(Pimpri) APMC,2024-09-12,3850.0,3871.0,14.0,7,-0.6
Pune(Pimpri) APMC,2024-09-13,3900.0,3929.0,15.0,7,-0.7
Pune(Pimpri) APMC,2024-09-14,3100.0,3764.0,16.0,7,-17.6
Pune(Pimpri) APMC,2024-09-15,3750.0,3714.0,18.0,7,1.0
Pune(Pimpri) APMC,2024-09-16,3950.0,3786.0,20.0,7,4.3
Pune(Pimpri) APMC,2024-09-17,4600.0,3836.0,20.0,7,19.9
Pune(Pimpri) APMC,2024-09-18,4100.0,3893.0,19.0,7,5.3
Pune(Pimpri) APMC,2024-09-19,5000.0,4057.0,19.0,7,23.2
Pune(Pimpri) APMC,2024-09-20,4500.0,4143.0,20.0,7,8.6
Pune(Pimpri) APMC,2024-09-21,4500.0,4343.0,20.0,7,3.6
Pune(Pimpri) APMC,2024-09-22,4000.0,4379.0,19.0,7,-8.6
Pune(Pimpri) APMC,2024-09-23,4500.0,4457.0,17.0,7,1.0
Pune(Pimpri) APMC,2024-09-24,3050.0,4236.0,17.0,7,-28.0
Pune(Pimpri) APMC,2024-09-25,4500.0,4293.0,16.0,7,4.8
Pune(Pimpri) APMC,2024-09-26,3600.0,4093.0,17.0,7,-12.0
Pune(Pimpri) APMC,2024-09-27,3400.0,3936.0,15.0,7,-13.6
Pune(Pimpri) APMC,2024-09-28,4500.0,3936.0,15.0,7,14.3
Pune(Pimpri) APMC,2024-09-29,4000.0,3936.0,16.0,7,1.6
Pune(Pimpri) APMC,2024-09-30,4500.0,3936.0,17.0,7,14.3
Pune(Pimpri) APMC,2024-10-01,3100.0,3943.0,17.0,7,-21.4
Pune(Pimpri) APMC,2024-10-02,3150.0,3750.0,16.0,7,-16.0
Pune(Pimpri) APMC,2024-10-03,3400.0,3721.0,14.0,7,-8.6
Pune(Pimpri) APMC,2024-10-04,4000.0,3807.0,13.0,7,5.1
Pune(Pimpri) APMC,2024-10-05,3750.0,3700.0,12.0,7,1.4
Pune(Pimpri) APMC,2024-10-06,4600.0,3786.0,7.0,7,21.5
Pune(Pimpri) APMC,2024-10-07,3650.0,3664.0,5.0,7,-0.4
Pune(Pimpri) APMC,2024-10-09,3650.0,3743.0,6.0,7,-2.5
Pune(Pimpri) APMC,2024-10-10,4000.0,3864.0,6.0,7,3.5
Pune(Pimpri) APMC,2024-10-11,4000.0,3950.0,5.0,7,1.3
Pune(Pimpri) APMC,2024-10-13,4000.0,3950.0,7.0,7,1.3
Pune(Pimpri) APMC,2024-10-14,4000.0,3986.0,9.0,7,0.4
Pune(Pimpri) APMC,2024-10-15,3700.0,3857.0,10.0,7,-4.1
Pune(Pimpri) APMC,2024-10-16,4000.0,3907.0,12.0,7,2.4
Pune(Pimpri) APMC,2024-10-17,3700.0,3914.0,12.0,7,-5.5
Pune(Pimpri) APMC,2024-10-18,3750.0,3879.0,13.0,7,-3.3
Pune(Pimpri) APMC,2024-10-19,3250.0,3771.0,14.0,7,-13.8
Pune(Pimpri) APMC,2024-10-20,3750.0,3736.0,18.0,7,0.4
Pune(Pimpri) APMC,2024-10-21,4450.0,3800.0,17.0,7,17.1
Pune(Pimpri) APMC,2024-10-22,4400.0,3900.0,16.0,7,12.8
Pune(Pimpri) APMC,2024-10-23,4000.0,3900.0,17.0,7,2.6
Pune(Pimpri) APMC,2024-10-24,4200.0,3971.0,16.0,7,5.8
Pune(Pimpri) APMC,2024-10-25,4900.0,4136.0,15.0,7,18.5
Pune(Pimpri) APMC,2024-10-26,4500.0,4314.0,15.0,7,4.3
Pune(Pimpri) APMC,2024-10-27,4400.0,4407.0,11.0,7,-0.2
Pune(Pimpri) APMC,2024-10-28,2900.0,4186.0,11.0,7,-30.7
Pune(Pimpri) APMC,2024-10-29,4600.0,4214.0,11.0,7,9.2
Pune(Pimpri) APMC,2024-10-30,3750.0,4179.0,10.0,7,-10.3
Pune(Pimpri) APMC,2024-10-31,4750.0,4257.0,9.0,7,11.6
Pune(Pimpri) APMC,2024-11-02,4300.0,4171.0,10.0,7,3.1
Pune(Pimpri) APMC,2024-11-03,3800.0,4071.0,10.0,7,-6.7
Pune(Pimpri) APMC,2024-11-04,4850.0,4136.0,9.0,7,17.3
Pune(Pimpri) APMC,2024-11-06,4700.0,4393.0,9.0,7,7.0
Pune(Pimpri) APMC,2024-11-07,6400.0,4650.0,9.0,7,37.6
Pune(Pimpri) APMC,2024-11-08,5250.0,4864.0,8.0,7,7.9
Pune(Pimpri) APMC,2024-11-09,6050.0,5050.0,8.0,7,19.8
Pune(Pimpri) APMC,2024-11-10,5300.0,5193.0,8.0,7,2.1
Pune(Pimpri) APMC,2024-11-11,5600.0,5450.0,7.0,7,2.8
Pune(Pimpri) APMC,2024-11-12,6000.0,5614.0,8.0,7,6.9
Pune(Pimpri) APMC,2024-11-13,5400.0,5714.0,7.0,7,-5.5
Pune(Pimpri) APMC,2024-11-14,4750.0,5479.0,8.0,7,-13.3
Pune(Pimpri) APMC,2024-11-15,4850.0,5421.0,7.0,7,-10.5
Pune(Pimpri) APMC,2024-11-16,4500.0,5200.0,7.0,7,-13.5
Pune(Pimpri) APMC,2024-11-17,4400.0,5071.0,8.0,7,-13.2
Pune(Pimpri) APMC,2024-11-18,6000.0,5129.0,7.0,7,17.0
Pune(Pimpri) APMC,2024-11-19,4750.0,4950.0,7.0,7,-4.0
Pune(Pimpri) APMC,2024-11-21,3500.0,4679.0,7.0,7,-25.2
Pune(Pimpri) APMC,2024-11-22,3850.0,4550.0,7.0,7,-15.4
Pune(Pimpri) APMC,2024-11-23,4000.0,4429.0,8.0,7,-9.7
Pune(Pimpri) APMC,2024-11-24,4250.0,4393.0,8.0,7,-3.3
Pune(Pimpri) APMC,2024-11-25,3300.0,4236.0,7.0,7,-22.1
Pune(Pimpri) APMC,2024-11-26,3500.0,3879.0,8.0,7,-9.8
Pune(Pimpri) APMC,2024-11-27,5500.0,3986.0,8.0,7,38.0
Pune(Pimpri) APMC,2024-11-28,4150.0,4079.0,8.0,7,1.8
Pune(Pimpri) APMC,2024-12-02,3150.0,3979.0,7.0,7,-20.8
Pune(Pimpri) APMC,2024-12-03,3500.0,3907.0,7.0,7,-10.4
Pune(Pimpri) APMC,2024-12-04,3750.0,3836.0,6.0,7,-2.2
Pune(Pimpri) APMC,2024-12-05,4600.0,4021.0,5.0,7,14.4
Pune(Pimpri) APMC,2024-12-06,4400.0,4150.0,5.0,7,6.0
Pune(Pimpri) APMC,2024-12-07,3600.0,3879.0,5.0,7,-7.2
Pune(Pimpri) APMC,2024-12-08,3000.0,3714.0,6.0,7,-19.2
Pune(Pimpri) APMC,2024-12-09,3250.0,3729.0,6.0,7,-12.8
Pune(Pimpri) APMC,2024-12-10,4850.0,3921.0,6.0,7,23.7
Pune(Pimpri) APMC,2024-12-11,4150.0,3979.0,6.0,7,4.3
Pune(Pimpri) APMC,2024-12-12,3640.0,3841.0,7.0,7,-5.2
Pune(Pimpri) APMC,2024-12-13,3650.0,3734.0,7.0,7,-2.3
Pune(Pimpri) APMC,2024-12-14,3250.0,3684.0,9.0,7,-11.8
Pune(Pimpri) APMC,2024-12-15,2800.0,3656.0,12.0,7,-23.4
Pune(Pimpri) APMC,2024-12-16,2750.0,3584.0,13.0,7,-23.3
Pune(Pimpri) APMC,2024-12-17,3000.0,3320.0,15.0,7,-9.6
Pune(Pimpri) APMC,2024-12-18,2500.0,3084.0,16.0,7,-18.9
Pune(Pimpri) APMC,2024-12-19,2000.0,2850.0,18.0,7,-29.8
Pune(Pimpri) APMC,2024-12-20,2000.0,2614.0,18.0,7,-23.5
Pune(Pimpri) APMC,2024-12-21,2050.0,2443.0,19.0,7,-16.1
Pune(Pimpri) APMC,2024-12-22,1900.0,2314.0,16.0,7,-17.9
Pune(Pimpri) APMC,2024-12-23,1700.0,2164.0,15.0,7,-21.5
Pune(Pimpri) APMC,2024-12-24,2750.0,2129.0,13.0,7,29.2
Pune(Pimpri) APMC,2024-12-25,2000.0,2057.0,12.0,7,-2.8
Pune(Pimpri) APMC,2024-12-26,2500.0,2129.0,10.0,7,17.4
Pune(Pimpri) APMC,2024-12-27,2600.0,2214.0,10.0,7,17.4
Pune(Pimpri) APMC,2024-12-28,2000.0,2207.0,8.0,7,-9.4
Pune(Pimpri) APMC,2024-12-29,2500.0,2293.0,8.0,7,9.0
Pune(Pimpri) APMC,2024-12-30,2750.0,2443.0,8.0,7,12.6
Pune(Pimpri) APMC,2024-12-31,2500.0,2407.0,9.0,7,3.9
Pune(Pimpri) APMC,2025-01-01,2300.0,2450.0,9.0,7,-6.1
Pune(Pimpri) APMC,2025-01-02,3100.0,2536.0,9.0,7,22.3
Pune(Pimpri) APMC,2025-01-03,2250.0,2486.0,9.0,7,-9.5
Pune(Pimpri) APMC,2025-01-04,2500.0,2557.0,9.0,7,-2.2
Pune(Pimpri) APMC,2025-01-05,2250.0,2521.0,9.0,7,-10.8
Pune(Pimpri) APMC,2025-01-06,2300.0,2457.0,9.0,7,-6.4
Pune(Pimpri) APMC,2025-01-07,3250.0,2564.0,8.0,7,26.7
Pune(Pimpri) APMC,2025-01-08,3000.0,2664.0,9.0,7,12.6
Pune(Pimpri) APMC,2025-01-09,2800.0,2621.0,12.0,7,6.8
Pune(Pimpri) APMC,2025-01-10,2250.0,2621.0,11.0,7,-14.2
Pune(Pimpri) APMC,2025-01-11,2250.0,2586.0,12.0,7,-13.0
Pune(Pimpri) APMC,2025-01-12,2000.0,2550.0,12.0,7,-21.6
Pune(Pimpri) APMC,2025-01-13,1750.0,2471.0,13.0,7,-29.2
Pune(Pimpri) APMC,2025-01-14,1400.0,2207.0,13.0,7,-36.6
Pune(Pimpri) APMC,2025-01-15,1750.0,2029.0,13.0,7,-13.7
Pune(Pimpri) APMC,2025-01-16,1300.0,1814.0,10.0,7,-28.3
Pune(Pimpri) APMC,2025-01-17,1600.0,1721.0,10.0,7,-7.1
Pune(Pimpri) APMC,2025-01-18,1200.0,1571.0,8.0,7,-23.6
Pune(Pimpri) APMC,2025-01-19,2000.0,1571.0,9.0,7,27.3
Pune(Pimpri) APMC,2025-01-20,1850.0,1586.0,8.0,7,16.7
Pune(Pimpri) APMC,2025-01-21,2000.0,1671.0,9.0,7,19.7
Pune(Pimpri) APMC,2025-01-22,1850.0,1686.0,10.0,7,9.7
Pune(Pimpri) APMC,2025-01-23,2100.0,1800.0,10.0,7,16.7
Pune(Pimpri) APMC,2025-01-24,2300.0,1900.0,10.0,7,21.1
Pune(Pimpri) APMC,2025-01-25,1600.0,1957.0,10.0,7,-18.2
Pune(Pimpri) APMC,2025-01-26,1750.0,1921.0,8.0,7,-8.9
Pune(Pimpri) APMC,2025-01-27,1800.0,1914.0,9.0,7,-6.0
Pune(Pimpri) APMC,2025-01-28,2650.0,2007.0,8.0,7,32.0
Pune(Pimpri) APMC,2025-01-29,1850.0,2007.0,7.0,7,-7.8
Pune(Pimpri) APMC,2025-01-30,2700.0,2093.0,7.0,7,29.0
Pune(Pimpri) APMC,2025-02-01,2250.0,2086.0,7.0,7,7.9
Pune(Pimpri) APMC,2025-02-02,2600.0,2229.0,8.0,7,16.7
Pune(Pimpri) APMC,2025-02-03,2900.0,2393.0,8.0,7,21.2
Pune(Pimpri) APMC,2025-02-05,2000.0,2421.0,8.0,7,-17.4
Pune(Pimpri) APMC,2025-02-06,2100.0,2343.0,9.0,7,-10.4
Pune(Pimpri) APMC,2025-02-07,2800.0,2479.0,8.0,7,13.0
Pune(Pimpri) APMC,2025-02-08,2800.0,2493.0,7.0,7,12.3
Pune(Pimpri) APMC,2025-02-09,1800.0,2429.0,6.0,7,-25.9
Pune(Pimpri) APMC,2025-02-13,2800.0,2457.0,6.0,7,14.0
Pune(Pimpri) APMC,2025-02-14,2000.0,2329.0,5.0,7,-14.1
Pune(Pimpri) APMC,2025-02-15,3000.0,2471.0,4.0,7,21.4
Pune(Pimpri) APMC,2025-02-19,2500.0,2529.0,3.0,7,-1.1
Pune(Pimpri) APMC,2025-02-21,2600.0,2500.0,3.0,7,4.0
Pune(Pimpri) APMC,2025-02-22,2700.0,2486.0,3.0,7,8.6
Pune(Pimpri) APMC,2025-02-23,1900.0,2500.0,4.0,7,-24.0
Pune(Pimpri) APMC,2025-02-24,2100.0,2400.0,6.0,7,-12.5
Pune(Pimpri) APMC,2025-02-25,2000.0,2400.0,6.0,7,-16.7
Pune(Pimpri) APMC,2025-02-26,2100.0,2271.0,7.0,7,-7.5
Pune(Pimpri) APMC,2025-02-27,1450.0,2121.0,10.0,7,-31.6
Pune(Pimpri) APMC,2025-02-28,2100.0,2050.0,11.0,7,2.4
Pune(Pimpri) APMC,2025-03-01,2300.0,1993.0,13.0,7,15.4
Pune(Pimpri) APMC,2025-03-02,2400.0,2064.0,13.0,7,16.3
Pune(Pimpri) APMC,2025-03-03,2300.0,2093.0,12.0,7,9.9
Pune(Pimpri) APMC,2025-03-04,2000.0,2093.0,12.0,7,-4.4
Pune(Pimpri) APMC,2025-03-05,1900.0,2064.0,12.0,7,-8.0
Pune(Pimpri) APMC,2025-03-06,1400.0,2057.0,9.0,7,-31.9
Pune(Pimpri) APMC,2025-03-07,2650.0,2136.0,8.0,7,24.1
Pune(Pimpri) APMC,2025-03-08,2000.0,2093.0,6.0,7,-4.4
Pune(Pimpri) APMC,2025-03-09,2650.0,2129.0,5.0,7,24.5
Pune(Pimpri) APMC,2025-03-10,2000.0,2086.0,6.0,7,-4.1
Pune(Pimpri) APMC,2025-03-11,2150.0,2107.0,6.0,7,2.0
Pune(Pimpri) APMC,2025-03-12,1600.0,2064.0,6.0,7,-22.5
Pune(Pimpri) APMC,2025-03-13,1450.0,2071.0,6.0,7,-30.0
Pune(Pimpri) APMC,2025-03-14,1900.0,1964.0,7.0,7,-3.3
Pune(Pimpri) APMC,2025-03-15,1850.0,1943.0,8.0,7,-4.8
Pune(Pimpri) APMC,2025-03-16,1700.0,1807.0,13.0,7,-5.9
Pune(Pimpri) APMC,2025-03-17,1350.0,1714.0,13.0,7,-21.2
Pune(Pimpri) APMC,2025-03-18,1600.0,1636.0,14.0,7,-2.2
Pune(Pimpri) APMC,2025-03-19,1200.0,1579.0,15.0,7,-24.0
Pune(Pimpri) APMC,2025-03-20,1700.0,1614.0,16.0,7,5.3
Pune(Pimpri) APMC,2025-03-21,1650.0,1579.0,17.0,7,4.5
Pune(Pimpri) APMC,2025-03-22,1300.0,1500.0,17.0,7,-13.3
Pune(Pimpri) APMC,2025-03-23,1700.0,1500.0,15.0,7,13.3
Pune(Pimpri) APMC,2025-03-24,1550.0,1529.0,14.0,7,1.4
Pune(Pimpri) APMC,2025-03-25,1500.0,1514.0,14.0,7,-0.9
Pune(Pimpri) APMC,2025-03-26,1600.0,1571.0,13.0,7,1.8
Pune(Pimpri) APMC,2025-03-27,1650.0,1564.0,13.0,7,5.5
Pune(Pimpri) APMC,2025-03-28,1500.0,1543.0,13.0,7,-2.8
Pune(Pimpri) APMC,2025-03-29,1450.0,1564.0,11.0,7,-7.3
Pune(Pimpri) APMC,2025-03-30,1750.0,1571.0,11.0,7,11.4
Pune(Pimpri) APMC,2025-03-31,1450.0,1557.0,12.0,7,-6.9
Pune(Pimpri) APMC,2025-04-01,1800.0,1600.0,14.0,7,12.5
Pune(Pimpri) APMC,2025-04-02,1650.0,1607.0,14.0,7,2.7
Pune(Pimpri) APMC,2025-04-03,1650.0,1607.0,14.0,7,2.7
Pune(Pimpri) APMC,2025-04-04,1650.0,1629.0,13.0,7,1.3
Pune(Pimpri) APMC,2025-04-05,1600.0,1650.0,18.0,7,-3.0
Pune(Pimpri) APMC,2025-04-06,1300.0,1586.0,22.0,7,-18.0
Pune(Pimpri) APMC,2025-04-07,1600.0,1607.0,21.0,7,-0.4
Pune(Pimpri) APMC,2025-04-08,1250.0,1529.0,19.0,7,-18.2
Pune(Pimpri) APMC,2025-04-09,1450.0,1500.0,20.0,7,-3.3
Pune(Pimpri) APMC,2025-04-10,1500.0,1479.0,19.0,7,1.4
Pune(Pimpri) APMC,2025-04-11,1250.0,1421.0,20.0,7,-12.1
Pune(Pimpri) APMC,2025-04-12,1350.0,1386.0,18.0,7,-2.6
Pune(Pimpri) APMC,2025-04-13,1200.0,1371.0,18.0,7,-12.5
Pune(Pimpri) APMC,2025-04-14,1450.0,1350.0,19.0,7,7.4
Pune(Pimpri) APMC,2025-04-15,1000.0,1314.0,19.0,7,-23.9
Pune(Pimpri) APMC,2025-04-16,1250.0,1286.0,18.0,7,-2.8
Pune(Pimpri) APMC,2025-04-17,900.0,1200.0,21.0,7,-25.0
Pune(Pimpri) APMC,2025-04-18,1250.0,1200.0,20.0,7,4.2
Pune(Pimpri) APMC,2025-04-19,1150.0,1171.0,20.0,7,-1.8
Pune(Pimpri) APMC,2025-04-20,1300.0,1186.0,17.0,7,9.6
Pune(Pimpri) APMC,2025-04-21,1400.0,1179.0,16.0,7,18.8
Pune(Pimpri) APMC,2025-04-22,1400.0,1236.0,15.0,7,13.3
Pune(Pimpri) APMC,2025-04-23,1050.0,1207.0,15.0,7,-13.0
Pune(Pimpri) APMC,2025-04-24,1200.0,1250.0,12.0,7,-4.0
Pune(Pimpri) APMC,2025-04-25,1100.0,1229.0,12.0,7,-10.5
Pune(Pimpri) APMC,2025-04-26,1150.0,1229.0,11.0,7,-6.4
Pune(Pimpri) APMC,2025-04-27,1000.0,1186.0,13.0,7,-15.7
Pune(Pimpri) APMC,2025-04-28,1150.0,1150.0,14.0,7,0.0
Pune(Pimpri) APMC,2025-04-29,1000.0,1093.0,14.0,7,-8.5
Pune(Pimpri) APMC,2025-04-30,850.0,1064.0,14.0,7,-20.1
Pune(Pimpri) APMC,2025-05-01,1300.0,1079.0,16.0,7,20.5
Pune(Pimpri) APMC,2025-05-02,1000.0,1064.0,22.0,7,-6.0
Pune(Pimpri) APMC,2025-05-03,1000.0,1043.0,24.0,7,-4.1
Pune(Pimpri) APMC,2025-05-04,1300.0,1086.0,21.0,7,19.7
Pune(Pimpri) APMC,2025-05-05,1200.0,1093.0,19.0,7,9.8
Pune(Pimpri) APMC,2025-05-06,1400.0,1150.0,22.0,7,21.7
Pune(Pimpri) APMC,2025-05-07,1150.0,1193.0,22.0,7,-3.6
Pune(Pimpri) APMC,2025-05-08,950.0,1143.0,22.0,7,-16.9
Pune(Pimpri) APMC,2025-05-09,1250.0,1179.0,14.0,7,6.1
Pune(Pimpri) APMC,2025-05-10,1250.0,1214.0,12.0,7,2.9
Pune(Pimpri) APMC,2025-05-11,1250.0,1207.0,11.0,7,3.6
Pune(Pimpri) APMC,2025-05-12,1200.0,1207.0,11.0,7,-0.6
Pune(Pimpri) APMC,2025-05-13,1050.0,1157.0,11.0,7,-9.3
Pune(Pimpri) APMC,2025-05-15,1200.0,1164.0,9.0,7,3.1
Pune(Pimpri) APMC,2025-05-16,1100.0,1186.0,11.0,7,-7.2
Pune(Pimpri) APMC,2025-05-17,1300.0,1193.0,11.0,7,9.0
Pune(Pimpri) APMC,2025-05-18,1300.0,1200.0,10.0,7,8.3
Pune(Pimpri) APMC,2025-05-19,1150.0,1186.0,10.0,7,-3.0
Pune(Pimpri) APMC,2025-05-20,950.0,1150.0,11.0,7,-17.4
Pune(Pimpri) APMC,2025-05-21,500.0,1071.0,9.0,7,-53.3
Pune(Pimpri) APMC,2025-05-22,900.0,1029.0,10.0,7,-12.5
Pune(Pimpri) APMC,2025-05-23,1500.0,1086.0,8.0,7,38.2
Pune(Pimpri) APMC,2025-05-24,1200.0,1071.0,8.0,7,12.0
Pune(Pimpri) APMC,2025-05-25,1050.0,1036.0,9.0,7,1.4
Pune(Pimpri) APMC,2025-05-27,1200.0,1043.0,10.0,7,15.1
Pune(Pimpri) APMC,2025-05-28,1000.0,1050.0,9.0,7,-4.8
Pune(Pimpri) APMC,2025-05-29,1700.0,1221.0,9.0,7,39.2
Pune(Pimpri) APMC,2025-05-30,1450.0,1300.0,11.0,7,11.5
Pune(Pimpri) APMC,2025-05-31,1450.0,1293.0,11.0,7,12.2
Pune(Pimpri) APMC,2025-06-01,1300.0,1307.0,13.0,7,-0.5
Pune(Pimpri) APMC,2025-06-02,1400.0,1357.0,12.0,7,3.2
Pune(Pimpri) APMC,2025-06-03,900.0,1314.0,11.0,7,-31.5
Pune(Pimpri) APMC,2025-06-04,1400.0,1371.0,12.0,7,2.1
Pune(Pimpri) APMC,2025-06-05,1400.0,1329.0,12.0,7,5.4
Pune(Pimpri) APMC,2025-06-06,1000.0,1264.0,9.0,7,-20.9
Pune(Pimpri) APMC,2025-06-08,1350.0,1250.0,8.0,7,8.0
Pune(Pimpri) APMC,2025-06-09,1300.0,1250.0,6.0,7,4.0
Pune(Pimpri) APMC,2025-06-10,1200.0,1221.0,6.0,7,-1.8
Pune(Pimpri) APMC,2025-06-11,1200.0,1264.0,7.0,7,-5.1
Pune(Pimpri) APMC,2025-06-12,1500.0,1279.0,5.0,7,17.3
Pune(Pimpri) APMC,2025-06-14,1600.0,1307.0,6.0,7,22.4
Pune(Pimpri) APMC,2025-06-15,1500.0,1379.0,8.0,7,8.8
Pune(Pimpri) APMC,2025-06-16,1400.0,1386.0,9.0,7,1.0
Pune(Pimpri) APMC,2025-06-17,900.0,1329.0,9.0,7,-32.3
Pune(Pimpri) APMC,2025-06-18,1500.0,1371.0,10.0,7,9.4
Pune(Pimpri) APMC,2025-06-19,1700.0,1443.0,9.0,7,17.8
Pune(Pimpri) APMC,2025-06-20,700.0,1329.0,10.0,7,-47.3
Pune(Pimpri) APMC,2025-06-21,1500.0,1314.0,10.0,7,14.1
Pune(Pimpri) APMC,2025-06-22,950.0,1236.0,10.0,7,-23.1
Pune(Pimpri) APMC,2025-06-23,1600.0,1264.0,9.0,7,26.6
Pune(Pimpri) APMC,2025-06-25,1350.0,1329.0,10.0,7,1.6
Pune(Pimpri) APMC,2025-06-26,1750.0,1364.0,8.0,7,28.3
Pune(Pimpri) APMC,2025-06-27,1250.0,1300.0,9.0,7,-3.8
Pune(Pimpri) APMC,2025-06-28,1700.0,1443.0,9.0,7,17.8
Pune(Pimpri) APMC,2025-06-29,1500.0,1443.0,10.0,7,4.0
Pune(Pimpri) APMC,2025-06-30,1450.0,1514.0,9.0,7,-4.2
Pune(Pimpri) APMC,2025-07-03,1400.0,1486.0,9.0,7,-5.8
Pune(Pimpri) APMC,2025-07-04,1400.0,1493.0,9.0,7,-6.2
Pune(Pimpri) APMC,2025-07-05,1500.0,1457.0,10.0,7,2.9
Pune(Pimpri) APMC,2025-07-06,1500.0,1493.0,10.0,7,0.5
Pune(Pimpri) APMC,2025-07-07,2000.0,1536.0,9.0,7,30.2
Pune(Pimpri) APMC,2025-07-08,1900.0,1593.0,7.0,7,19.3
Pune(Pimpri) APMC,2025-07-09,1650.0,1621.0,7.0,7,1.8
Pune(Pimpri) APMC,2025-07-10,1500.0,1636.0,7.0,7,-8.3
Pune(Pimpri) APMC,2025-07-11,1600.0,1664.0,5.0,7,-3.9
Pune(Pimpri) APMC,2025-07-12,1500.0,1664.0,3.0,7,-9.9
Pune(Pimpri) APMC,2025-07-13,1200.0,1621.0,5.0,7,-26.0
Pune(Pimpri) APMC,2025-07-14,1550.0,1557.0,5.0,7,-0.5
Pune(Pimpri) APMC,2025-07-15,1800.0,1543.0,5.0,7,16.7
Pune(Pimpri) APMC,2025-07-16,1750.0,1557.0,6.0,7,12.4
Pune(Pimpri) APMC,2025-07-17,1550.0,1564.0,7.0,7,-0.9
Pune(Pimpri) APMC,2025-07-18,1700.0,1579.0,15.0,7,7.7
Pune(Pimpri) APMC,2025-07-20,1350.0,1557.0,19.0,7,-13.3
Pune(Pimpri) APMC,2025-07-22,1350.0,1579.0,18.0,7,-14.5
Pune(Pimpri) APMC,2025-07-23,1500.0,1571.0,19.0,7,-4.5
Pune(Pimpri) APMC,2025-07-24,1500.0,1529.0,20.0,7,-1.9
Pune(Pimpri) APMC,2025-07-25,1400.0,1479.0,19.0,7,-5.3
Pune(Pimpri) APMC,2025-07-27,1250.0,1436.0,19.0,7,-12.9
Pune(Pimpri) APMC,2025-07-28,1700.0,1436.0,12.0,7,18.4
Pune(Pimpri) APMC,2025-07-29,1450.0,1450.0,8.0,7,0.0
Pune(Pimpri) APMC,2025-07-30,1500.0,1471.0,8.0,7,1.9
Pune(Pimpri) APMC,2025-07-31,1500.0,1471.0,7.0,7,1.9
Pune(Pimpri) APMC,2025-08-02,1150.0,1421.0,9.0,7,-19.1
Pune(Pimpri) APMC,2025-08-03,1300.0,1407.0,13.0,7,-7.6
Pune(Pimpri) APMC,2025-08-04,1500.0,1443.0,13.0,7,4.0
Pune(Pimpri) APMC,2025-08-05,1200.0,1371.0,14.0,7,-12.5
Pune(Pimpri) APMC,2025-08-06,1350.0,1357.0,16.0,7,-0.5
Pune(Pimpri) APMC,2025-08-07,1150.0,1307.0,18.0,7,-12.0
Pune(Pimpri) APMC,2025-08-08,1300.0,1279.0,18.0,7,1.7
Pune(Pimpri) APMC,2025-08-10,1500.0,1329.0,18.0,7,12.9
Pune(Pimpri) APMC,2025-08-11,1500.0,1357.0,15.0,7,10.5
Pune(Pimpri) APMC,2025-08-13,1500.0,1357.0,17.0,7,10.5
Pune(Pimpri) APMC,2025-08-14,1500.0,1400.0,17.0,7,7.1
Pune(Pimpri) APMC,2025-08-15,1500.0,1421.0,16.0,7,5.5
Pune(Pimpri) APMC,2025-08-16,1500.0,1471.0,15.0,7,1.9
Pune(Pimpri) APMC,2025-08-17,1500.0,1500.0,17.0,7,0.0
Pune(Pimpri) APMC,2025-08-18,1450.0,1493.0,17.0,7,-2.9
Pune(Pimpri) APMC,2025-08-19,1650.0,1514.0,15.0,7,9.0
Pune(Pimpri) APMC,2025-08-20,1600.0,1529.0,14.0,7,4.7
Pune(Pimpri) APMC,2025-08-21,1500.0,1529.0,15.0,7,-1.9
Pune(Pimpri) APMC,2025-08-22,1450.0,1521.0,16.0,7,-4.7
Pune(Pimpri) APMC,2025-08-23,1500.0,1521.0,17.0,7,-1.4
Pune(Pimpri) APMC,2025-08-24,1250.0,1486.0,17.0,7,-15.9
Pune(Pimpri) APMC,2025-08-25,1250.0,1457.0,18.0,7,-14.2
Pune(Pimpri) APMC,2025-08-26,1500.0,1436.0,19.0,7,4.5
Pune(Pimpri) APMC,2025-08-27,1400.0,1407.0,19.0,7,-0.5
Pune(Pimpri) APMC,2025-08-28,1400.0,1393.0,17.0,7,0.5
Pune(Pimpri) APMC,2025-08-29,1500.0,1400.0,14.0,7,7.1
Pune(Pimpri) APMC,2025-08-30,1450.0,1393.0,13.0,7,4.1
Pune(Pimpri) APMC,2025-08-31,1050.0,1364.0,13.0,7,-23.0
Pune(Pimpri) APMC,2025-09-01,1200.0,1357.0,12.0,7,-11.6
Pune(Pimpri) APMC,2025-09-02,1350.0,1336.0,11.0,7,1.1
Pune(Pimpri) APMC,2025-09-03,1400.0,1336.0,11.0,7,4.8
Pune(Pimpri) APMC,2025-09-04,1100.0,1293.0,13.0,7,-14.9
Pune(Pimpri) APMC,2025-09-05,1300.0,1264.0,16.0,7,2.8
Pune(Pimpri) APMC,2025-09-06,1500.0,1271.0,16.0,7,18.0
Pune(Pimpri) APMC,2025-09-07,1200.0,1293.0,17.0,7,-7.2
Pune(Pimpri) APMC,2025-09-08,1300.0,1307.0,17.0,7,-0.5
Pune(Pimpri) APMC,2025-09-09,1600.0,1343.0,16.0,7,19.1
Pune(Pimpri) APMC,2025-09-10,1300.0,1329.0,16.0,7,-2.2
Pune(Pimpri) APMC,2025-09-11,1300.0,1357.0,17.0,7,-4.2
Pune(Pimpri) APMC,2025-09-12,1500.0,1386.0,14.0,7,8.2
Pune(Pimpri) APMC,2025-09-13,1150.0,1336.0,16.0,7,-13.9
Pune(Pimpri) APMC,2025-09-14,1250.0,1343.0,15.0,7,-6.9
Pune(Pimpri) APMC,2025-09-15,1400.0,1357.0,14.0,7,3.2
Pune(Pimpri) APMC,2025-09-16,1500.0,1343.0,14.0,7,11.7
Pune(Pimpri) APMC,2025-09-17,1500.0,1371.0,12.0,7,9.4
Pune(Pimpri) APMC,2025-09-18,1500.0,1400.0,10.0,7,7.1
Pune(Pimpri) APMC,2025-09-19,1500.0,1400.0,10.0,7,7.1
Pune(Pimpri) APMC,2025-09-20,1250.0,1414.0,8.0,7,-11.6
Pune(Pimpri) APMC,2025-09-21,1350.0,1429.0,7.0,7,-5.5
Pune(Pimpri) APMC,2025-09-22,1450.0,1436.0,8.0,7,1.0
Pune(Pimpri) APMC,2025-09-23,1350.0,1414.0,9.0,7,-4.5
Pune(Pimpri) APMC,2025-09-24,1000.0,1343.0,11.0,7,-25.5
Pune(Pimpri) APMC,2025-09-25,1600.0,1357.0,12.0,7,17.9
Pune(Pimpri) APMC,2025-09-26,1300.0,1329.0,13.0,7,-2.2
Pune(Pimpri) APMC,2025-09-27,1200.0,1321.0,13.0,7,-9.2
Pune(Pimpri) APMC,2025-09-28,1400.0,1329.0,12.0,7,5.4
Pune(Pimpri) APMC,2025-09-29,1400.0,1321.0,11.0,7,5.9
Pune(Pimpri) APMC,2025-09-30,1350.0,1321.0,11.0,7,2.2
Pune(Pimpri) APMC,2025-10-01,1500.0,1393.0,9.0,7,7.7
Pune(Pimpri) APMC,2025-10-02,1500.0,1379.0,7.0,7,8.8
Pune(Pimpri) APMC,2025-10-03,1450.0,1400.0,7.0,7,3.6
Pune(Pimpri) APMC,2025-10-04,1000.0,1371.0,8.0,7,-27.1
Pune(Pimpri) APMC,2025-10-05,1400.0,1371.0,9.0,7,2.1
Pune(Pimpri) APMC,2025-10-06,1100.0,1329.0,11.0,7,-17.2
Pune(Pimpri) APMC,2025-10-07,1200.0,1307.0,12.0,7,-8.2
Pune(Pimpri) APMC,2025-10-08,1100.0,1250.0,14.0,7,-12.0
Pune(Pimpri) APMC,2025-10-09,1200.0,1207.0,15.0,7,-0.6
Pune(Pimpri) APMC,2025-10-10,1150.0,1164.0,16.0,7,-1.2
Pune(Pimpri) APMC,2025-10-12,1150.0,1186.0,18.0,7,-3.0
Pune(Pimpri) APMC,2025-10-13,1350.0,1179.0,18.0,7,14.5
Pune(Pimpri) APMC,2025-10-14,1200.0,1193.0,18.0,7,0.6
Pune(Pimpri) APMC,2025-10-15,1250.0,1200.0,17.0,7,4.2
Pune(Pimpri) APMC,2025-10-16,1350.0,1236.0,16.0,7,9.2
Pune(Pimpri) APMC,2025-10-17,1350.0,1257.0,17.0,7,7.4
Pune(Pimpri) APMC,2025-10-18,1000.0,1236.0,18.0,7,-19.1
Pune(Pimpri) APMC,2025-10-19,1000.0,1214.0,15.0,7,-17.6
Pune(Pimpri) APMC,2025-10-20,1200.0,1193.0,14.0,7,0.6
Pune(Pimpri) APMC,2025-10-21,1200.0,1193.0,12.0,7,0.6
Pune(Pimpri) APMC,2025-10-22,1300.0,1200.0,14.0,7,8.3
Pune(Pimpri) APMC,2025-10-23,1300.0,1193.0,12.0,7,9.0
Pune(Pimpri) APMC,2025-10-24,1300.0,1186.0,12.0,7,9.6
Pune(Pimpri) APMC,2025-10-26,1200.0,1214.0,13.0,7,-1.2
Pune(Pimpri) APMC,2025-10-27,1300.0,1257.0,12.0,7,3.4
Pune(Pimpri) APMC,2025-10-28,1700.0,1329.0,12.0,7,28.0
Pune(Pimpri) APMC,2025-10-29,1700.0,1400.0,12.0,7,21.4
Pune(Pimpri) APMC,2025-10-30,1250.0,1393.0,11.0,7,-10.3
Pune(Pimpri) APMC,2025-10-31,1500.0,1421.0,12.0,7,5.5
Pune(Pimpri) APMC,2025-11-01,1050.0,1386.0,14.0,7,-24.2
Pune(Pimpri) APMC,2025-11-02,1100.0,1371.0,13.0,7,-19.8
Pune(Pimpri) APMC,2025-11-03,1300.0,1371.0,14.0,7,-5.2
Pune(Pimpri) APMC,2025-11-04,1300.0,1314.0,14.0,7,-1.1
Pune(Pimpri) APMC,2025-11-05,1150.0,1236.0,15.0,7,-6.9
Pune(Pimpri) APMC,2025-11-06,1250.0,1236.0,15.0,7,1.2
Pune(Pimpri) APMC,2025-11-07,1250.0,1200.0,17.0,7,4.2
Pune(Pimpri) APMC,2025-11-08,1050.0,1200.0,18.0,7,-12.5
Pune(Pimpri) APMC,2025-11-09,1300.0,1229.0,19.0,7,5.8
Pune(Pimpri) APMC,2025-11-10,1200.0,1214.0,18.0,7,-1.2
Pune(Pimpri) APMC,2025-11-11,1100.0,1186.0,20.0,7,-7.2
Pune(Pimpri) APMC,2025-11-12,1150.0,1186.0,23.0,7,-3.0
Pune(Pimpri) APMC,2025-11-13,1500.0,1221.0,23.0,7,22.8
Pune(Pimpri) APMC,2025-11-14,1450.0,1250.0,20.0,7,16.0
Pune(Pimpri) APMC,2025-11-15,1400.0,1300.0,18.0,7,7.7
Pune(Pimpri) APMC,2025-11-16,1200.0,1286.0,19.0,7,-6.7
Pune(Pimpri) APMC,2025-11-17,1350.0,1307.0,18.0,7,3.3
Pune(Pimpri) APMC,2025-11-18,1500.0,1364.0,16.0,7,9.9
Pune(Pimpri) APMC,2025-11-19,1400.0,1400.0,15.0,7,0.0
Pune(Pimpri) APMC,2025-11-20,1300.0,1371.0,14.0,7,-5.2
Pune(Pimpri) APMC,2025-11-21,1500.0,1379.0,14.0,7,8.8
Pune(Pimpri) APMC,2025-11-22,1500.0,1393.0,15.0,7,7.7
Pune(Pimpri) APMC,2025-11-23,1150.0,1386.0,16.0,7,-17.0
Pune(Pimpri) APMC,2025-11-24,1400.0,1393.0,17.0,7,0.5
Pune(Pimpri) APMC,2025-11-25,1450.0,1386.0,17.0,7,4.6
Pune(Pimpri) APMC,2025-11-26,1100.0,1343.0,19.0,7,-18.1
Pune(Pimpri) APMC,2025-11-27,1100.0,1314.0,21.0,7,-16.3
Pune(Pimpri) APMC,2025-11-28,1250.0,1279.0,24.0,7,-2.2
Pune(Pimpri) APMC,2025-11-29,1150.0,1229.0,28.0,7,-6.4
Pune(Pimpri) APMC,2025-11-30,1100.0,1221.0,24.0,7,-9.9
Pune(Pimpri) APMC,2025-12-01,1100.0,1179.0,25.0,7,-6.7
Pune(Pimpri) APMC,2025-12-02,1500.0,1186.0,25.0,7,26.5
Pune(Pimpri) APMC,2025-12-03,1500.0,1243.0,23.0,7,20.7
Pune(Pimpri) APMC,2025-12-04,1100.0,1243.0,22.0,7,-11.5
Pune(Pimpri) APMC,2025-12-05,1100.0,1221.0,21.0,7,-9.9
Pune(Pimpri) APMC,2025-12-06,1450.0,1264.0,16.0,7,14.7
Pune(Pimpri) APMC,2025-12-07,1400.0,1307.0,22.0,7,7.1
Pune(Pimpri) APMC,2025-12-08,1300.0,1336.0,22.0,7,-2.7
Pune(Pimpri) APMC,2025-12-09,1300.0,1307.0,22.0,7,-0.5
Pune(Pimpri) APMC,2025-12-10,1400.0,1293.0,21.0,7,8.3
Pune(Pimpri) APMC,2025-12-11,1200.0,1307.0,21.0,7,-8.2
Pune(Pimpri) APMC,2025-12-12,1400.0,1350.0,18.0,7,3.7
Pune(Pimpri) APMC,2025-12-13,1450.0,1350.0,19.0,7,7.4
Pune(Pimpri) APMC,2025-12-14,1800.0,1407.0,16.0,7,27.9
Pune(Pimpri) APMC,2025-12-15,2050.0,1514.0,15.0,7,35.4
Pune(Pimpri) APMC,2025-12-16,2350.0,1664.0,14.0,7,41.2
Pune(Pimpri) APMC,2025-12-18,2050.0,1757.0,14.0,7,16.7
Pune(Pimpri) APMC,2025-12-19,1850.0,1850.0,14.0,7,0.0
Pune(Pimpri) APMC,2025-12-20,1750.0,1900.0,15.0,7,-7.9
Pune(Pimpri) APMC,2025-12-21,1650.0,1929.0,18.0,7,-14.4
Pune(Pimpri) APMC,2025-12-22,1600.0,1900.0,15.0,7,-15.8
Pune(Pimpri) APMC,2025-12-23,1600.0,1836.0,17.0,7,-12.8
Pune(Pimpri) APMC,2025-12-24,1800.0,1757.0,17.0,7,2.4
Pune(Pimpri) APMC,2025-12-25,1400.0,1664.0,19.0,7,-15.9
Pune(Pimpri) APMC,2025-12-26,1700.0,1643.0,18.0,7,3.5
Pune(Pimpri) APMC,2025-12-27,1700.0,1636.0,18.0,7,3.9
Pune(Pimpri) APMC,2025-12-28,1200.0,1571.0,16.0,7,-23.6
Pune(Pimpri) APMC,2025-12-29,1500.0,1557.0,18.0,7,-3.7
Pune(Pimpri) APMC,2025-12-30,1550.0,1550.0,16.0,7,0.0
Pune(Pimpri) APMC,2025-12-31,1500.0,1507.0,17.0,7,-0.5
Pune(Pimpri) APMC,2026-01-01,1450.0,1514.0,17.0,7,-4.2
Pune(Pimpri) APMC,2026-01-02,1550.0,1493.0,17.0,7,3.8
Pune(Pimpri) APMC,2026-01-03,1650.0,1486.0,17.0,7,11.1
Pune(Pimpri) APMC,2026-01-04,1550.0,1536.0,16.0,7,0.9
Pune(Pimpri) APMC,2026-01-05,1250.0,1500.0,14.0,7,-16.7
Pune(Pimpri) APMC,2026-01-06,1600.0,1507.0,15.0,7,6.2
Pune(Pimpri) APMC,2026-01-07,1600.0,1521.0,12.0,7,5.2
Pune(Pimpri) APMC,2026-01-08,1600.0,1543.0,10.0,7,3.7
Pune(Pimpri) APMC,2026-01-09,1500.0,1536.0,10.0,7,-2.3
Pune(Pimpri) APMC,2026-01-10,1600.0,1529.0,10.0,7,4.7
Pune(Pimpri) APMC,2026-01-11,1300.0,1493.0,9.0,7,-12.9
Pune(Pimpri) APMC,2026-01-12,1250.0,1493.0,10.0,7,-16.3
Pune(Pimpri) APMC,2026-01-13,1600.0,1493.0,9.0,7,7.2
Pune(Pimpri) APMC,2026-01-14,1500.0,1479.0,10.0,7,1.4
Pune(Pimpri) APMC,2026-01-16,1600.0,1479.0,10.0,7,8.2
Pune(Pimpri) APMC,2026-01-17,1500.0,1479.0,12.0,7,1.4
Pune(Pimpri) APMC,2026-01-18,1200.0,1421.0,15.0,7,-15.6
Pune(Pimpri) APMC,2026-01-19,1500.0,1450.0,14.0,7,3.4
Pune(Pimpri) APMC,2026-01-20,1450.0,1479.0,14.0,7,-1.9
Pune(Pimpri) APMC,2026-01-21,1500.0,1464.0,16.0,7,2.4
Pune(Pimpri) APMC,2026-01-22,1200.0,1421.0,18.0,7,-15.6
Pune(Pimpri) APMC,2026-01-23,1350.0,1386.0,19.0,7,-2.6
Pune(Pimpri) APMC,2026-01-24,1200.0,1343.0,18.0,7,-10.6
Pune(Pimpri) APMC,2026-01-25,1250.0,1350.0,20.0,7,-7.4
Pune(Pimpri) APMC,2026-01-26,1300.0,1321.0,19.0,7,-1.6
Pune(Pimpri) APMC,2026-01-27,1200.0,1286.0,21.0,7,-6.7
Pune(Pimpri) APMC,2026-01-28,1250.0,1250.0,19.0,7,0.0
Pune(Pimpri) APMC,2026-01-30,1500.0,1293.0,17.0,7,16.0
Pune(Pimpri) APMC,2026-01-31,1550.0,1321.0,20.0,7,17.3
Pune(Pimpri) APMC,2026-02-01,1400.0,1350.0,19.0,7,3.7
Pune(Pimpri) APMC,2026-02-02,1250.0,1350.0,15.0,7,-7.4
Pune(Pimpri) APMC,2026-02-03,1250.0,1343.0,16.0,7,-6.9
Pune(Pimpri) APMC,2026-02-04,1500.0,1386.0,13.0,7,8.2
Pune(Pimpri) APMC,2026-02-05,1400.0,1407.0,13.0,7,-0.5
Pune(Pimpri) APMC,2026-02-06,1250.0,1371.0,13.0,7,-8.9
Pune(Pimpri) APMC,2026-02-07,1600.0,1379.0,9.0,7,16.1
Pune(Pimpri) APMC,2026-02-08,1500.0,1393.0,8.0,7,7.7
Pune(Pimpri) APMC,2026-02-09,1300.0,1400.0,9.0,7,-7.1
Pune(Pimpri) APMC,2026-02-10,1600.0,1450.0,8.0,7,10.3
Pune(Pimpri) APMC,2026-02-11,1400.0,1436.0,8.0,7,-2.5
Pune(Pimpri) APMC,2026-02-12,1500.0,1450.0,9.0,7,3.4
Pune(Pimpri) APMC,2026-02-13,1400.0,1471.0,8.0,7,-4.9
Pune(Pimpri) APMC,2026-02-14,1300.0,1429.0,8.0,7,-9.0
Pune(Pimpri) APMC,2026-02-15,1100.0,1371.0,10.0,7,-19.8
Pune(Pimpri) APMC,2026-02-16,1550.0,1407.0,9.0,7,10.2
Pune(Pimpri) APMC,2026-02-17,1600.0,1407.0,10.0,7,13.7
Pune(Pimpri) APMC,2026-02-18,1200.0,1379.0,11.0,7,-13.0
Pune(Pimpri) APMC,2026-02-19,1150.0,1329.0,12.0,7,-13.4
Pune(Pimpri) APMC,2026-02-20,1600.0,1357.0,13.0,7,17.9
Pune(Pimpri) APMC,2026-02-21,1450.0,1379.0,14.0,7,5.2
Pune(Pimpri) APMC,2026-02-22,1250.0,1400.0,15.0,7,-10.7
Pune(Pimpri) APMC,2026-02-23,1500.0,1393.0,15.0,7,7.7
Pune(Pimpri) APMC,2026-02-24,1400.0,1364.0,14.0,7,2.6
Pune(Pimpri) APMC,2026-02-25,1300.0,1379.0,13.0,7,-5.7
Pune(Pimpri) APMC,2026-02-26,1500.0,1429.0,13.0,7,5.0
Pune(Pimpri) APMC,2026-02-27,1600.0,1429.0,14.0,7,12.0
Pune(Pimpri) APMC,2026-02-28,1500.0,1436.0,13.0,7,4.5
Pune(Pimpri) APMC,2026-03-01,1050.0,1407.0,11.0,7,-25.4
Pune(Pimpri) APMC,2026-03-02,1600.0,1421.0,11.0,7,12.6
Pune(Pimpri) APMC,2026-03-03,1450.0,1429.0,11.0,7,1.5
Pune(Pimpri) APMC,2026-03-04,1400.0,1443.0,10.0,7,-3.0
Pune(Pimpri) APMC,2026-03-05,1200.0,1400.0,11.0,7,-14.3
Pune(Pimpri) APMC,2026-03-06,1350.0,1364.0,9.0,7,-1.0
Pune(Pimpri) APMC,2026-03-07,1400.0,1350.0,9.0,7,3.7
Pune(Pimpri) APMC,2026-03-08,1350.0,1393.0,9.0,7,-3.1
Pune(Pimpri) APMC,2026-03-09,1200.0,1336.0,9.0,7,-10.2
Pune(Pimpri) APMC,2026-03-10,1300.0,1314.0,9.0,7,-1.1
Pune(Pimpri) APMC,2026-03-11,1400.0,1314.0,9.0,7,6.5
Pune(Pimpri) APMC,2026-03-12,1500.0,1357.0,8.0,7,10.5
Pune(Pimpri) APMC,2026-03-13,1500.0,1379.0,8.0,7,8.8
Pune(Pimpri) APMC,2026-03-14,1600.0,1407.0,8.0,7,13.7
Pune(Pimpri) APMC,2026-03-15,1350.0,1407.0,9.0,7,-4.1
Pune(Pimpri) APMC,2026-03-16,1350.0,1429.0,9.0,7,-5.5
Pune(Pimpri) APMC,2026-03-17,1600.0,1471.0,8.0,7,8.7
Pune(Pimpri) APMC,2026-03-18,1450.0,1479.0,8.0,7,-1.9
Pune(Pimpri) APMC,2026-03-19,1500.0,1479.0,8.0,7,1.4
Pune(Pimpri) APMC,2026-03-20,1300.0,1450.0,9.0,7,-10.3
Pune(Pimpri) APMC,2026-03-21,1400.0,1421.0,9.0,7,-1.5
Pune(Pimpri) APMC,2026-03-23,1250.0,1407.0,7.0,7,-11.2
Pune(Pimpri) APMC,2026-03-24,1200.0,1386.0,7.0,7,-13.4
Pune(Pimpri) APMC,2026-03-25,1150.0,1321.0,9.0,7,-13.0
Pune(Pimpri) APMC,2026-03-26,1000.0,1257.0,8.0,7,-20.5
Pune(Pimpri) APMC,2026-03-27,1250.0,1221.0,8.0,7,2.3
Pune(Pimpri) APMC,2026-03-28,1150.0,1200.0,7.0,7,-4.2
Pune(Pimpri) APMC,2026-03-29,1270.0,1181.0,9.0,7,7.5
Pune(Pimpri) APMC,2026-03-30,1200.0,1174.0,12.0,7,2.2
Pune(Pimpri) APMC,2026-04-01,1300.0,1189.0,12.0,7,9.4
Pune(Pimpri) APMC,2026-04-02,1325.0,1214.0,12.0,7,9.2
Pune(Pimpri) APMC,2026-04-03,1100.0,1228.0,13.0,7,-10.4
Pune(Pimpri) APMC,2026-04-04,1250.0,1228.0,14.0,7,1.8
Pune(Pimpri) APMC,2026-04-05,1150.0,1228.0,14.0,7,-6.3
Pune(Pimpri) APMC,2026-04-06,1300.0,1232.0,12.0,7,5.5
Pune(Pimpri) APMC,2026-04-07,1030.0,1208.0,9.0,7,-14.7
Pune(Pimpri) APMC,2026-04-08,1250.0,1201.0,10.0,7,4.1
Pune(Pimpri) APMC,2026-04-09,1050.0,1161.0,9.0,7,-9.6
Pune(Pimpri) APMC,2026-04-10,950.0,1140.0,11.0,7,-16.7
Pune(Pimpri) APMC,2026-04-11,1200.0,1133.0,11.0,7,5.9
Pune(Pimpri) APMC,2026-04-12,1050.0,1119.0,14.0,7,-6.1
Pune(Pimpri) APMC,2026-04-13,1050.0,1083.0,16.0,7,-3.0
Pune(Pimpri) APMC,2026-04-14,1100.0,1093.0,16.0,7,0.7
Pune(Pimpri) APMC,2026-04-15,1050.0,1064.0,16.0,7,-1.3
Pune(Pimpri) APMC,2026-04-16,850.0,1036.0,17.0,7,-17.9
Pune(Pimpri) APMC,2026-04-17,850.0,1021.0,17.0,7,-16.8
Pune(Pimpri) APMC,2026-04-18,1200.0,1021.0,18.0,7,17.5
Pune(Pimpri) APMC,2026-04-19,900.0,1000.0,20.0,7,-10.0
Pune(Pimpri) APMC,2026-04-20,750.0,957.0,21.0,7,-21.6
Pune(Pimpri) APMC,2026-04-21,750.0,907.0,20.0,7,-17.3
Pune(Pimpri) APMC,2026-04-22,850.0,879.0,21.0,7,-3.3
Pune(Pimpri) APMC,2026-04-23,750.0,864.0,22.0,7,-13.2
Pune(Pimpri) APMC,2026-04-24,800.0,857.0,21.0,7,-6.7
Pune(Pimpri) APMC,2026-04-25,1100.0,843.0,20.0,7,30.5
Pune(Pimpri) APMC,2026-04-26,1150.0,879.0,16.0,7,30.9
Pune(Pimpri) APMC,2026-04-27,700.0,871.0,14.0,7,-19.7
Pune(Pimpri) APMC,2026-04-28,800.0,879.0,13.0,7,-8.9
Pune(Pimpri) APMC,2026-04-29,800.0,871.0,12.0,7,-8.2
Pune(Pimpri) APMC,2026-04-30,1150.0,929.0,11.0,7,23.8
Pune(Pimpri) APMC,2026-05-01,850.0,936.0,11.0,7,-9.2
Pune(Pimpri) APMC,2026-05-02,950.0,914.0,12.0,7,3.9
Pune(Pimpri) APMC,2026-05-03,850.0,871.0,14.0,7,-2.5
Pune(Pimpri) APMC,2026-05-04,1050.0,921.0,14.0,7,14.0
Pune(Pimpri) APMC,2026-05-05,900.0,936.0,15.0,7,-3.8
Pune(Pimpri) APMC,2026-05-06,1050.0,971.0,15.0,7,8.1
Pune(Pimpri) APMC,2026-05-07,750.0,914.0,13.0,7,-18.0
Pune(Pimpri) APMC,2026-05-08,1020.0,939.0,13.0,7,8.7
Pune(Pimpri) APMC,2026-05-09,1050.0,953.0,11.0,7,10.2
Pune(Pimpri) APMC,2026-05-10,1000.0,974.0,10.0,7,2.6
Pune(Pimpri) APMC,2026-05-11,900.0,953.0,12.0,7,-5.5
Pune(Pimpri) APMC,2026-05-12,1000.0,967.0,12.0,7,3.4
Pune(Pimpri) APMC,2026-05-13,850.0,939.0,14.0,7,-9.4
Pune(Pimpri) APMC,2026-05-14,800.0,946.0,14.0,7,-15.4
Pune(Pimpri) APMC,2026-05-15,970.0,939.0,16.0,7,3.3
Pune(Pimpri) APMC,2026-05-16,1000.0,931.0,16.0,7,7.4
Pune(Pimpri) APMC,2026-05-17,1100.0,946.0,17.0,7,16.3
Pune(Pimpri) APMC,2026-05-18,1200.0,989.0,14.0,7,21.4
Pune(Pimpri) APMC,2026-05-19,1100.0,1003.0,19.0,7,9.7
Pune(Pimpri) APMC,2026-05-20,1000.0,1024.0,21.0,7,-2.4
Pune(Pimpri) APMC,2026-05-21,1000.0,1053.0,27.0,7,-5.0
Pune(Pimpri) APMC,2026-05-22,1050.0,1064.0,26.0,7,-1.3
Pune(Pimpri) APMC,2026-05-23,900.0,1050.0,28.0,7,-14.3
Pune(Pimpri) APMC,2026-05-24,1050.0,1043.0,32.0,7,0.7
Pune(Pimpri) APMC,2026-05-25,1100.0,1029.0,32.0,7,6.9
Pune(Pimpri) APMC,2026-05-26,900.0,1000.0,28.0,7,-10.0
Pune(Pimpri) APMC,2026-05-27,1100.0,1014.0,24.0,7,8.5
Pune(Pimpri) APMC,2026-05-28,950.0,1007.0,18.0,7,-5.7
Pune(Pimpri) APMC,2026-05-29,1100.0,1014.0,18.0,7,8.5
Pune(Pimpri) APMC,2026-05-30,1200.0,1057.0,15.0,7,13.5
Pune(Pimpri) APMC,2026-05-31,1050.0,1057.0,14.0,7,-0.7
Pune(Pimpri) APMC,2026-06-01,1150.0,1064.0,15.0,7,8.1
Pune(Pimpri) APMC,2026-06-02,1500.0,1150.0,14.0,7,30.4
Pune(Pimpri) APMC,2026-06-03,1150.0,1157.0,15.0,7,-0.6
Pune(Pimpri) APMC,2026-06-04,1400.0,1221.0,15.0,7,14.6
Pune(Pimpri) APMC,2026-06-05,1300.0,1250.0,13.0,7,4.0
Pune(Pimpri) APMC,2026-06-06,1800.0,1336.0,15.0,7,34.8
Pune(Pimpri) APMC,2026-06-07,1500.0,1400.0,14.0,7,7.1
Pune(Pimpri) APMC,2026-06-08,1600.0,1464.0,13.0,7,9.3
Pune(Pimpri) APMC,2026-06-09,1200.0,1421.0,14.0,7,-15.6
Pune(Pimpri) APMC,2026-06-10,1300.0,1443.0,15.0,7,-9.9
Pune(Pimpri) APMC,2026-06-11,1300.0,1429.0,16.0,7,-9.0
Pune(Pimpri) APMC,2026-06-12,1250.0,1421.0,17.0,7,-12.1
Pune(Pimpri) APMC,2026-06-13,1500.0,1379.0,15.0,7,8.8
Pune(Pimpri) APMC,2026-06-14,1700.0,1407.0,14.0,7,20.8
Pune(Pimpri) APMC,2026-06-15,1800.0,1436.0,13.0,7,25.4
Pune(Pimpri) APMC,2026-06-16,1250.0,1443.0,13.0,7,-13.4
Pune(Pimpri) APMC,2026-06-17,1500.0,1471.0,12.0,7,1.9
Pune(Pimpri) APMC,2026-06-18,1400.0,1486.0,15.0,7,-5.8
Pune(Pimpri) APMC,2026-06-19,1600.0,1536.0,14.0,7,4.2
Pune(Pimpri) APMC,2026-06-20,1500.0,1536.0,14.0,7,-2.3
Pune(Pimpri) APMC,2026-06-21,1500.0,1507.0,17.0,7,-0.5
Pune(Pimpri) APMC,2026-06-22,1350.0,1443.0,18.0,7,-6.4
Pune(Pimpri) APMC,2026-06-23,1800.0,1521.0,17.0,7,18.3
Pune(Pimpri) APMC,2026-06-24,1850.0,1571.0,16.0,7,17.7
Pune(Pimpri) APMC,2026-06-25,1250.0,1550.0,14.0,7,-19.4
Pune(Pimpri) APMC,2026-06-26,2100.0,1621.0,15.0,7,29.5
Pune(Pimpri) APMC,2026-06-27,1650.0,1643.0,15.0,7,0.4
Pune(Pimpri) APMC,2026-06-28,1650.0,1664.0,14.0,7,-0.9
Pune(Pimpri) APMC,2026-06-29,1550.0,1693.0,13.0,7,-8.4
Pune(Pimpri) APMC,2026-06-30,1750.0,1686.0,14.0,7,3.8
Satara APMC,2024-06-01,2250.0,2250.0,546.0,1,0.0
Satara APMC,2024-06-02,2250.0,2250.0,361.0,2,0.0
Satara APMC,2024-06-03,2250.0,2250.0,313.0,3,0.0
Satara APMC,2024-06-04,2250.0,2250.0,289.0,4,0.0
Satara APMC,2024-06-05,2250.0,2250.0,243.0,5,0.0
Satara APMC,2024-06-06,2250.0,2250.0,233.0,6,0.0
Satara APMC,2024-06-08,2250.0,2250.0,235.0,7,0.0
Satara APMC,2024-06-09,2800.0,2329.0,184.0,7,20.2
Satara APMC,2024-06-10,2100.0,2307.0,209.0,7,-9.0
Satara APMC,2024-06-11,2100.0,2286.0,211.0,7,-8.1
Satara APMC,2024-06-12,2600.0,2336.0,220.0,7,11.3
Satara APMC,2024-06-13,2100.0,2314.0,256.0,7,-9.3
Satara APMC,2024-06-16,2750.0,2386.0,293.0,7,15.3
Satara APMC,2024-06-18,2750.0,2457.0,273.0,7,11.9
Satara APMC,2024-06-19,2750.0,2450.0,265.0,7,12.2
Satara APMC,2024-06-20,2750.0,2543.0,249.0,7,8.1
Satara APMC,2024-06-23,2750.0,2636.0,241.0,7,4.3
Satara APMC,2024-06-24,2500.0,2621.0,240.0,7,-4.6
Satara APMC,2024-06-25,2750.0,2714.0,204.0,7,1.3
Satara APMC,2024-06-26,2750.0,2714.0,154.0,7,1.3
Satara APMC,2024-06-27,2750.0,2714.0,166.0,7,1.3
Satara APMC,2024-06-30,2750.0,2714.0,199.0,7,1.3
Satara APMC,2024-07-01,2750.0,2714.0,171.0,7,1.3
Satara APMC,2024-07-02,2750.0,2714.0,161.0,7,1.3
Satara APMC,2024-07-03,2750.0,2750.0,127.0,7,0.0
Satara APMC,2024-07-04,2750.0,2750.0,133.0,7,0.0
Satara APMC,2024-07-06,2750.0,2750.0,178.0,7,0.0
Satara APMC,2024-07-07,2750.0,2750.0,195.0,7,0.0
Satara APMC,2024-07-08,2800.0,2757.0,152.0,7,1.6
Satara APMC,2024-07-09,2800.0,2764.0,162.0,7,1.3
Satara APMC,2024-07-10,2750.0,2764.0,178.0,7,-0.5
Satara APMC,2024-07-11,2800.0,2771.0,190.0,7,1.0
Satara APMC,2024-07-13,2800.0,2779.0,206.0,7,0.8
Satara APMC,2024-07-14,2800.0,2786.0,181.0,7,0.5
Satara APMC,2024-07-15,2800.0,2793.0,148.0,7,0.3
Satara APMC,2024-07-16,2800.0,2793.0,145.0,7,0.3
Satara APMC,2024-07-22,2250.0,2714.0,137.0,7,-17.1
Satara APMC,2024-07-24,2600.0,2693.0,112.0,7,-3.4
Satara APMC,2024-07-27,2500.0,2650.0,114.0,7,-5.7
Satara APMC,2024-07-28,2500.0,2607.0,124.0,7,-4.1
Satara APMC,2024-07-29,2500.0,2564.0,102.0,7,-2.5
Satara APMC,2024-07-30,2500.0,2521.0,106.0,7,-0.8
Satara APMC,2024-07-31,2500.0,2479.0,115.0,7,0.9
Satara APMC,2024-09-01,3000.0,2586.0,147.0,7,16.0
Satara APMC,2024-09-02,2750.0,2607.0,176.0,7,5.5
Satara APMC,2024-09-03,3700.0,2779.0,179.0,7,33.2
Satara APMC,2024-09-04,4000.0,2993.0,163.0,7,33.7
Satara APMC,2024-09-05,3700.0,3164.0,177.0,7,16.9
Satara APMC,2024-09-07,3500.0,3307.0,168.0,7,5.8
Satara APMC,2024-09-08,3450.0,3443.0,166.0,7,0.2
Satara APMC,2024-09-09,3500.0,3514.0,133.0,7,-0.4
Satara APMC,2024-09-10,4250.0,3729.0,105.0,7,14.0
Satara APMC,2024-09-11,3500.0,3700.0,88.0,7,-5.4
Satara APMC,2024-09-12,3700.0,3657.0,97.0,7,1.2
Satara APMC,2024-09-14,3700.0,3657.0,81.0,7,1.2
Satara APMC,2024-09-15,4250.0,3764.0,94.0,7,12.9
Satara APMC,2024-09-16,4200.0,3871.0,84.0,7,8.5
Satara APMC,2024-09-18,4200.0,3971.0,101.0,7,5.8
Satara APMC,2024-09-19,3500.0,3864.0,131.0,7,-9.4
Satara APMC,2024-09-21,4500.0,4007.0,160.0,7,12.3
Satara APMC,2024-09-22,4000.0,4050.0,166.0,7,-1.2
Satara APMC,2024-09-23,4500.0,4164.0,168.0,7,8.1
Satara APMC,2024-09-24,4250.0,4164.0,166.0,7,2.1
Satara APMC,2024-09-25,4500.0,4207.0,176.0,7,7.0
Satara APMC,2024-09-26,4500.0,4250.0,163.0,7,5.9
Satara APMC,2024-09-28,4200.0,4350.0,215.0,7,-3.4
Satara APMC,2024-09-29,4400.0,4336.0,222.0,7,1.5
Satara APMC,2024-09-30,3900.0,4321.0,209.0,7,-9.8
Satara APMC,2024-10-01,3600.0,4193.0,208.0,7,-14.1
Satara APMC,2024-10-02,3600.0,4100.0,200.0,7,-12.2
Satara APMC,2024-10-03,3600.0,3971.0,198.0,7,-9.4
Satara APMC,2024-10-05,3600.0,3843.0,214.0,7,-6.3
Satara APMC,2024-10-06,3600.0,3757.0,136.0,7,-4.2
Satara APMC,2024-10-07,3600.0,3643.0,104.0,7,-1.2
Satara APMC,2024-10-09,3700.0,3614.0,104.0,7,2.4
Satara APMC,2024-10-10,3100.0,3543.0,99.0,7,-12.5
Satara APMC,2024-10-12,3200.0,3486.0,147.0,7,-8.2
Satara APMC,2024-10-13,3200.0,3429.0,145.0,7,-6.7
Satara APMC,2024-10-14,3200.0,3371.0,123.0,7,-5.1
Satara APMC,2024-10-15,3200.0,3314.0,146.0,7,-3.4
Satara APMC,2024-10-16,3200.0,3257.0,159.0,7,-1.8
Satara APMC,2024-10-17,3200.0,3186.0,159.0,7,0.4
Satara APMC,2024-10-19,2700.0,3129.0,201.0,7,-13.7
Satara APMC,2024-10-20,2750.0,3064.0,155.0,7,-10.3
Satara APMC,2024-10-21,2700.0,2993.0,152.0,7,-9.8
Satara APMC,2024-10-22,2700.0,2921.0,161.0,7,-7.6
Satara APMC,2024-10-23,2700.0,2850.0,154.0,7,-5.3
Satara APMC,2024-10-24,3500.0,2893.0,152.0,7,21.0
Satara APMC,2024-10-26,3500.0,2936.0,179.0,7,19.2
Satara APMC,2024-10-27,3000.0,2979.0,158.0,7,0.7
Satara APMC,2024-10-28,3000.0,3014.0,164.0,7,-0.5
Satara APMC,2024-10-29,3000.0,3057.0,183.0,7,-1.9
Satara APMC,2024-10-30,3000.0,3100.0,203.0,7,-3.2
Satara APMC,2024-10-31,3000.0,3143.0,183.0,7,-4.5
Satara APMC,2024-11-02,3000.0,3071.0,173.0,7,-2.3
Satara APMC,2024-11-04,3000.0,3000.0,126.0,7,0.0
Satara APMC,2024-11-05,3000.0,3000.0,103.0,7,0.0
Satara APMC,2024-11-06,3000.0,3000.0,114.0,7,0.0
Satara APMC,2024-11-07,4200.0,3171.0,104.0,7,32.4
Satara APMC,2024-11-09,5000.0,3457.0,119.0,7,44.6
Satara APMC,2024-11-11,4500.0,3671.0,156.0,7,22.6
Satara APMC,2024-11-12,4200.0,3843.0,192.0,7,9.3
Satara APMC,2024-11-13,4400.0,4043.0,206.0,7,8.8
Satara APMC,2024-11-14,4000.0,4186.0,234.0,7,-4.4
Satara APMC,2024-11-16,4000.0,4329.0,295.0,7,-7.6
Satara APMC,2024-11-17,4200.0,4329.0,311.0,7,-3.0
Satara APMC,2024-11-18,4200.0,4214.0,289.0,7,-0.3
Satara APMC,2024-11-19,4000.0,4143.0,275.0,7,-3.4
Satara APMC,2024-11-21,4200.0,4143.0,270.0,7,1.4
Satara APMC,2024-11-23,4200.0,4114.0,271.0,7,2.1
Satara APMC,2024-11-24,4200.0,4143.0,255.0,7,1.4
Satara APMC,2024-11-25,4200.0,4171.0,195.0,7,0.7
Satara APMC,2024-11-26,4500.0,4214.0,209.0,7,6.8
Satara APMC,2024-11-27,4500.0,4257.0,229.0,7,5.7
Satara APMC,2024-11-28,4500.0,4329.0,270.0,7,4.0
Satara APMC,2024-12-02,4000.0,4300.0,280.0,7,-7.0
Satara APMC,2024-12-03,4000.0,4271.0,307.0,7,-6.4
Satara APMC,2024-12-04,3750.0,4207.0,320.0,7,-10.9
Satara APMC,2024-12-05,3400.0,4093.0,311.0,7,-16.9
Satara APMC,2024-12-07,3700.0,3979.0,346.0,7,-7.0
Satara APMC,2024-12-08,3700.0,3864.0,342.0,7,-4.3
Satara APMC,2024-12-09,3700.0,3750.0,296.0,7,-1.3
Satara APMC,2024-12-10,3700.0,3707.0,265.0,7,-0.2
Satara APMC,2024-12-11,3700.0,3664.0,263.0,7,1.0
Satara APMC,2024-12-12,3700.0,3657.0,289.0,7,1.2
Satara APMC,2024-12-14,3000.0,3600.0,328.0,7,-16.7
Satara APMC,2024-12-15,3000.0,3500.0,269.0,7,-14.3
Satara APMC,2024-12-16,2750.0,3364.0,287.0,7,-18.3
Satara APMC,2024-12-17,2750.0,3229.0,275.0,7,-14.8
Satara APMC,2024-12-18,2250.0,3021.0,287.0,7,-25.5
Satara APMC,2024-12-21,2000.0,2779.0,361.0,7,-28.0
Satara APMC,2024-12-22,2000.0,2536.0,340.0,7,-21.1
Satara APMC,2024-12-23,2000.0,2393.0,338.0,7,-16.4
Satara APMC,2024-12-24,2000.0,2250.0,344.0,7,-11.1
Satara APMC,2024-12-26,2000.0,2143.0,306.0,7,-6.7
Satara APMC,2024-12-28,2000.0,2036.0,367.0,7,-1.8
Satara APMC,2024-12-29,2500.0,2071.0,364.0,7,20.7
Satara APMC,2024-12-30,2000.0,2071.0,278.0,7,-3.4
Satara APMC,2024-12-31,2000.0,2071.0,253.0,7,-3.4
Satara APMC,2025-01-01,2000.0,2071.0,220.0,7,-3.4
Satara APMC,2025-01-02,2200.0,2100.0,230.0,7,4.8
Satara APMC,2025-01-04,2200.0,2129.0,269.0,7,3.4
Satara APMC,2025-01-05,2200.0,2157.0,226.0,7,2.0
Satara APMC,2025-01-06,2100.0,2100.0,238.0,7,0.0
Satara APMC,2025-01-07,2100.0,2114.0,238.0,7,-0.7
Satara APMC,2025-01-08,2100.0,2129.0,329.0,7,-1.3
Satara APMC,2025-01-09,2000.0,2129.0,347.0,7,-6.0
Satara APMC,2025-01-11,2250.0,2136.0,384.0,7,5.4
Satara APMC,2025-01-12,1750.0,2071.0,358.0,7,-15.5
Satara APMC,2025-01-13,1750.0,2007.0,346.0,7,-12.8
Satara APMC,2025-01-14,1750.0,1957.0,320.0,7,-10.6
Satara APMC,2025-01-15,1750.0,1907.0,300.0,7,-8.2
Satara APMC,2025-01-16,1750.0,1857.0,218.0,7,-5.8
Satara APMC,2025-01-18,2000.0,1857.0,238.0,7,7.7
Satara APMC,2025-01-19,2000.0,1821.0,190.0,7,9.8
Satara APMC,2025-01-20,2000.0,1857.0,174.0,7,7.7
Satara APMC,2025-01-21,2100.0,1907.0,197.0,7,10.1
Satara APMC,2025-01-22,2100.0,1957.0,233.0,7,7.3
Satara APMC,2025-01-23,2100.0,2007.0,262.0,7,4.6
Satara APMC,2025-01-25,2100.0,2057.0,311.0,7,2.1
Satara APMC,2025-01-27,2100.0,2071.0,288.0,7,1.4
Satara APMC,2025-01-28,2100.0,2086.0,331.0,7,0.7
Satara APMC,2025-01-29,1750.0,2050.0,368.0,7,-14.6
Satara APMC,2025-01-30,1900.0,2021.0,378.0,7,-6.0
Satara APMC,2025-02-01,1800.0,1979.0,396.0,7,-9.0
Satara APMC,2025-02-02,1750.0,1929.0,375.0,7,-9.3
Satara APMC,2025-02-03,1750.0,1879.0,378.0,7,-6.8
Satara APMC,2025-02-04,1750.0,1829.0,369.0,7,-4.3
Satara APMC,2025-02-05,1500.0,1743.0,349.0,7,-13.9
Satara APMC,2025-02-06,1900.0,1764.0,327.0,7,7.7
Satara APMC,2025-02-08,2000.0,1779.0,356.0,7,12.4
Satara APMC,2025-02-09,1750.0,1771.0,328.0,7,-1.2
Satara APMC,2025-02-13,2100.0,1821.0,354.0,7,15.3
Satara APMC,2025-02-15,2100.0,1871.0,345.0,7,12.2
Satara APMC,2025-02-16,2100.0,1921.0,340.0,7,9.3
Satara APMC,2025-02-17,2100.0,2007.0,306.0,7,4.6
Satara APMC,2025-02-18,2100.0,2036.0,289.0,7,3.2
Satara APMC,2025-02-19,2450.0,2100.0,277.0,7,16.7
Satara APMC,2025-02-20,2050.0,2143.0,317.0,7,-4.3
Satara APMC,2025-02-22,2150.0,2150.0,355.0,7,0.0
Satara APMC,2025-02-23,2150.0,2157.0,344.0,7,-0.3
Satara APMC,2025-02-24,1900.0,2129.0,362.0,7,-10.7
Satara APMC,2025-02-25,1900.0,2100.0,383.0,7,-9.5
Satara APMC,2025-02-26,1900.0,2071.0,391.0,7,-8.3
Satara APMC,2025-02-27,1900.0,1993.0,377.0,7,-4.7
Satara APMC,2025-03-01,1900.0,1971.0,341.0,7,-3.6
Satara APMC,2025-03-02,1800.0,1921.0,302.0,7,-6.3
Satara APMC,2025-03-03,1800.0,1871.0,287.0,7,-3.8
Satara APMC,2025-03-04,1800.0,1857.0,285.0,7,-3.1
Satara APMC,2025-03-05,1800.0,1843.0,282.0,7,-2.3
Satara APMC,2025-03-06,1750.0,1821.0,302.0,7,-3.9
Satara APMC,2025-03-08,1600.0,1779.0,327.0,7,-10.0
Satara APMC,2025-03-09,1500.0,1721.0,374.0,7,-12.9
Satara APMC,2025-03-10,1250.0,1643.0,370.0,7,-23.9
Satara APMC,2025-03-15,1000.0,1529.0,369.0,7,-34.6
Satara APMC,2025-03-16,1000.0,1414.0,420.0,7,-29.3
Satara APMC,2025-03-17,1000.0,1300.0,421.0,7,-23.1
Satara APMC,2025-03-18,1050.0,1200.0,420.0,7,-12.5
Satara APMC,2025-03-19,1000.0,1114.0,404.0,7,-10.3
Satara APMC,2025-03-20,1150.0,1064.0,373.0,7,8.1
Satara APMC,2025-03-22,1300.0,1071.0,377.0,7,21.3
Satara APMC,2025-03-23,1300.0,1114.0,423.0,7,16.7
Satara APMC,2025-03-24,1300.0,1157.0,370.0,7,12.3
Satara APMC,2025-03-25,1300.0,1200.0,366.0,7,8.3
Satara APMC,2025-03-26,1300.0,1236.0,354.0,7,5.2
Satara APMC,2025-03-27,1300.0,1279.0,357.0,7,1.7
Satara APMC,2025-03-29,1400.0,1314.0,366.0,7,6.5
Satara APMC,2025-04-01,1300.0,1314.0,338.0,7,-1.1
Satara APMC,2025-04-02,1300.0,1314.0,302.0,7,-1.1
Satara APMC,2025-04-03,1400.0,1329.0,315.0,7,5.4
Satara APMC,2025-04-05,1300.0,1329.0,300.0,7,-2.2
Satara APMC,2025-04-06,1100.0,1300.0,436.0,7,-15.4
Satara APMC,2025-04-07,1150.0,1279.0,402.0,7,-10.1
Satara APMC,2025-04-08,1100.0,1236.0,388.0,7,-11.0
Satara APMC,2025-04-09,1100.0,1207.0,413.0,7,-8.9
Satara APMC,2025-04-10,1100.0,1179.0,454.0,7,-6.7
Satara APMC,2025-04-12,1100.0,1136.0,482.0,7,-3.1
Satara APMC,2025-04-13,1100.0,1107.0,538.0,7,-0.6
Satara APMC,2025-04-14,1000.0,1093.0,417.0,7,-8.5
Satara APMC,2025-04-15,1000.0,1071.0,427.0,7,-6.7
Satara APMC,2025-04-16,900.0,1043.0,403.0,7,-13.7
Satara APMC,2025-04-17,900.0,1014.0,429.0,7,-11.3
Satara APMC,2025-04-19,900.0,986.0,402.0,7,-8.7
Satara APMC,2025-04-20,1000.0,971.0,401.0,7,2.9
Satara APMC,2025-04-21,900.0,943.0,382.0,7,-4.5
Satara APMC,2025-04-22,900.0,929.0,371.0,7,-3.1
Satara APMC,2025-04-23,900.0,914.0,387.0,7,-1.6
Satara APMC,2025-04-24,850.0,907.0,412.0,7,-6.3
Satara APMC,2025-04-26,900.0,907.0,430.0,7,-0.8
Satara APMC,2025-04-27,1200.0,950.0,477.0,7,26.3
Satara APMC,2025-04-28,1000.0,950.0,428.0,7,5.3
Satara APMC,2025-04-29,1000.0,964.0,411.0,7,3.7
Satara APMC,2025-05-03,1000.0,979.0,443.0,7,2.2
Satara APMC,2025-05-04,1000.0,993.0,460.0,7,0.7
Satara APMC,2025-05-05,1000.0,1014.0,473.0,7,-1.4
Satara APMC,2025-05-06,1000.0,1029.0,431.0,7,-2.8
Satara APMC,2025-05-07,1200.0,1029.0,360.0,7,16.7
Satara APMC,2025-05-08,1000.0,1029.0,411.0,7,-2.8
Satara APMC,2025-05-10,1000.0,1029.0,441.0,7,-2.8
Satara APMC,2025-05-12,1000.0,1029.0,411.0,7,-2.8
Satara APMC,2025-05-13,1000.0,1029.0,376.0,7,-2.8
Satara APMC,2025-05-15,1000.0,1029.0,366.0,7,-2.8
Satara APMC,2025-05-17,1000.0,1029.0,376.0,7,-2.8
Satara APMC,2025-05-18,1000.0,1000.0,412.0,7,0.0
Satara APMC,2025-05-19,1000.0,1000.0,364.0,7,0.0
Satara APMC,2025-05-20,1000.0,1000.0,339.0,7,0.0
Satara APMC,2025-05-21,1000.0,1000.0,329.0,7,0.0
Satara APMC,2025-05-22,1150.0,1021.0,310.0,7,12.6
Satara APMC,2025-05-24,1350.0,1071.0,282.0,7,26.0
Satara APMC,2025-05-25,1350.0,1121.0,247.0,7,20.4
Satara APMC,2025-05-27,1350.0,1171.0,222.0,7,15.2
Satara APMC,2025-05-28,1300.0,1214.0,240.0,7,7.1
Satara APMC,2025-05-29,1350.0,1264.0,267.0,7,6.8
Satara APMC,2025-05-31,1300.0,1307.0,364.0,7,-0.5
Satara APMC,2025-06-01,1100.0,1300.0,425.0,7,-15.4
Satara APMC,2025-06-02,1100.0,1264.0,438.0,7,-13.0
Satara APMC,2025-06-03,1050.0,1221.0,446.0,7,-14.0
Satara APMC,2025-06-04,1050.0,1179.0,434.0,7,-10.9
Satara APMC,2025-06-05,1100.0,1150.0,418.0,7,-4.3
Satara APMC,2025-06-08,1300.0,1143.0,400.0,7,13.7
Satara APMC,2025-06-09,1400.0,1157.0,318.0,7,21.0
Satara APMC,2025-06-10,1400.0,1200.0,302.0,7,16.7
Satara APMC,2025-06-11,1400.0,1243.0,286.0,7,12.6
Satara APMC,2025-06-12,1400.0,1293.0,284.0,7,8.3
Satara APMC,2025-06-14,1500.0,1357.0,341.0,7,10.5
Satara APMC,2025-06-15,1500.0,1414.0,345.0,7,6.1
Satara APMC,2025-06-16,1500.0,1443.0,313.0,7,4.0
Satara APMC,2025-06-17,1500.0,1457.0,283.0,7,2.9
Satara APMC,2025-06-18,1500.0,1471.0,226.0,7,1.9
Satara APMC,2025-06-19,1500.0,1486.0,246.0,7,1.0
Satara APMC,2025-06-21,1500.0,1500.0,280.0,7,0.0
Satara APMC,2025-06-22,1500.0,1500.0,219.0,7,0.0
Satara APMC,2025-06-23,1500.0,1500.0,202.0,7,0.0
Satara APMC,2025-06-24,1500.0,1500.0,209.0,7,0.0
Satara APMC,2025-06-25,1500.0,1500.0,222.0,7,0.0
Satara APMC,2025-06-26,1500.0,1500.0,249.0,7,0.0
Satara APMC,2025-06-28,1400.0,1486.0,224.0,7,-5.8
Satara APMC,2025-06-29,1400.0,1471.0,199.0,7,-4.9
Satara APMC,2025-06-30,1500.0,1471.0,181.0,7,1.9
Satara APMC,2025-07-01,1500.0,1471.0,169.0,7,1.9
Satara APMC,2025-07-03,1500.0,1471.0,147.0,7,1.9
Satara APMC,2025-07-05,1500.0,1471.0,130.0,7,1.9
Satara APMC,2025-07-06,1500.0,1471.0,117.0,7,1.9
Satara APMC,2025-07-07,1500.0,1486.0,111.0,7,1.0
Satara APMC,2025-07-08,1500.0,1500.0,75.0,7,0.0
Satara APMC,2025-07-09,1500.0,1500.0,71.0,7,0.0
Satara APMC,2025-07-10,1500.0,1500.0,81.0,7,0.0
Satara APMC,2025-07-12,1500.0,1500.0,105.0,7,0.0
Satara APMC,2025-07-13,1500.0,1500.0,116.0,7,0.0
Satara APMC,2025-07-14,1500.0,1500.0,118.0,7,0.0
Satara APMC,2025-07-15,1500.0,1500.0,120.0,7,0.0
Satara APMC,2025-07-16,1500.0,1500.0,131.0,7,0.0
Satara APMC,2025-07-17,1500.0,1500.0,143.0,7,0.0
Satara APMC,2025-07-19,1500.0,1500.0,186.0,7,0.0
Satara APMC,2025-07-20,1500.0,1500.0,190.0,7,0.0
Satara APMC,2025-07-21,1500.0,1500.0,188.0,7,0.0
Satara APMC,2025-07-22,1400.0,1486.0,181.0,7,-5.8
Satara APMC,2025-07-23,1500.0,1486.0,180.0,7,1.0
Satara APMC,2025-07-24,1400.0,1471.0,192.0,7,-4.9
Satara APMC,2025-07-27,1500.0,1471.0,230.0,7,1.9
Satara APMC,2025-07-28,1500.0,1471.0,188.0,7,1.9
Satara APMC,2025-07-29,1500.0,1471.0,169.0,7,1.9
Satara APMC,2025-07-30,1500.0,1471.0,155.0,7,1.9
Satara APMC,2025-07-31,1500.0,1486.0,166.0,7,1.0
Satara APMC,2025-08-02,1500.0,1486.0,207.0,7,1.0
Satara APMC,2025-08-03,1500.0,1500.0,224.0,7,0.0
Satara APMC,2025-08-04,1500.0,1500.0,188.0,7,0.0
Satara APMC,2025-08-05,1500.0,1500.0,179.0,7,0.0
Satara APMC,2025-08-06,1500.0,1500.0,176.0,7,0.0
Satara APMC,2025-08-07,1500.0,1500.0,220.0,7,0.0
Satara APMC,2025-08-10,1500.0,1500.0,221.0,7,0.0
Satara APMC,2025-08-11,1500.0,1500.0,173.0,7,0.0
Satara APMC,2025-08-12,1500.0,1500.0,159.0,7,0.0
Satara APMC,2025-08-13,1500.0,1500.0,158.0,7,0.0
Satara APMC,2025-08-14,1500.0,1500.0,169.0,7,0.0
Satara APMC,2025-08-16,1750.0,1536.0,174.0,7,14.0
Satara APMC,2025-08-17,1500.0,1536.0,159.0,7,-2.3
Satara APMC,2025-08-18,1350.0,1514.0,161.0,7,-10.8
Satara APMC,2025-08-19,1350.0,1493.0,153.0,7,-9.6
Satara APMC,2025-08-20,1350.0,1471.0,138.0,7,-8.3
Satara APMC,2025-08-21,1350.0,1450.0,148.0,7,-6.9
Satara APMC,2025-08-25,1500.0,1450.0,136.0,7,3.4
Satara APMC,2025-08-26,1500.0,1414.0,137.0,7,6.1
Satara APMC,2025-08-27,1500.0,1414.0,116.0,7,6.1
Satara APMC,2025-08-28,1500.0,1436.0,112.0,7,4.5
Satara APMC,2025-08-30,1500.0,1457.0,143.0,7,2.9
Satara APMC,2025-08-31,1350.0,1457.0,177.0,7,-7.4
Satara APMC,2025-09-01,1500.0,1479.0,159.0,7,1.4
Satara APMC,2025-09-02,1350.0,1457.0,178.0,7,-7.4
Satara APMC,2025-09-03,1500.0,1457.0,186.0,7,2.9
Satara APMC,2025-09-04,1500.0,1457.0,193.0,7,2.9
Satara APMC,2025-09-06,1500.0,1457.0,181.0,7,2.9
Satara APMC,2025-09-07,1500.0,1457.0,200.0,7,2.9
Satara APMC,2025-09-08,1500.0,1479.0,172.0,7,1.4
Satara APMC,2025-09-09,1500.0,1479.0,179.0,7,1.4
Satara APMC,2025-09-10,1500.0,1500.0,211.0,7,0.0
Satara APMC,2025-09-11,1500.0,1500.0,265.0,7,0.0
Satara APMC,2025-09-13,1500.0,1500.0,328.0,7,0.0
Satara APMC,2025-09-14,1500.0,1500.0,349.0,7,0.0
Satara APMC,2025-09-15,1500.0,1500.0,317.0,7,0.0
Satara APMC,2025-09-16,1500.0,1500.0,328.0,7,0.0
Satara APMC,2025-09-17,1500.0,1500.0,320.0,7,0.0
Satara APMC,2025-09-18,1500.0,1500.0,275.0,7,0.0
Satara APMC,2025-09-19,1500.0,1500.0,244.0,7,0.0
Satara APMC,2025-09-21,1500.0,1500.0,207.0,7,0.0
Satara APMC,2025-09-22,1350.0,1479.0,202.0,7,-8.7
Satara APMC,2025-09-23,1350.0,1457.0,200.0,7,-7.4
Satara APMC,2025-09-24,1350.0,1436.0,192.0,7,-6.0
Satara APMC,2025-09-25,1350.0,1414.0,230.0,7,-4.5
Satara APMC,2025-09-27,1500.0,1414.0,276.0,7,6.1
Satara APMC,2025-09-28,1500.0,1414.0,240.0,7,6.1
Satara APMC,2025-09-29,1500.0,1414.0,226.0,7,6.1
Satara APMC,2025-09-30,1500.0,1436.0,218.0,7,4.5
Satara APMC,2025-10-01,1400.0,1443.0,225.0,7,-3.0
Satara APMC,2025-10-02,1400.0,1450.0,254.0,7,-3.4
Satara APMC,2025-10-04,1500.0,1471.0,247.0,7,1.9
Satara APMC,2025-10-05,1500.0,1471.0,230.0,7,1.9
Satara APMC,2025-10-06,1400.0,1457.0,256.0,7,-3.9
Satara APMC,2025-10-07,1500.0,1457.0,264.0,7,2.9
Satara APMC,2025-10-08,1350.0,1436.0,277.0,7,-6.0
Satara APMC,2025-10-09,1500.0,1450.0,294.0,7,3.4
Satara APMC,2025-10-12,1500.0,1464.0,293.0,7,2.4
Satara APMC,2025-10-13,1400.0,1450.0,296.0,7,-3.4
Satara APMC,2025-10-14,1400.0,1436.0,308.0,7,-2.5
Satara APMC,2025-10-15,1350.0,1429.0,307.0,7,-5.5
Satara APMC,2025-10-16,1500.0,1429.0,315.0,7,5.0
Satara APMC,2025-10-18,1350.0,1429.0,322.0,7,-5.5
Satara APMC,2025-10-19,1350.0,1407.0,302.0,7,-4.1
Satara APMC,2025-10-26,1650.0,1429.0,301.0,7,15.5
Satara APMC,2025-10-27,1400.0,1429.0,286.0,7,-2.0
Satara APMC,2025-10-28,1750.0,1479.0,254.0,7,18.4
Satara APMC,2025-10-29,1500.0,1500.0,242.0,7,0.0
Satara APMC,2025-10-30,1500.0,1500.0,261.0,7,0.0
Satara APMC,2025-11-01,1500.0,1521.0,270.0,7,-1.4
Satara APMC,2025-11-02,1500.0,1543.0,305.0,7,-2.8
Satara APMC,2025-11-03,1500.0,1521.0,278.0,7,-1.4
Satara APMC,2025-11-04,1500.0,1536.0,285.0,7,-2.3
Satara APMC,2025-11-05,1500.0,1500.0,291.0,7,0.0
Satara APMC,2025-11-06,1500.0,1500.0,309.0,7,0.0
Satara APMC,2025-11-09,1500.0,1500.0,332.0,7,0.0
Satara APMC,2025-11-10,1500.0,1500.0,316.0,7,0.0
Satara APMC,2025-11-11,1500.0,1500.0,301.0,7,0.0
Satara APMC,2025-11-12,1500.0,1500.0,321.0,7,0.0
Satara APMC,2025-11-13,1750.0,1536.0,313.0,7,14.0
Satara APMC,2025-11-16,1400.0,1521.0,297.0,7,-8.0
Satara APMC,2025-11-17,1650.0,1543.0,311.0,7,6.9
Satara APMC,2025-11-18,1400.0,1529.0,262.0,7,-8.4
Satara APMC,2025-11-19,1650.0,1550.0,235.0,7,6.5
Satara APMC,2025-11-23,1500.0,1550.0,232.0,7,-3.2
Satara APMC,2025-11-24,1400.0,1536.0,221.0,7,-8.8
Satara APMC,2025-11-25,1500.0,1500.0,230.0,7,0.0
Satara APMC,2025-11-26,1500.0,1514.0,213.0,7,-0.9
Satara APMC,2025-11-27,1500.0,1493.0,199.0,7,0.5
Satara APMC,2025-11-29,1500.0,1507.0,192.0,7,-0.5
Satara APMC,2025-11-30,1500.0,1486.0,210.0,7,1.0
Satara APMC,2025-12-01,1650.0,1507.0,194.0,7,9.5
Satara APMC,2025-12-03,1500.0,1521.0,193.0,7,-1.4
Satara APMC,2025-12-04,1400.0,1507.0,196.0,7,-7.1
Satara APMC,2025-12-06,1150.0,1457.0,243.0,7,-21.1
Satara APMC,2025-12-07,1150.0,1407.0,231.0,7,-18.3
Satara APMC,2025-12-08,1150.0,1357.0,221.0,7,-15.3
Satara APMC,2025-12-09,1500.0,1357.0,210.0,7,10.5
Satara APMC,2025-12-10,1500.0,1336.0,196.0,7,12.3
Satara APMC,2025-12-11,1150.0,1286.0,205.0,7,-10.6
Satara APMC,2025-12-13,1750.0,1336.0,205.0,7,31.0
Satara APMC,2025-12-14,2000.0,1457.0,186.0,7,37.3
Satara APMC,2025-12-15,2500.0,1650.0,174.0,7,51.5
Satara APMC,2025-12-16,2000.0,1771.0,173.0,7,12.9
Satara APMC,2025-12-17,2000.0,1843.0,197.0,7,8.5
Satara APMC,2025-12-18,2000.0,1914.0,218.0,7,4.5
Satara APMC,2025-12-22,1900.0,2021.0,211.0,7,-6.0
Satara APMC,2025-12-23,1900.0,2043.0,191.0,7,-7.0
Satara APMC,2025-12-24,1250.0,1936.0,179.0,7,-35.4
Satara APMC,2025-12-25,1900.0,1850.0,181.0,7,2.7
Satara APMC,2025-12-27,1900.0,1836.0,228.0,7,3.5
Satara APMC,2025-12-28,1900.0,1821.0,246.0,7,4.3
Satara APMC,2025-12-29,1600.0,1764.0,228.0,7,-9.3
Satara APMC,2025-12-30,1600.0,1721.0,231.0,7,-7.1
Satara APMC,2025-12-31,1600.0,1679.0,230.0,7,-4.7
Satara APMC,2026-01-01,1600.0,1729.0,250.0,7,-7.4
Satara APMC,2026-01-03,1500.0,1671.0,271.0,7,-10.3
Satara APMC,2026-01-04,1350.0,1593.0,241.0,7,-15.2
Satara APMC,2026-01-05,1500.0,1536.0,226.0,7,-2.3
Satara APMC,2026-01-06,1500.0,1521.0,225.0,7,-1.4
Satara APMC,2026-01-07,1500.0,1507.0,233.0,7,-0.5
Satara APMC,2026-01-08,1500.0,1493.0,286.0,7,0.5
Satara APMC,2026-01-10,1500.0,1479.0,322.0,7,1.4
Satara APMC,2026-01-11,1500.0,1479.0,317.0,7,1.4
Satara APMC,2026-01-12,1500.0,1500.0,309.0,7,0.0
Satara APMC,2026-01-13,1250.0,1464.0,290.0,7,-14.6
Satara APMC,2026-01-14,1900.0,1521.0,297.0,7,24.9
Satara APMC,2026-01-15,1250.0,1486.0,265.0,7,-15.9
Satara APMC,2026-01-17,1250.0,1450.0,216.0,7,-13.8
Satara APMC,2026-01-18,1250.0,1414.0,159.0,7,-11.6
Satara APMC,2026-01-19,1250.0,1379.0,144.0,7,-9.3
Satara APMC,2026-01-20,1250.0,1343.0,164.0,7,-6.9
Satara APMC,2026-01-21,1500.0,1379.0,152.0,7,8.8
Satara APMC,2026-01-22,1500.0,1321.0,145.0,7,13.5
Satara APMC,2026-01-24,1500.0,1357.0,211.0,7,10.5
Satara APMC,2026-01-25,1500.0,1393.0,235.0,7,7.7
Satara APMC,2026-01-27,1500.0,1429.0,260.0,7,5.0
Satara APMC,2026-01-28,1500.0,1464.0,281.0,7,2.4
Satara APMC,2026-01-31,1500.0,1500.0,276.0,7,0.0
Satara APMC,2026-02-01,1500.0,1500.0,309.0,7,0.0
Satara APMC,2026-02-02,1500.0,1500.0,333.0,7,0.0
Satara APMC,2026-02-03,1250.0,1464.0,272.0,7,-14.6
Satara APMC,2026-02-04,1500.0,1464.0,258.0,7,2.4
Satara APMC,2026-02-05,1500.0,1464.0,274.0,7,2.4
Satara APMC,2026-02-08,1250.0,1429.0,320.0,7,-12.5
Satara APMC,2026-02-09,1250.0,1393.0,310.0,7,-10.3
Satara APMC,2026-02-10,1250.0,1357.0,308.0,7,-7.9
Satara APMC,2026-02-11,1500.0,1357.0,336.0,7,10.5
Satara APMC,2026-02-12,1000.0,1321.0,394.0,7,-24.3
Satara APMC,2026-02-15,1500.0,1321.0,410.0,7,13.5
Satara APMC,2026-02-16,1500.0,1321.0,385.0,7,13.5
Satara APMC,2026-02-17,1500.0,1357.0,318.0,7,10.5
Satara APMC,2026-02-18,1500.0,1393.0,328.0,7,7.7
Satara APMC,2026-02-19,1500.0,1429.0,335.0,7,5.0
Satara APMC,2026-02-21,1200.0,1386.0,373.0,7,-13.4
Satara APMC,2026-02-22,1250.0,1421.0,364.0,7,-12.1
Satara APMC,2026-02-23,1250.0,1386.0,348.0,7,-9.8
Satara APMC,2026-02-24,1250.0,1350.0,391.0,7,-7.4
Satara APMC,2026-02-25,1250.0,1314.0,431.0,7,-4.9
Satara APMC,2026-02-26,1000.0,1243.0,448.0,7,-19.5
Satara APMC,2026-02-28,1000.0,1171.0,456.0,7,-14.6
Satara APMC,2026-03-01,950.0,1136.0,425.0,7,-16.4
Satara APMC,2026-03-02,950.0,1093.0,375.0,7,-13.1
Satara APMC,2026-03-03,1200.0,1086.0,370.0,7,10.5
Satara APMC,2026-03-04,1200.0,1079.0,313.0,7,11.3
Satara APMC,2026-03-05,1500.0,1114.0,319.0,7,34.6
Satara APMC,2026-03-07,1400.0,1171.0,337.0,7,19.5
Satara APMC,2026-03-08,1300.0,1214.0,316.0,7,7.1
Satara APMC,2026-03-09,1200.0,1250.0,290.0,7,-4.0
Satara APMC,2026-03-10,1200.0,1286.0,312.0,7,-6.7
Satara APMC,2026-03-11,1000.0,1257.0,335.0,7,-20.5
Satara APMC,2026-03-12,1000.0,1229.0,347.0,7,-18.6
Satara APMC,2026-03-14,1000.0,1157.0,326.0,7,-13.6
Satara APMC,2026-03-15,1000.0,1100.0,267.0,7,-9.1
Satara APMC,2026-03-16,1000.0,1057.0,256.0,7,-5.4
Satara APMC,2026-03-17,1000.0,1029.0,233.0,7,-2.8
Satara APMC,2026-03-18,1000.0,1000.0,226.0,7,0.0
Satara APMC,2026-03-19,1000.0,1000.0,208.0,7,0.0
Satara APMC,2026-03-22,1000.0,1000.0,306.0,7,0.0
Satara APMC,2026-03-23,1200.0,1029.0,295.0,7,16.7
Satara APMC,2026-03-24,1000.0,1029.0,326.0,7,-2.8
Satara APMC,2026-03-25,1150.0,1050.0,371.0,7,9.5
Satara APMC,2026-03-28,1000.0,1050.0,394.0,7,-4.8
Satara APMC,2026-03-29,1000.0,1050.0,406.0,7,-4.8
Satara APMC,2026-03-30,1000.0,1050.0,433.0,7,-4.8
Satara APMC,2026-03-31,1000.0,1050.0,336.0,7,-4.8
Satara APMC,2026-04-01,1100.0,1036.0,319.0,7,6.2
Satara APMC,2026-04-02,1000.0,1036.0,304.0,7,-3.4
Satara APMC,2026-04-04,1000.0,1014.0,301.0,7,-1.4
Satara APMC,2026-04-05,1000.0,1014.0,310.0,7,-1.4
Satara APMC,2026-04-06,1000.0,1014.0,326.0,7,-1.4
Satara APMC,2026-04-07,1000.0,1014.0,301.0,7,-1.4
Satara APMC,2026-04-08,1000.0,1014.0,308.0,7,-1.4
Satara APMC,2026-04-09,1100.0,1014.0,385.0,7,8.5
Satara APMC,2026-04-11,1250.0,1050.0,415.0,7,19.0
Satara APMC,2026-04-12,1100.0,1064.0,401.0,7,3.4
Satara APMC,2026-04-13,1200.0,1093.0,366.0,7,9.8
Satara APMC,2026-04-14,1000.0,1093.0,341.0,7,-8.5
Satara APMC,2026-04-15,1000.0,1093.0,335.0,7,-8.5
Satara APMC,2026-04-16,1000.0,1093.0,360.0,7,-8.5
Satara APMC,2026-04-18,1000.0,1079.0,374.0,7,-7.3
Satara APMC,2026-04-19,1000.0,1043.0,354.0,7,-4.1
Satara APMC,2026-04-20,1000.0,1029.0,367.0,7,-2.8
Satara APMC,2026-04-21,1000.0,1000.0,389.0,7,0.0
Satara APMC,2026-04-22,1000.0,1000.0,368.0,7,0.0
Satara APMC,2026-04-23,1000.0,1000.0,386.0,7,0.0
Satara APMC,2026-04-25,1150.0,1021.0,369.0,7,12.6
Satara APMC,2026-04-26,1150.0,1043.0,276.0,7,10.3
Satara APMC,2026-04-27,1000.0,1043.0,281.0,7,-4.1
Satara APMC,2026-04-28,1000.0,1043.0,236.0,7,-4.1
Satara APMC,2026-04-29,1000.0,1043.0,215.0,7,-4.1
Satara APMC,2026-04-30,1000.0,1043.0,243.0,7,-4.1
Satara APMC,2026-05-02,1000.0,1043.0,249.0,7,-4.1
Satara APMC,2026-05-03,1000.0,1021.0,249.0,7,-2.1
Satara APMC,2026-05-04,1000.0,1000.0,259.0,7,0.0
Satara APMC,2026-05-05,1000.0,1000.0,240.0,7,0.0
Satara APMC,2026-05-06,1000.0,1000.0,265.0,7,0.0
Satara APMC,2026-05-07,1000.0,1000.0,290.0,7,0.0
Satara APMC,2026-05-09,1000.0,1000.0,325.0,7,0.0
Satara APMC,2026-05-10,1100.0,1014.0,299.0,7,8.5
Satara APMC,2026-05-11,1000.0,1014.0,269.0,7,-1.4
Satara APMC,2026-05-12,1000.0,1014.0,255.0,7,-1.4
Satara APMC,2026-05-13,1150.0,1036.0,249.0,7,11.0
Satara APMC,2026-05-14,1000.0,1036.0,235.0,7,-3.4
Satara APMC,2026-05-16,1000.0,1036.0,225.0,7,-3.4
Satara APMC,2026-05-17,950.0,1029.0,209.0,7,-7.6
Satara APMC,2026-05-18,1000.0,1014.0,235.0,7,-1.4
Satara APMC,2026-05-19,1000.0,1014.0,261.0,7,-1.4
Satara APMC,2026-05-20,1000.0,1014.0,279.0,7,-1.4
Satara APMC,2026-05-21,1000.0,993.0,293.0,7,0.7
Satara APMC,2026-05-23,1000.0,993.0,299.0,7,0.7
Satara APMC,2026-05-24,1000.0,993.0,293.0,7,0.7
Satara APMC,2026-05-25,850.0,979.0,250.0,7,-13.1
Satara APMC,2026-05-26,850.0,957.0,211.0,7,-11.2
Satara APMC,2026-05-27,1000.0,957.0,192.0,7,4.5
Satara APMC,2026-05-30,1000.0,957.0,181.0,7,4.5
Satara APMC,2026-05-31,1200.0,986.0,182.0,7,21.7
Satara APMC,2026-06-01,1500.0,1057.0,167.0,7,41.9
Satara APMC,2026-06-02,1200.0,1086.0,181.0,7,10.5
Satara APMC,2026-06-04,1200.0,1136.0,242.0,7,5.7
Satara APMC,2026-06-06,1500.0,1229.0,251.0,7,22.1
Satara APMC,2026-06-07,1500.0,1300.0,265.0,7,15.4
Satara APMC,2026-06-08,1450.0,1364.0,269.0,7,6.3
Satara APMC,2026-06-09,1500.0,1407.0,270.0,7,6.6
Satara APMC,2026-06-10,1200.0,1364.0,257.0,7,-12.0
Satara APMC,2026-06-11,1200.0,1364.0,259.0,7,-12.0
Satara APMC,2026-06-13,1450.0,1400.0,211.0,7,3.6
Satara APMC,2026-06-14,1450.0,1393.0,221.0,7,4.1
Satara APMC,2026-06-15,1500.0,1393.0,199.0,7,7.7
Satara APMC,2026-06-16,1400.0,1386.0,206.0,7,1.0
Satara APMC,2026-06-17,1400.0,1371.0,177.0,7,2.1
Satara APMC,2026-06-18,1500.0,1414.0,183.0,7,6.1
Satara APMC,2026-06-20,1400.0,1443.0,169.0,7,-3.0
Satara APMC,2026-06-21,1500.0,1450.0,161.0,7,3.4
Satara APMC,2026-06-22,1150.0,1407.0,145.0,7,-18.3
Satara APMC,2026-06-23,1450.0,1400.0,146.0,7,3.6
Satara APMC,2026-06-24,1500.0,1414.0,136.0,7,6.1
Satara APMC,2026-06-25,1700.0,1457.0,153.0,7,16.7
Satara APMC,2026-06-27,1600.0,1471.0,172.0,7,8.7
Satara APMC,2026-06-28,2000.0,1557.0,169.0,7,28.4
Satara APMC,2026-06-29,2000.0,1629.0,182.0,7,22.8
Satara APMC,2026-06-30,1500.0,1679.0,174.0,7,-10.6
